timestamp,data_value
0,91
10,91
21,91
30,91
41,91
51,91
58,91
70,91
120,93
140,93
151,99
160,99
180,99
190,99
200,97
211,97
220,97
230,97
261,93
270,93
280,93
321,95
341,95
350,91
358,91
370,91
380,91
444,99
471,99
482,99
492,97
502,97
508,97
552,97
571,97
591,95
603,95
612,95
628,93
662,93
671,93
683,93
711,93
731,91
741,91
751,91
761,91
768,91
810,93
830,91
860,91
869,93
880,93
902,93
910,93
918,93
928,93
940,93
970,93
981,93
990,93
998,93
1010,93
1020,89
1028,89
1040,89
1048,89
1061,85
1070,85
1080,85
1090,85
1100,85
1108,87
1120,87
1130,87
1138,87
1150,87
1160,91
1171,91
1180,91
1190,91
1201,89
1208,89
1220,89
1230,89
1238,89
1251,93
1258,93
1268,93
1280,93
1288,93
1301,91
1308,91
1320,91
1331,91
1340,91
1348,93
1361,93
1370,93
1395,91
1420,91
1430,91
1441,91
1460,91
1474,91
1480,91
1490,91
1501,91
1510,91
1541,93
1550,93
1571,93
1582,93
1590,93
1610,93
1621,93
1633,95
1640,95
1652,95
1668,95
1678,95
1701,95
1712,95
1718,95
1732,97
1744,97
1751,97
1761,97
1771,97
1781,99
1792,99
1801,99
1808,99
1822,97
1832,97
1841,97
1852,97
1861,97
1872,93
1878,93
1892,93
1901,93
1913,93
1922,93
1932,93
1941,93
1952,93
1961,93
1971,95
1981,95
1991,95
2000,95
2011,93
2020,93
2030,93
2041,93
2051,93
2061,91
2070,91
2080,91
2088,91
2101,91
2111,93
2118,93
2128,93
2140,93
2151,93
2160,91
2171,91
2180,91
2188,91
2201,91
2211,91
2220,91
2230,91
2240,91
2251,89
2260,89
2270,89
2281,89
2290,89
2300,89
2308,89
2318,89
2330,89
2360,89
2368,89
2381,89
2391,91
2400,91
2420,91
2430,91
2470,91
2480,91
2490,93
2502,93
2510,93
2520,93
2541,91
2551,91
2581,91
2602,91
2610,91
2670,91
2694,91
2700,91
2710,91
2720,91
2740,91
2750,91
2773,93
2780,93
2790,93
2800,93
2810,93
2822,91
2831,91
2840,91
2851,91
2862,91
2870,93
2884,93
2902,93
2912,93
2922,91
2928,91
2942,91
2951,91
2971,93
2982,93
2991,93
3002,93
3022,91
3038,91
3051,91
3062,95
3091,95
3102,95
3142,93
3151,95
3162,95
3171,95
3181,95
3191,95
3201,93
3211,93
3221,93
3241,93
3250,93
3268,93
3290,93
3300,91
3312,91
3320,91
3341,93
3370,93
3380,93
3391,91
3401,91
3421,91
3430,91
3438,95
3451,95
3460,95
3470,95
3501,95
3520,95
3530,95
3541,95
3548,95
3562,95
3571,95
3581,93
3590,93
3611,93
3618,93
3631,93
3648,93
3658,93
3671,93
3681,91
3691,91
3700,91
3710,91
3720,91
3741,93
3791,93
3801,93
3821,93
3830,93
3840,93
3860,93
3871,93
3881,93
3888,93
3901,93
3910,93
3920,93
3928,93
3970,91
4000,91
4020,91
4030,91
4040,91
4063,89
4070,89
4081,89
4122,89
4132,89
4168,91
4193,91
4202,91
4212,91
4221,91
4241,91
4272,91
4312,93
4332,93
4352,93
4361,93
4372,93
4392,93
4401,93
4460,93
4470,93
4530,93
4540,91
4548,91
4561,91
4568,91
4590,93
4610,93
4621,93
4648,91
4661,91
4668,91
4680,93
4688,93
4700,93
4728,91
4741,91
4750,91
4761,91
4771,93
4780,93
4798,93
4810,93
4821,93
4830,93
4840,93
4860,93
4870,95
4880,95
4890,95
4902,95
4910,95
4920,93
4928,93
4968,93
4980,93
5000,93
5011,93
5040,93
5050,93
5061,93
5070,93
5080,93
5088,93
5108,93
5130,93
5150,93
5160,93
5170,93
5183,93
5190,93
5202,91
5210,91
5220,91
5230,91
5242,91
5252,93
5264,93
5270,93
5280,93
5291,93
5298,93
5311,93
5322,93
5328,93
5352,93
5372,93
5398,91
5442,93
5451,93
5492,91
5502,91
5542,91
5563,91
5572,91
5591,91
5631,93
5661,93
5701,91
5730,93
5762,93
5870,91
5890,91
5900,91
5942,93
5968,93
6070,91
6080,91
6148,93
6160,91
6180,91
6188,91
6241,91
6264,93
6270,93
6320,93
6330,93
6350,93
6380,93
6410,91
6430,91
6461,93
6473,93
6492,93
6502,93
6521,93
6568,93
6582,93
6592,93
6661,93
6742,93
6758,93
6801,93
6811,93
6821,93
6831,93
6841,93
6871,93
6910,93
6931,91
6971,93
6990,93
6998,93
7011,91
7061,93
7070,93
7090,93
7131,91
7171,93
7180,93
7228,93
7258,93
7270,93
7280,93
7290,93
7301,91
7310,91
7320,91
7330,91
7341,91
7350,91
7370,91
7380,91
7391,93
7398,93
7411,93
7420,93
7431,93
7441,93
7451,93
7460,93
7470,93
7480,93
7510,93
7531,93
7540,93
7550,93
7563,93
7571,93
7580,93
7590,95
7598,95
7610,95
7620,95
7640,95
7650,95
7662,95
7674,95
7679,97
7710,97
7733,95
7742,95
7750,95
7758,95
7771,95
7782,97
7791,97
7802,97
7811,97
7822,97
7842,95
7848,95
7862,95
7882,91
7902,91
7932,93
7942,93
7952,93
7962,93
7981,91
7991,91
8002,91
8011,91
8021,93
8031,93
8042,93
8050,93
8061,93
8070,93
8081,93
8090,93
8101,93
8111,93
8119,93
8131,93
8141,93
8161,91
8170,91
8190,91
8211,93
8230,93
8240,93
8248,93
8260,89
8268,89
8318,93
8330,93
8360,91
8380,91
8412,93
8421,93
8431,93
8450,91
8501,95
8542,93
8550,93
8558,93
8580,93
8610,93
8621,93
8640,91
8660,91
8710,93
8718,93
8735,89
8750,89
8788,93
8798,93
8818,93
8841,91
8850,91
8880,93
8890,93
8932,93
8952,93
8961,93
9003,95
9022,93
9032,93
9041,93
9052,93
9061,93
9068,95
9081,95
9092,95
9121,91
9132,91
9141,91
9152,91
9161,93
9172,93
9181,93
9192,93
9203,93
9212,91
9221,91
9231,91
9241,91
9251,91
9261,93
9271,93
9281,93
9291,93
9301,93
9311,95
9321,95
9331,95
9340,95
9350,95
9358,95
9370,95
9381,95
9392,95
9402,93
9408,93
9421,93
9430,93
9440,93
9448,93
9460,93
9470,93
9480,93
9490,93
9502,91
9510,91
9518,91
9530,91
9541,91
9550,93
9562,93
9571,93
9580,93
9592,93
9600,93
9610,93
9620,93
9630,93
9638,93
9650,93
9661,93
9670,93
9680,93
9690,91
9701,91
9710,91
9718,91
9730,91
9738,91
9750,91
9760,91
9771,91
9781,89
9790,89
9800,89
9810,89
9821,89
9830,89
9840,89
9851,89
9860,89
9871,89
9881,89
9888,89
9901,89
9910,89
9920,89
9931,93
9938,93
9950,93
9960,93
9973,97
9981,97
9990,97
10000,97
10011,97
10023,97
10030,97
10043,97
10050,97
10062,97
10072,97
10082,97
10092,97
10100,97
10110,97
10120,95
10132,95
10142,95
10151,95
10162,95
10173,91
10182,91
10192,91
10202,91
10212,93
10222,93
10228,93
10242,93
10248,93
10263,91
10271,91
10278,91
10291,91
10302,91
10311,93
10322,93
10332,93
10343,93
10348,93
10362,89
10372,89
10383,89
10391,89
10402,93
10411,93
10422,93
10431,93
10441,93
10451,91
10461,91
10471,91
10481,91
10488,91
10503,95
10510,95
10521,95
10530,95
10541,95
10548,91
10562,91
10568,91
10580,91
10594,91
10600,91
10611,91
10620,91
10630,91
10642,91
10648,91
10660,91
10671,91
10681,91
10690,93
10701,93
10710,93
10720,93
10730,93
10738,91
10750,91
10758,91
10772,91
10779,93
10790,93
10800,93
10810,93
10821,93
10831,89
10840,89
10848,89
10861,89
10870,89
10880,91
10891,91
10901,91
10910,91
10920,91
10930,89
10938,89
10948,89
10961,89
10972,93
10978,93
10988,93
10998,93
11010,93
11021,91
11030,91
11038,91
11048,91
11061,91
11070,93
11081,93
11091,93
11100,93
11110,93
11120,91
11130,91
11140,91
11150,91
11163,93
11170,93
11181,93
11190,93
11200,93
11209,91
11221,91
11228,91
11238,91
11253,91
11262,93
11268,93
11278,93
11288,93
11300,93
11310,91
11318,91
11332,91
11341,91
11353,95
11364,95
11372,95
11382,95
11388,95
11399,93
11412,93
11421,93
11432,93
11438,93
11452,95
11462,95
11472,95
11481,95
11492,95
11503,93
11512,93
11521,93
11533,93
11542,93
11548,95
11558,95
11568,95
11582,95
11592,93
11604,93
11612,93
11621,93
11631,93
11641,95
11651,95
11661,95
11673,95
11681,95
11691,97
11700,97
11711,97
11720,97
11731,97
11740,95
11751,95
11760,95
11772,95
11780,95
11791,93
11801,93
11808,93
11820,93
11831,93
11841,93
11851,93
11861,93
11870,93
11879,91
11891,91
11898,91
11910,91
11920,91
11930,93
11942,93
11950,93
11958,93
11970,93
11981,91
11991,91
12000,91
12011,91
12021,93
12028,93
12040,93
12050,93
12060,93
12071,93
12080,93
12090,93
12100,93
12110,93
12120,95
12131,95
12140,95
12150,95
12160,95
12170,93
12178,93
12190,93
12200,93
12211,89
12220,89
12230,89
12238,89
12251,89
12262,89
12268,89
12281,89
12290,89
12300,89
12310,93
12320,93
12331,93
12340,93
12350,93
12360,93
12371,93
12381,93
12390,93
12400,93
12410,93
12421,93
12428,93
12440,93
12452,93
12460,93
12470,93
12480,93
12490,93
12499,93
12508,93
12520,93
12532,93
12543,93
12552,93
12558,93
12572,93
12582,93
12591,93
12602,93
12612,93
12622,93
12628,93
12642,93
12654,91
12658,91
12671,91
12682,91
12689,93
12702,93
12711,93
12718,93
12731,93
12742,95
12751,95
12758,95
12771,95
12782,95
12791,95
12802,95
12811,95
12822,95
12831,95
12844,93
12851,93
12861,93
12871,93
12881,93
12891,93
12901,93
12911,93
12921,93
12932,93
12942,93
12950,93
12960,93
12971,93
12981,93
12990,93
13000,93
13010,93
13020,93
13031,93
13038,93
13050,93
13061,93
13068,93
13080,93
13091,93
13100,93
13110,93
13121,93
13128,93
13141,93
13150,93
13160,93
13172,93
13178,93
13190,93
13198,93
13208,93
13221,93
13251,93
13261,93
13269,93
13290,93
13308,93
13318,93
13331,93
13340,93
13350,93
13361,93
13388,93
13411,91
13430,91
13450,91
13471,91
13491,91
13510,91
13521,91
13531,91
13540,91
13590,91
13618,93
13670,93
13680,93
13693,93
13701,93
13710,93
13722,93
13742,93
13801,95
13822,95
13832,95
13843,93
13892,93
13922,93
13932,95
13941,95
13961,95
14033,97
14041,97
14052,97
14061,97
14072,97
14112,99
14121,99
14131,97
14138,97
14152,97
14158,97
14171,95
14191,95
14221,93
14241,93
14251,93
14261,93
14270,93
14278,93
14290,93
14300,93
14331,93
14378,99
14430,95
14470,95
14521,93
14562,91
14578,91
14611,91
14638,91
14660,91
14681,91
14688,91
14702,91
14708,91
14720,91
14750,91
14761,91
14770,91
14831,91
14841,93
14860,93
14870,93
14912,91
14920,91
14932,91
14942,91
14952,91
14982,85
14991,85
14998,85
15052,91
15062,91
15071,91
15091,91
15103,91
15108,91
15123,93
15131,93
15143,93
15151,93
15162,93
15172,91
15182,91
15222,91
15242,91
15251,91
15261,95
15271,95
15283,95
15292,95
15302,95
15321,93
15351,93
15361,97
15411,95
15421,95
15430,95
15470,97
15501,93
15510,93
15530,93
15541,93
15550,93
15562,93
15571,93
15581,93
15590,93
15620,93
15630,93
15651,93
15701,97
15770,97
15792,97
15800,97
15810,97
15821,97
15840,95
15851,95
15861,95
15870,95
15880,95
15891,93
15910,93
15950,91
15960,91
16021,91
16080,91
16108,91
16148,93
16180,93
16221,93
16228,93
16241,93
16262,93
16282,91
16288,91
16302,91
16321,89
16352,89
16372,89
16392,89
16412,89
16421,89
16432,89
16472,89
16491,89
16531,93
16541,93
16551,93
16558,93
16611,93
16630,93
16641,91
16651,91
16660,91
16670,91
16682,91
16691,91
16701,91
16710,91
16720,91
16743,91
16761,91
16790,89
16800,89
16811,89
16831,89
16840,89
16851,89
16860,89
16870,89
16920,93
16991,95
17000,95
17021,95
17041,95
17050,95
17071,95
17080,95
17101,95
17121,93
17128,93
17138,93
17181,93
17190,93
17200,93
17211,93
17230,93
17240,93
17268,95
17280,95
17320,93
17338,93
17351,93
17362,95
17382,95
17412,91
17432,91
17462,93
17492,93
17508,101
17522,101
17542,101
17558,97
17582,97
17591,97
17604,97
17682,95
17702,91
17722,91
17731,91
17821,89
17861,93
17910,91
17931,91
17940,93
17948,93
17971,93
17979,93
18031,93
18041,93
18051,93
18070,93
18080,89
18091,89
18118,89
18130,87
18138,87
18148,87
18171,87
18201,87
18250,91
18260,91
18378,93
18390,93
18418,95
18450,95
18501,93
18510,95
18612,95
18641,95
18652,91
18661,91
18681,91
18722,95
18831,97
18872,99
18881,99
18902,97
18913,97
18933,97
18941,97
18951,97
18991,95
19020,95
19030,95
19041,91
19060,91
19081,93
19110,93
19132,91
19141,91
19160,91
19190,93
19221,93
19230,89
19241,89
19261,89
19271,89
19280,89
19361,89
19368,89
19382,89
19411,89
19421,89
19462,93
19468,93
19482,93
19511,91
19531,91
19541,91
19550,91
19608,89
19631,89
19640,89
19661,93
19680,93
19701,91
19721,91
19731,91
19763,95
19788,93
19811,93
19822,93
19831,93
19842,95
19852,95
19865,95
19868,95
19931,91
19951,95
19982,95
20012,93
20032,95
20043,95
20052,95
20062,95
20068,95
20092,95
20142,95
20151,95
20161,95
20181,95
20201,95
20211,95
20260,95
20273,91
20280,91
20322,93
20330,93
20338,93
20380,93
20400,93
20421,93
20431,93
20441,93
20470,93
20478,93
20491,93
20531,95
20551,95
20589,91
20651,95
20661,91
20668,91
20701,93
20718,93
20731,93
20741,93
20751,85
20761,85
20830,83
20851,83
20861,83
20888,87
20941,89
20951,89
20990,85
21002,85
21010,85
21022,85
21029,81
21042,81
21052,81
21062,81
21101,71
21121,71
21139,67
21152,67
21162,67
21173,67
21182,69
21202,69
21212,69
21232,79
21284,89
21301,89
21321,89
21391,95
21401,95
21450,95
21463,95
21471,95
21481,97
21510,97
21520,97
21531,97
21541,99
21551,99
21562,99
21580,99
21588,103
21649,107
21680,107
21710,109
21741,111
21750,111
21770,111
21851,113
21861,113
21898,121
21921,121
21942,121
21971,121
21981,121
22000,117
22030,117
22061,117
22071,117
22080,117
22088,117
22100,117
22111,117
22130,117
22171,117
22190,117
22201,117
22212,117
22240,117
22262,117
22271,117
22323,113
22372,109
22382,109
22403,107
22451,107
22511,105
22521,105
22531,105
22551,103
22572,103
22581,103
22602,97
22621,97
22631,97
22642,95
22661,95
22688,91
22721,91
22732,85
22740,85
22750,85
22771,85
22841,79
22848,79
22861,79
22901,81
22910,81
22941,83
22971,85
23001,85
23011,85
23052,85
23061,85
23091,85
23118,85
23221,85
23230,85
23261,83
23271,83
23281,83
23301,83
23320,83
23331,85
23341,85
23350,85
23369,91
23381,91
23400,91
23452,95
23462,95
23483,97
23492,97
23532,97
23552,97
23581,95
23652,95
23683,97
23688,97
23702,97
23712,97
23751,99
23772,99
23791,99
23801,97
23818,97
23840,97
23881,97
23889,95
23910,95
23921,95
23939,95
23950,95
23962,95
23990,95
24021,95
24070,95
24180,93
24271,93
24301,93
24480,93
24491,93
24531,95
24571,97
24581,97
24590,97
24621,99
24630,99
24771,95
24822,95
24832,95
24852,93
24858,93
24882,93
24922,95
25022,95
25031,93
25081,95
25110,95
25121,93
25131,93
25161,93
25178,93
25212,93
25231,93
25320,93
25441,93
25480,97
25510,95
25601,97
25621,97
25630,97
25661,99
25670,99
25701,99
25711,99
25720,99
25750,99
25771,99
25781,99
25789,97
25801,97
25811,97
25830,97
25839,97
25851,97
25860,97
25870,97
25880,97
25902,95
25912,95
25921,95
25928,95
25942,95
25961,95
25983,93
25992,93
26002,93
26012,93
26063,95
26082,93
26092,93
26112,93
26152,93
26163,93
26181,93
26201,93
26212,93
26221,95
26231,95
26241,95
26261,95
26271,95
26280,95
26291,95
26300,95
26331,97
26348,97
26361,97
26390,95
26400,95
26470,95
26562,95
26621,97
26660,95
26710,95
26730,95
26761,93
26781,93
26821,95
26841,93
26880,93
26901,95
26908,95
26921,95
26931,95
26951,93
26960,93
26971,93
26988,95
27000,95
27020,95
27029,95
27060,95
27072,95
27081,97
27088,97
27118,97
27132,95
27188,97
27202,97
27282,93
27291,93
27382,95
27391,95
27403,95
27412,97
27422,97
27433,97
27442,97
27491,97
27521,99
27569,97
27602,97
27610,95
27630,95
27661,97
27680,97
27691,97
27702,95
27718,95
27731,95
27750,95
27761,95
27771,95
27778,95
27830,95
27931,93
28021,91
28091,93
28111,93
28131,95
28169,95
28178,95
28209,95
28240,97
28251,97
28280,97
28322,97
28342,97
28348,97
28361,97
28382,95
28401,95
28421,97
28433,97
28441,97
28462,95
28492,95
28532,97
28538,97
28552,97
28563,95
28572,95
28582,95
28594,95
28612,95
28631,95
28662,93
28691,93
28721,97
28781,93
28858,99
28893,97
28901,97
28941,97
28961,97
28981,97
28998,97
29018,97
29081,95
29091,95
29151,95
29161,95
29169,95
29191,95
29200,95
29241,93
29271,93
29288,93
29331,93
29341,93
29348,93
29360,93
29418,93
29453,93
29513,95
29552,95
29622,95
29649,97
29658,97
29682,97
29703,95
29711,95
29758,93
29782,93
29802,93
29822,93
29842,95
29921,95
30001,95
30041,97
30049,97
30081,97
30091,99
30110,99
30118,99
30150,97
30171,97
30191,99
30200,99
30211,99
30271,97
30281,97
30291,97
30329,95
30381,95
30391,95
30400,95
30409,95
30428,95
30510,95
30581,93
30600,93
30621,95
30640,95
30651,95
30659,95
30681,95
30719,95
30733,95
30762,95
30774,95
30782,95
30803,95
30822,95
30832,95
30862,95
30868,95
30892,95
30912,95
30932,95
30982,95
31012,95
31091,95
31142,95
31160,95
31182,95
31281,95
31321,95
31330,95
31341,95
31351,95
31360,95
31370,93
31381,93
31388,93
31401,93
31411,93
31421,95
31431,95
31441,95
31451,95
31461,95
31468,95
31481,95
31501,95
31509,95
31518,93
31551,93
31600,95
31630,95
31661,97
31701,97
31741,97
31799,97
31928,93
32002,95
32242,95
32301,95
32311,95
32331,95
32382,95
32431,95
32451,95
32489,95
32521,95
32562,95
32621,95
32640,95
32651,95
32661,95
32670,95
32691,95
32731,95
32849,93
32881,93
32910,93
32931,93
32942,93
33091,97
33111,97
33120,97
33133,97
33143,97
33239,93
33342,95
33442,95
33459,97
33542,95
33661,97
33691,97
33731,95
33752,97
33781,97
33831,97
33891,97
33939,95
33961,95
34021,93
34132,99
34158,97
34261,95
34348,93
34408,93
34420,95
34532,95
34542,95
34592,93
34602,93
34682,93
34711,91
34751,91
34771,91
34851,93
34872,93
34901,95
34921,95
34971,93
34981,93
35021,97
35051,95
35062,95
35071,95
35131,97
35142,103
35198,101
35232,101
35291,97
35321,97
35371,99
35381,97
35391,97
35411,97
35451,99
35481,97
35501,97
35511,97
35529,95
35558,95
35652,93
35733,91
35762,95
35782,95
35801,95
35812,93
35841,93
35861,95
35872,95
35881,95
35892,95
35971,93
36211,93
36251,97
36261,97
36301,95
36331,97
36390,95
36431,97
36471,95
36491,95
36621,97
36680,97
36712,97
36741,97
36752,97
36781,93
36803,93
36819,95
36842,95
36852,95
36882,93
36942,95
36992,93
37022,93
37201,91
37232,91
37252,91
37331,93
37341,93
37390,95
37431,97
37451,97
37481,97
37508,97
37563,95
37641,95
37771,97
37802,97
37851,99
37868,99
37901,97
37911,97
37931,97
37948,97
37971,97
37993,95
38013,95
38062,97
38112,95
38198,93
38262,95
38292,93
38531,95
38541,95
38571,93
38630,93
38661,93
38671,93
38691,93
38708,93
38751,93
38790,93
38801,95
38921,95
38960,93
39021,95
39181,95
39202,95
39233,93
39282,97
39292,97
39302,97
39312,97
39362,99
39412,99
39442,97
39482,95
39512,93
39545,93
39619,97
39631,97
39643,97
39701,95
39731,95
39741,95
39771,95
39781,95
39841,95
39881,95
39901,93
39931,93
39950,95
39961,95
39998,93
40041,93
40082,93
40141,93
40211,93
40221,93
40341,95
40381,95
40442,97
40582,97
40771,95
40811,95
40901,95
40908,95
40978,95
40998,95
41011,95
41021,95
41031,95
41051,95
41151,95
41158,95
41231,95
41359,95
41471,95
41481,95
41520,97
41564,97
41569,97
41581,97
41604,97
41672,95
41710,95
41732,95
41824,95
41831,95
41842,95
41892,97
41911,99
41972,97
42221,95
42240,95
42289,93
42308,93
42431,93
42521,91
42551,91
42641,93
42741,95
42760,95
42798,95
42853,95
42962,95
43191,99
43241,97
43331,95
43441,93
43491,95
43600,91
43611,93
43671,91
43718,93
43731,93
43868,91
43971,91
44039,95
44092,95
44132,95
44183,95
44222,93
44249,93
44352,95
44371,95
44411,97
44481,95
44511,97
44681,97
44761,95
44832,95
44861,95
44871,95
44921,95
45041,95
45061,95
45080,95
45151,95
45198,91
45221,93
45312,91
45342,91
45422,93
45428,93
45442,93
45478,95
45522,95
45542,97
45572,97
45582,97
45601,95
45621,95
45632,97
45721,95
45751,97
45811,99
45901,97
45962,97
45971,95
46121,99
46139,99
46149,99
46162,105
46181,105
46211,99
46221,99
46241,99
46281,97
46291,97
46351,95
46463,93
46471,93
46491,93
46722,91
46751,93
46762,93
46782,95
46792,95
46802,95
46891,93
46932,93
46971,95
46981,95
47078,95
47191,97
47241,97
47271,97
47319,95
47391,97
47401,97
47431,97
47461,97
47471,97
47498,97
47511,97
47521,97
47542,99
47634,97
47682,89
47702,89
47708,89
47743,81
47822,77
47833,77
47842,77
47853,77
47872,79
47879,79
47892,79
47914,89
47952,89
47962,91
47982,91
48032,87
48042,87
48111,81
48152,81
48181,81
48189,81
48241,87
48281,91
48321,91
48341,95
48348,95
48361,95
48372,89
48381,89
48391,89
48401,89
48409,89
48421,91
48431,91
48441,91
48461,91
48491,89
48501,89
48521,95
48529,95
48551,95
48598,93
48611,93
48631,93
48641,93
48651,93
48661,95
48681,95
48731,95
48741,95
48782,97
48792,97
48809,95
48821,95
48849,91
48881,91
48902,89
48908,89
48959,89
48992,91
49002,91
49043,91
49122,89
49133,91
49143,91
49152,91
49172,89
49182,89
49212,89
49312,89
49361,87
49381,87
49411,91
49441,91
49631,89
49711,91
49781,93
49872,95
49931,97
49991,93
50041,89
50063,91
50101,91
50111,93
50121,93
50182,93
50192,93
50222,95
50233,95
50242,95
50259,101
50273,101
50282,101
50322,97
50333,97
50342,97
50384,95
50412,95
50421,95
50441,95
50459,91
50481,91
50489,93
50511,93
50521,93
50561,91
50581,91
50611,93
50621,93
50628,93
50672,91
50682,93
50701,93
50721,93
50741,91
50779,89
50791,89
50841,89
50861,89
50891,87
50901,87
50911,87
50932,91
50942,91
50991,91
51041,91
51062,93
51071,93
51081,93
51111,93
51125,93
51151,93
51181,93
51203,93
51231,93
51241,93
51251,93
51261,93
51271,93
51291,93
51303,91
51312,91
51332,91
51340,93
51359,93
51372,93
51383,93
51402,91
51422,91
51432,91
51442,95
51503,93
51519,93
51542,95
51558,95
51571,95
51584,93
51593,93
51603,93
51612,93
51631,95
51662,95
51702,93
51731,95
51770,93
51821,93
51831,93
51859,93
51881,91
51962,91
51979,91
51991,91
52001,91
52021,95
52028,95
52041,95
52052,95
52071,99
52080,99
52091,99
52099,99
52121,97
52141,97
52201,95
52211,95
52221,95
52239,95
52262,93
52269,93
52280,93
52301,93
52361,89
52381,89
52432,87
52442,87
52478,87
52502,91
52511,91
52522,91
52573,91
52609,93
52623,93
52642,91
52662,91
52672,91
52682,85
52693,85
52703,85
52713,85
52733,89
52743,89
52749,89
52773,91
52782,91
52792,91
52822,91
52832,91
52872,93
52991,93
53001,93
53019,93
53041,93
53071,95
53081,95
53102,97
53111,97
53198,95
53212,95
53231,95
53241,95
53251,95
53261,95
53293,93
53311,93
53339,95
53351,95
53361,95
53401,93
53439,93
53451,93
53461,93
53481,93
53491,93
53501,93
53511,93
53532,93
53541,93
53551,93
53564,93
53571,93
53631,93
53651,93
53671,93
53701,91
53711,91
53743,85
53769,89
53784,89
53802,89
53823,91
53849,91
53882,91
53962,91
53973,91
54002,91
54012,91
54032,91
54071,91
54091,91
54122,93
54131,93
54161,93
54174,93
54211,93
54221,93
54242,91
54262,91
54271,91
54301,93
54311,93
54341,93
54362,93
54382,95
54433,93
54451,93
54501,93
54551,95
54563,95
54589,95
54600,95
54631,95
54641,95
54651,95
54661,95
54691,97
54722,97
54732,97
54741,97
54771,95
54782,95
54791,95
54831,95
54881,93
54891,93
54921,93
54931,93
54951,93
54973,93
54992,93
54998,93
55013,91
55019,91
55053,93
55082,93
55103,93
55122,93
55159,93
55172,93
55182,93
55212,93
55242,93
55252,93
55262,93
55272,93
55292,93
55301,93
55312,93
55331,93
55351,91
55361,91
55391,89
55401,89
55421,89
55432,89
55461,89
55470,89
55489,91
55512,91
55541,93
55562,93
55581,93
55601,93
55622,93
55631,93
55641,93
55671,93
55678,93
55691,93
55731,93
55771,95
55781,95
55801,95
55812,95
55829,95
55842,95
55851,95
55862,95
55870,95
55901,95
55909,93
55921,93
55931,93
55941,93
55961,93
55971,93
55981,93
56011,93
56041,93
56052,93
56183,93
56193,93
56223,93
56229,93
56239,93
56271,93
56283,93
56304,93
56319,93
56343,93
56352,93
56362,93
56372,93
56383,93
56404,93
56409,93
56423,93
56452,95
56462,95
56472,95
56483,93
56491,93
56531,93
56591,91
56641,91
56651,91
56671,91
56692,91
56731,93
56750,93
56760,93
56771,93
56789,93
56821,93
56861,93
56889,93
56921,93
56941,93
56951,93
56961,93
56982,93
56991,93
57041,93
57051,89
57061,89
57072,89
57092,85
57141,83
57161,83
57171,83
57179,83
57191,89
57201,89
57229,93
57282,95
57291,95
57301,95
57351,95
57371,95
57381,97
57393,97
57401,97
57413,97
57492,93
57502,93
57513,93
57533,91
57543,91
57553,91
57583,91
57622,93
57642,93
57672,93
57682,93
57701,93
57761,93
57781,93
57801,93
57831,93
57870,93
57881,93
57891,93
57899,91
57961,91
57981,91
58059,91
58101,93
58131,93
58151,97
58169,97
58201,97
58211,97
58231,97
58251,95
58261,95
58289,95
58341,93
58392,93
58421,93
58451,93
58500,93
58522,93
58551,93
58564,93
58571,93
58583,93
58592,93
58612,91
58632,91
58642,91
58652,91
58659,87
58673,87
58692,87
58723,91
58732,91
58785,89
58789,89
58823,91
58864,93
58873,93
58882,93
58911,93
58942,93
59061,93
59102,93
59111,93
59141,95
59161,95
59171,95
59211,95
59221,95
59231,95
59252,95
59292,95
59351,95
59361,95
59391,93
59411,93
59451,93
59512,93
59532,93
59601,95
59619,95
59631,95
59681,95
59741,93
59771,93
59822,93
59902,93
59933,93
59962,93
59993,93
60002,93
60032,93
60095,93
60112,93
60122,93
60132,91
60161,91
60192,89
60269,89
60281,89
60301,89
60321,91
60342,91
60351,91
60390,93
60421,93
60431,93
60440,93
60479,91
60562,93
60581,93
60591,93
60602,93
60621,93
60652,93
60679,93
60691,93
60721,95
60751,93
60761,93
60781,93
60822,95
60880,97
60901,99
60941,97
61003,95
61053,93
61063,93
61092,93
61112,93
61123,93
61203,95
61224,95
61232,95
61272,93
61293,93
61302,93
61312,93
61332,93
61340,93
61351,93
61383,91
61392,91
61442,93
61451,93
61462,89
61480,89
61491,89
61511,87
61531,87
61541,87
61569,87
61579,87
61589,87
61622,85
61641,85
61661,89
61691,89
61711,91
61750,93
61771,93
61781,93
61792,95
61821,95
61841,93
61849,93
61868,93
61911,93
61951,91
61962,91
61971,91
61990,93
62031,91
62041,91
62061,91
62069,91
62101,93
62119,93
62143,93
62169,93
62231,91
62249,91
62272,95
62282,95
62302,95
62354,99
62362,97
62373,97
62392,97
62422,95
62462,95
62472,95
62482,95
62492,95
62502,95
62512,93
62533,93
62582,95
62592,95
62602,91
62631,91
62661,93
62741,91
62751,93
62781,93
62880,93
62969,91
62991,91
63001,91
63011,91
63021,91
63061,91
63081,91
63123,93
63151,93
63181,91
63192,91
63202,91
63251,89
63271,89
63281,89
63291,89
63309,91
63339,91
63351,91
63362,93
63383,93
63391,93
63421,95
63440,95
63453,95
63472,95
63523,97
63543,97
63564,93
63592,93
63612,95
63639,93
63662,93
63722,95
63743,97
63752,97
63782,97
63791,97
63802,97
63822,97
63831,97
63889,95
63909,95
63930,93
63961,93
63971,93
63979,93
64001,93
64021,93
64029,91
64041,91
64161,91
64172,93
64242,91
64263,89
64301,89
64321,91
64332,91
64341,91
64351,91
64381,93
64411,93
64422,93
64480,97
64491,97
64529,93
64571,95
64591,95
64601,93
64614,93
64642,93
64661,89
64670,89
64679,89
64702,91
64710,91
64722,91
64742,93
64762,93
64773,93
64782,93
64802,91
64825,91
64853,93
64883,93
64893,93
64902,93
64933,95
64942,95
64952,95
64984,93
65041,95
65051,95
65061,95
65072,93
65082,93
65091,93
65129,95
65141,95
65160,95
65201,93
65231,95
65242,95
65271,93
65279,93
65389,89
65411,87
65421,87
65431,87
65451,89
65461,89
65469,89
65501,93
65521,93
65529,93
65565,95
65571,95
65601,95
65661,95
65671,95
65691,95
65699,95
65719,95
65791,93
65823,93
65871,91
65883,93
65946,91
65983,95
66003,95
66013,95
66073,95
66083,95
66103,95
66112,95
66143,97
66162,97
66202,97
66212,97
66223,93
66251,93
66291,93
66302,93
66321,91
66422,93
66452,95
66491,95
66502,93
66511,93
66521,93
66531,93
66541,93
66551,95
66563,95
66581,95
66619,91
66662,93
66692,91
66731,91
66741,91
66761,91
66809,91
66861,93
66871,93
66889,93
66972,93
66982,93
67023,93
67041,93
67051,93
67061,93
67102,91
67122,93
67134,93
67173,91
67199,91
67222,93
67232,93
67242,93
67253,93
67264,91
67272,91
67293,91
67333,95
67362,95
67402,97
67432,97
67452,95
67461,95
67472,95
67481,95
67581,91
67589,89
67611,89
67649,89
67719,91
67732,93
67761,93
67782,93
67791,93
67801,93
67841,95
67851,95
67870,95
67892,95
67961,93
68013,93
68022,93
68031,93
68042,93
68052,93
68081,95
68091,95
68101,95
68111,95
68121,95
68141,95
68165,95
68190,93
68199,93
68219,93
68231,93
68241,93
68299,93
68323,93
68352,93
68373,91
68383,91
68403,93
68464,91
68472,91
68583,91
68592,93
68612,93
68642,93
68663,93
68682,93
68701,93
68759,93
68781,93
68811,95
68841,91
68850,91
68869,91
68891,93
68901,93
68931,93
68941,93
69001,95
69049,93
69072,93
69099,93
69110,93
69119,91
69129,91
69142,91
69161,91
69171,93
69191,93
69251,93
69271,95
69312,93
69322,93
69361,95
69371,95
69381,95
69429,91
69440,91
69469,93
69479,93
69500,91
69529,91
69573,97
69634,97
69642,97
69653,97
69682,97
69693,97
69719,97
69762,97
69773,97
69783,97
69793,93
69822,93
69843,95
69873,95
69881,95
69911,91
69930,93
69951,93
69959,93
69971,93
69983,91
70011,91
70021,91
70029,93
70039,93
70089,91
70110,91
70131,95
70141,95
70150,95
70189,93
70221,93
70252,93
70261,93
70312,93
70319,93
70339,93
70362,93
70390,93
70411,95
70421,95
70431,95
70451,95
70492,93
70502,95
70521,95
70531,95
70542,95
70552,93
70564,93
70581,93
70591,93
70599,93
70621,93
70671,97
70689,97
70709,97
70733,97
70744,97
70750,97
70799,95
70819,95
70844,95
70882,95
70935,95
70963,93
70983,95
71002,95
71071,93
71092,95
71111,95
71141,93
71151,93
71181,97
71199,97
71242,97
71261,97
71292,97
71309,97
71321,95
71332,95
71341,95
71351,95
71371,95
71379,95
71389,95
71421,93
71462,95
71492,95
71511,93
71521,93
71541,93
71572,93
71602,93
71639,93
71670,95
71691,95
71702,93
71731,93
71762,95
71771,95
71781,95
71811,93
71819,93
71839,93
71851,93
71859,93
71903,93
71919,93
71939,93
71954,93
71993,93
72013,93
72029,97
72042,97
72063,97
72073,97
72112,95
72133,97
72153,97
72173,95
72193,95
72202,95
72242,95
72292,93
72302,93
72312,93
72321,95
72332,95
72371,93
72382,93
72432,95
72451,95
72462,95
72470,95
72509,95
72521,95
72542,95
72560,95
72572,95
72581,95
72601,95
72622,95
72629,95
72641,95
72671,95
72702,95
72711,95
72750,97
72761,97
72781,97
72800,95
72852,97
72882,97
72893,95
72929,95
72981,95
73040,93
73061,93
73085,91
73141,93
73151,93
73161,93
73173,93
73179,95
73282,95
73312,95
73332,95
73359,95
73373,95
73392,95
73452,95
73464,95
73473,95
73483,95
73502,95
73512,95
73542,95
73551,95
73571,97
73582,97
73604,97
73611,97
73622,97
73629,97
73673,95
73681,95
73781,95
73789,95
73840,95
73862,93
73879,93
73901,95
73921,95
73931,95
73951,93
73999,95
74012,95
74043,99
74051,99
74071,99
74079,99
74092,97
74102,97
74112,97
74121,97
74131,97
74142,95
74152,95
74161,95
74171,95
74179,95
74189,95
74222,95
74235,95
74251,95
74262,95
74283,97
74303,97
74351,103
74373,103
74382,97
74413,97
74462,95
74513,93
74533,91
74553,91
74573,91
74593,91
74603,91
74642,93
74672,95
74682,95
74703,95
74781,97
74791,97
74801,97
74812,95
74830,95
74839,95
74859,89
74871,89
74882,89
74911,91
74921,91
74931,91
74939,91
74961,93
75021,95
75042,95
75069,97
75080,97
75090,101
75119,101
75143,97
75161,97
75172,97
75191,95
75201,95
75241,95
75249,95
75259,95
75281,95
75301,93
75321,93
75389,93
75422,93
75431,95
75441,95
75464,95
75492,95
75511,95
75559,95
75583,93
75623,95
75683,93
75703,93
75713,95
75723,95
75735,95
75743,95
75772,95
75802,95
75829,97
75882,97
75912,97
75950,95
75962,95
75972,95
75991,95
76021,93
76041,93
76071,91
76152,93
76201,95
76231,95
76261,93
76291,95
76341,93
76351,93
76383,95
76421,95
76431,93
76442,93
76461,93
76492,95
76501,95
76511,95
76622,97
76682,97
76711,97
76721,99
76732,99
76749,99
76779,97
76802,97
76823,95
76843,95
76853,95
76859,95
76933,95
76952,95
76962,93
77003,93
77029,93
77072,93
77102,93
77112,93
77122,93
77132,93
77162,95
77201,103
77292,97
77311,97
77321,97
77331,97
77351,95
77382,95
77402,93
77422,93
77432,93
77441,93
77471,93
77482,93
77491,93
77531,93
77581,93
77591,93
77631,93
77662,93
77711,91
77742,93
77761,93
77821,95
77851,95
77863,95
77881,95
77891,95
77901,95
77911,97
77922,97
77973,97
77991,97
78013,97
78034,97
78043,97
78092,97
78112,97
78145,97
78152,95
78163,95
78173,95
78183,95
78192,95
78232,97
78272,97
78282,97
78343,95
78352,95
78362,95
78372,95
78382,95
78392,95
78404,95
78411,95
78431,95
78452,93
78482,93
78501,93
78541,93
78550,93
78563,93
78589,93
78621,93
78642,93
78652,93
78661,93
78682,93
78692,93
78811,95
78871,97
78879,97
78902,97
78921,97
78942,97
78981,95
79001,95
79022,93
79039,93
79062,87
79071,87
79081,87
79091,87
79111,89
79119,89
79162,93
79181,93
79234,93
79243,97
79249,97
79273,97
79282,97
79294,99
79323,99
79334,99
79353,97
79373,97
79383,97
79423,95
79432,95
79442,95
79455,95
79482,93
79492,93
79502,93
79524,93
79532,95
79552,95
79563,95
79572,95
79632,97
79642,97
79731,99
79801,99
79841,97
79870,95
79892,95
79911,95
79929,91
79949,91
79971,91
80001,91
80012,93
80051,93
80079,93
80092,93
80102,93
80122,97
80142,97
80149,97
80172,99
80191,99
80202,97
80212,97
80231,97
80272,97
80292,97
80321,95
80372,91
80393,91
80401,91
80443,91
80512,89
80523,89
80530,91
80539,91
80632,93
80644,93
80653,93
80669,93
80683,95
80693,95
80712,95
80742,95
80752,95
80772,95
80782,95
80812,95
80822,95
80882,95
80901,95
80911,95
80951,95
80960,95
81021,95
81049,95
81062,95
81131,97
81139,97
81149,97
81172,97
81202,99
81252,97
81342,99
81391,97
81401,99
81412,99
81441,99
81494,93
81501,93
81511,93
81522,93
81532,93
81542,93
81559,93
81572,93
81591,93
81603,93
81612,93
81641,93
81650,93
81662,93
81722,93
81734,93
81773,93
81802,93
81829,93
81882,93
81902,93
81962,95
82002,93
82041,89
82071,91
82101,91
82122,89
82141,89
82162,91
82172,91
82181,91
82222,93
82241,93
82261,95
82291,95
82370,97
82381,97
82391,97
82412,97
82440,97
82451,97
82462,97
82481,97
82501,97
82510,97
82521,97
82531,97
82571,99
82582,99
82591,97
82602,97
82611,97
82652,95
82672,95
82692,95
82701,95
82722,95
82733,93
82802,93
82873,93
82892,93
82952,93
82969,95
82992,95
82999,95
83019,95
83029,95
83049,95
83059,95
83072,97
83132,97
83146,97
83152,97
83163,97
83192,97
83202,97
83262,95
83272,95
83282,95
83292,95
83322,93
83331,93
83371,95
83381,95
83402,93
83421,93
83481,95
83581,95
83601,93
83614,93
83631,93
83652,95
83661,95
83682,95
83692,93
83719,93
83732,95
83751,95
83759,95
83771,95
83832,97
83861,97
83871,97
83882,99
83891,99
83902,99
83909,99
83921,99
83931,97
83942,97
83970,97
83991,95
83999,95
84009,95
84093,95
84185,93
84193,93
84203,93
84242,93
84269,93
84293,93
84363,93
84402,95
84461,95
84541,97
84611,95
84631,95
84642,95
84709,95
84729,95
84742,93
84772,93
84791,95
84812,95
84832,93
84852,93
84879,97
84911,97
84939,95
84951,95
85072,95
85142,93
85222,93
85231,93
85243,93
85304,93
85313,93
85363,91
85389,91
85523,95
85564,95
85602,97
85671,95
85683,95
85721,97
85811,97
85882,99
85891,99
85921,99
85933,99
85952,99
86031,97
86041,97
86059,97
86081,95
86121,95
86151,95
86162,95
86212,97
86251,101
86271,97
86332,95
86342,95
86389,97
86401,97
86442,95
86541,93
86603,93
86653,93
86693,93
86733,91
86744,93
86753,93
86803,93
86842,95
86892,95
86922,95
86991,95
87041,97
87051,97
87121,95
87132,97
87172,95
87212,95
87223,97
87272,97
87281,97
87292,97
87442,95
87451,95
87531,95
87551,95
87591,93
87650,93
87743,95
87783,93
87883,93
87943,91
87952,91
87972,91
87992,89
88032,91
88042,91
88052,91
88062,91
88132,95
88152,95
88241,93
88251,93
88261,93
88322,95
88332,95
88342,95
88351,95
88361,95
88372,97
88391,97
88410,97
88421,97
88462,97
88469,97
88491,97
88512,97
88521,97
88531,97
88542,97
88560,95
88572,95
88581,95
88612,93
88623,93
88631,93
88641,93
88652,93
88703,95
88711,95
88809,95
88829,95
88840,97
88851,97
88871,97
88913,95
88920,95
88953,95
89034,93
89053,93
89062,93
89212,91
89292,95
89460,97
89471,97
89502,97
89519,97
89582,97
89631,97
89641,97
89681,95
89719,95
89741,95
89762,95
89791,95
89799,95
89899,95
89919,95
89989,95
90002,95
90052,93
90061,93
90181,95
90193,95
90213,95
90243,93
90254,93
90259,93
90293,93
90303,93
90312,93
90319,93
90333,93
90373,95
90383,95
90443,93
90452,93
90472,95
90482,95
90491,95
90502,95
90523,93
90532,93
90542,93
90552,93
90563,95
90582,95
90592,95
90601,95
90612,95
90622,95
90711,93
90821,95
90882,95
90911,93
90922,93
90981,95
90991,93
91031,93
91092,93
91102,93
91122,93
91161,95
91244,93
91291,93
91325,95
91373,95
91493,95
91503,95
91564,95
91573,95
91602,95
91629,95
91694,93
91703,95
91732,95
91761,91
91841,91
91932,95
91951,97
91972,97
91989,97
92012,97
92082,93
92199,93
92212,93
92292,97
92322,101
92389,97
92422,95
92429,95
92441,95
92452,95
92493,95
92521,93
92533,93
92565,95
92623,97
92692,101
92709,101
92739,101
92785,97
92792,97
92832,93
92843,93
92853,93
92862,93
92873,93
92892,93
92922,91
92942,89
92951,89
92972,89
93001,91
93071,95
93102,95
93132,95
93172,95
93189,91
93252,91
93261,91
93271,91
93281,93
93292,93
93339,95
93373,95
93401,95
93432,97
93501,95
93572,93
93589,93
93601,93
93612,95
93689,93
93829,97
93844,97
93863,95
93882,95
93913,95
93993,93
94161,93
94191,93
94212,93
94309,93
94320,93
94453,95
94471,97
94492,97
94522,95
94531,95
94564,95
94612,93
94621,93
94652,93
94662,93
94682,93
94711,93
94732,93
94741,93
94752,93
94803,95
94821,95
94919,95
95069,91
95093,93
95133,93
95150,97
95183,97
95263,99
95283,97
95322,97
95352,97
95372,97
95382,95
95573,95
95619,95
95651,95
95671,95
95751,97
95770,97
95802,97
95862,97
95892,97
95902,97
96002,91
96052,93
96092,93
96122,93
96194,93
96262,93
96273,93
96282,93
96323,91
96383,101
96393,101
96512,103
96542,97
96553,97
96563,97
96572,97
96620,93
96631,93
96722,93
96732,93
96751,93
96782,95
96801,95
96832,97
96852,97
96862,101
96899,101
97053,93
97111,95
97122,95
97181,95
97231,95
97252,95
97282,95
97311,91
97341,89
97362,89
97379,89
97443,93
97473,93
97533,95
97573,95
97663,93
97703,93
97723,93
97752,93
97782,93
97892,95
97901,95
97961,95
97972,95
97991,95
98011,95
98060,97
98081,97
98132,95
98142,95
98271,95
98281,95
98322,93
98383,93
98410,93
98422,93
98430,93
98449,93
98461,93
98520,95
98575,95
98591,95
98601,95
98641,93
98730,93
98783,95
98803,95
98922,93
98983,93
99062,91
99101,91
99119,91
99161,89
99172,89
99202,91
99292,93
99302,93
99319,93
99343,95
99381,95
99401,95
99452,95
99491,95
99549,95
99561,95
99612,93
99622,93
99669,95
99682,95
99721,95
99731,95
99762,95
99772,95
99782,95
99802,95
99813,95
99881,95
99911,97
100033,97
100053,93
100136,93
100143,91
100152,91
100252,93
100323,93
100332,93
100361,93
100382,93
100462,93
100522,93
100539,93
100581,93
100589,93
100612,93
100622,93
100640,93
100652,93
100682,95
100691,95
100702,95
100711,95
100721,95
100749,95
100760,95
100812,95
100820,95
100831,95
100841,95
100872,93
100881,93
100902,93
100931,93
100942,93
100954,93
100961,93
100991,93
100999,91
101011,91
101020,91
101031,91
101053,95
101093,95
101103,93
101109,93
101119,93
101141,97
101149,97
101173,97
101180,97
101193,93
101220,93
101233,93
101263,93
101283,91
101303,91
101313,91
101319,91
101353,93
101363,93
101373,93
101382,93
101392,93
101402,93
101412,93
101422,93
101453,95
101462,95
101472,95
101492,95
101502,95
101511,95
101522,95
101559,95
101571,95
101581,95
101589,95
101631,93
101641,93
101653,93
101662,93
101671,95
101691,95
101702,95
101721,93
101732,93
101742,93
101751,93
101770,95
101791,95
101799,95
101821,97
101841,97
101851,97
101871,95
101881,95
101892,95
101902,95
101912,95
101921,95
101942,95
101951,95
101959,95
101972,95
101982,95
101992,95
102000,93
102022,93
102053,95
102061,95
102081,95
102102,93
102111,93
102121,93
102132,93
102139,93
102161,95
102172,95
102182,95
102191,95
102244,93
102261,93
102273,93
102281,93
102294,93
102311,93
102323,93
102333,93
102345,93
102363,93
102369,93
102413,93
102503,91
102513,91
102519,91
102583,93
102592,93
102603,93
102681,93
102721,93
102773,91
102791,91
102801,91
102810,95
102831,95
102871,97
102891,97
102901,97
102911,97
102939,97
102982,95
103022,95
103041,95
103061,93
103069,93
103091,93
103112,93
103121,93
103131,93
103212,95
103231,95
103351,93
103402,93
103414,93
103435,93
103484,91
103503,91
103522,91
103544,91
103553,91
103583,91
103590,91
103613,91
103634,93
103643,93
103650,93
103663,93
103673,91
103683,91
103693,91
103709,91
103733,89
103743,89
103753,89
103782,89
103822,83
103832,83
103841,83
103852,83
103861,89
103892,89
103902,89
103912,95
103940,95
103952,97
103961,97
103972,97
103991,97
104003,97
104039,97
104052,97
104102,97
104132,97
104162,93
104192,95
104201,95
104221,95
104231,95
104251,95
104321,95
104391,95
104471,93
104532,93
104561,93
104622,93
104674,91
104681,91
104695,91
104733,91
104773,91
104823,91
104883,91
104923,91
104943,91
104963,91
104972,91
104983,91
105023,93
105132,95
105199,95
105239,95
105281,97
105309,95
105332,95
105349,93
105402,93
105483,91
105512,91
105532,89
105594,91
105622,95
105681,93
105751,95
105771,93
105910,93
105941,93
105953,93
106023,93
106029,93
106042,93
106143,93
106321,93
106351,95
106380,95
106571,93
106611,93
106652,93
106761,99
106812,97
106882,93
106969,93
106982,93
107020,93
107031,93
107044,93
107101,93
107243,87
107272,89
107323,85
107353,89
107432,91
107443,95
107463,95
107482,95
107511,95
107582,93
107611,93
107662,91
107669,91
107681,93
107690,93
107702,93
107711,93
107741,93
107761,93
107781,95
107812,95
107832,95
107869,95
107911,95
107920,93
107932,93
107962,93
107971,93
107991,93
108022,93
108031,93
108041,93
108071,93
108092,93
108109,93
108123,93
108321,97
108334,97
108363,95
108371,95
108403,93
108414,93
108420,93
108463,93
108473,93
108494,91
108520,91
108553,93
108564,93
108573,93
108662,93
108680,95
108712,95
108730,95
108741,95
108771,95
108790,93
108831,93
108881,91
108902,91
108931,93
108951,93
108972,93
108982,93
108992,93
109001,93
109032,95
109041,95
109052,95
109061,95
109072,95
109082,95
109091,95
109101,95
109110,95
109132,95
109163,93
109171,93
109182,93
109189,93
109222,91
109241,91
109261,91
109271,91
109303,91
109311,91
109322,91
109331,91
109342,91
109372,93
109382,93
109392,93
109404,95
109411,95
109422,95
109431,95
109441,95
109451,95
109471,95
109484,95
109493,95
109521,95
109530,95
109545,95
109567,95
109569,95
109590,93
109601,93
109613,93
109635,93
109644,93
109693,93
109733,95
109745,95
109753,95
109763,95
109773,95
109783,93
109792,93
109803,93
109813,93
109823,93
109832,93
109843,93
109852,93
109872,93
109882,91
109892,91
109902,91
109912,91
109922,91
109951,93
109961,93
109982,93
109991,93
110013,93
110023,95
110031,95
110039,95
110052,95
110081,93
110092,93
110101,93
110112,93
110121,93
110132,93
110141,93
110149,93
110162,93
110181,93
110191,93
110199,93
110231,93
110241,93
110251,93
110261,91
110271,91
110281,91
110301,91
110311,93
110322,93
110331,93
110342,93
110350,91
110359,91
110381,91
110412,95
110422,95
110429,95
110441,95
110452,93
110462,93
110483,93
110502,93
110512,93
110521,93
110532,93
110542,93
110549,93
110565,93
110602,93
110610,93
110631,93
110641,91
110652,91
110671,91
110683,91
110700,89
110711,89
110736,89
110743,89
110749,89
110761,89
110783,91
110791,91
110799,91
110813,91
110823,91
110829,93
110843,93
110855,93
110863,93
110883,93
110894,93
110903,93
110913,93
110924,95
110933,95
110943,95
110974,93
111013,93
111022,91
111033,91
111043,91
111053,91
111082,91
111092,91
111102,91
111112,85
111121,85
111132,85
111141,85
111152,85
111181,89
111191,89
111220,93
111233,93
111244,93
111250,93
111262,95
111271,95
111292,95
111309,95
111321,95
111341,95
111350,97
111361,97
111372,97
111381,97
111389,97
111402,95
111411,95
111423,95
111429,95
111441,95
111462,97
111471,97
111481,97
111492,97
111511,95
111521,95
111532,95
111541,95
111549,103
111564,103
111581,103
111592,97
111601,97
111652,99
111662,99
111669,99
111682,99
111690,97
111701,97
111711,97
111721,97
111743,101
111762,101
111771,101
111792,95
111800,95
111822,95
111832,95
111861,97
111871,97
111891,95
111904,95
111911,95
111930,93
111941,93
111953,93
111963,93
111971,93
111984,93
111991,93
111999,93
112023,93
112033,91
112043,91
112053,91
112064,91
112073,91
112083,91
112093,91
112103,91
112113,91
112124,91
112133,91
112139,91
112164,91
112174,91
112193,91
112199,91
112213,91
112243,89
112253,89
112292,93
112302,93
112313,91
112331,91
112351,91
112373,89
112381,89
112391,89
112401,89
112411,89
112422,89
112431,89
112441,89
112462,93
112471,93
112479,93
112492,93
112500,91
112509,91
112519,91
112530,91
112591,93
112601,93
112610,93
112621,93
112631,93
112651,93
112662,93
112671,93
112681,93
112693,93
112711,93
112722,93
112742,95
112751,95
112759,95
112781,95
112789,103
112811,103
112821,103
112829,103
112841,107
112852,107
112862,107
112881,107
112902,103
112911,103
112921,103
112930,97
113002,93
113023,93
113029,93
113041,93
113051,93
113061,93
113071,93
113079,91
113092,91
113102,91
113123,93
113135,93
113143,93
113151,93
113161,93
113175,93
113181,93
113203,93
113214,93
113263,95
113273,95
113283,95
113304,95
113323,93
113334,93
113343,93
113353,93
113363,93
113370,93
113383,93
113389,93
113403,93
113413,87
113423,87
113433,87
113442,87
113453,87
113462,89
113473,89
113482,89
113500,91
113522,91
113541,91
113560,93
113571,93
113592,93
113602,95
113613,95
113622,95
113640,95
113660,99
113671,99
113681,99
113693,99
113701,97
113731,97
113749,97
113759,97
113771,97
113781,97
113800,93
113811,93
113822,93
113841,91
113861,91
113871,91
113883,91
113892,87
113901,87
113911,87
113921,87
113933,89
113941,89
113951,89
113971,89
114012,93
114021,93
114031,95
114043,95
114061,95
114069,95
114102,97
114120,95
114133,95
114141,95
114162,95
114181,93
114199,93
114212,93
114219,91
114232,91
114241,91
114282,91
114301,91
114310,91
114321,91
114332,91
114341,91
114351,91
114361,91
114373,91
114384,91
114410,91
114420,91
114441,91
114453,93
114463,93
114473,93
114483,93
114493,93
114504,93
114513,93
114533,93
114544,93
114553,93
114565,93
114573,93
114580,93
114593,93
114603,93
114614,93
114625,93
114635,93
114643,91
114663,91
114672,91
114683,91
114693,93
114703,93
114712,93
114742,91
114752,91
114772,91
114781,91
114791,93
114802,93
114813,93
114823,93
114832,95
114841,95
114852,95
114862,95
114871,95
114883,97
114891,97
114919,97
114941,95
114972,95
114982,95
114990,95
115011,95
115022,95
115031,95
115050,95
115061,95
115103,95
115111,95
115132,95
115142,95
115151,95
115161,95
115173,97
115180,97
115201,97
115211,97
115231,93
115241,93
115261,93
115271,95
115293,95
115302,95
115312,91
115321,91
115332,91
115341,91
115349,91
115363,93
115381,93
115389,93
115401,93
115411,89
115431,89
115461,93
115472,93
115482,93
115491,93
115503,91
115520,91
115543,91
115554,93
115583,93
115612,93
115621,93
115629,93
115641,93
115653,93
115660,93
115669,93
115683,93
115696,93
115713,93
115734,93
115744,95
115753,95
115763,95
115773,95
115783,95
115803,93
115813,93
115823,93
115833,93
115843,91
115863,91
115902,89
115913,89
115922,89
115933,89
115952,89
115961,89
115972,89
115981,91
115992,91
116001,91
116013,91
116032,93
116039,93
116062,93
116073,93
116081,93
116092,93
116100,93
116111,93
116120,95
116151,95
116161,95
116172,93
116201,93
116212,93
116220,95
116231,95
116240,95
116252,95
116262,91
116281,91
116291,91
116301,91
116312,93
116321,93
116341,93
116351,93
116371,91
116389,91
116401,91
116423,93
116431,93
116441,93
116453,89
116462,89
116471,89
116492,89
116502,93
116509,93
116519,93
116530,93
116552,91
116612,93
116642,93
116652,93
116681,93
116694,95
116701,95
116711,95
116721,95
116732,95
116751,91
116761,91
116770,91
116791,93
116824,93
116833,91
116841,91
116853,91
116863,91
116893,93
116903,93
116923,93
116952,95
116973,95
116984,95
116990,95
117003,95
117013,95
117023,95
117033,95
117044,95
117053,95
117063,95
117073,95
117093,95
117103,95
117113,95
117123,91
117132,91
117143,91
117152,91
117162,91
117170,93
117183,93
117191,93
117221,93
117232,93
117242,93
117252,93
117260,95
117271,95
117281,95
117292,95
117301,95
117313,93
117321,93
117341,93
117351,93
117362,93
117371,93
117383,93
117411,93
117431,93
117441,93
117452,93
117481,93
117491,93
117531,93
117539,93
117552,93
117591,93
117600,91
117611,91
117622,91
117633,91
117640,91
117652,91
117662,91
117671,91
117681,91
117693,91
117701,91
117711,91
117721,91
117743,91
117751,91
117771,91
117780,91
117791,93
117823,93
117830,93
117841,91
117852,91
117862,91
117871,91
117883,93
117902,93
117911,93
117932,91
117941,91
117951,91
117961,91
117971,91
118011,93
118022,93
118040,95
118055,95
118061,95
118070,95
118083,95
118114,95
118124,95
118134,95
118153,95
118162,95
118174,95
118183,95
118189,95
118213,95
118223,93
118234,93
118254,93
118263,93
118269,95
118294,95
118313,93
118333,93
118343,93
118353,93
118362,95
118372,95
118381,95
118394,95
118401,95
118412,93
118422,93
118432,93
118441,93
118450,93
118461,95
118472,95
118481,95
118501,95
118511,93
118522,93
118531,93
118541,93
118552,95
118561,95
118571,95
118581,95
118589,95
118603,93
118631,93
118643,93
118662,95
118671,95
118681,95
118700,93
118712,93
118719,93
118732,93
118741,93
118762,95
118780,95
118790,91
118801,91
118811,91
118821,91
118831,91
118842,91
118852,91
118871,91
118881,91
118903,89
118920,89
118933,89
118942,89
118960,89
118982,89
118991,89
119000,89
119012,89
119031,93
119041,93
119051,93
119061,93
119073,93
119081,93
119093,93
119109,93
119122,93
119131,93
119141,93
119151,93
119172,93
119191,93
119210,93
119222,93
119251,93
119271,93
119284,93
119293,93
119300,93
119313,91
119323,91
119334,91
119340,91
119353,91
119360,93
119373,93
119393,93
119423,93
119434,93
119443,93
119453,93
119464,95
119483,95
119531,101
119552,101
119565,97
119573,97
119583,97
119592,97
119603,95
119622,95
119642,95
119652,93
119662,93
119671,93
119681,93
119691,93
119703,93
119713,93
119722,93
119732,93
119742,93
119772,93
119792,93
119820,93
119831,93
119852,93
119882,93
119991,93
120003,93
120011,93
120040,93
120051,93
120062,93
120071,93
120083,91
120092,91
120102,91
120122,91
120130,89
120142,89
120173,89
120183,89
120201,89
120240,89
120251,89
120283,91
120291,91
120302,91
120311,91
120322,93
120331,93
120349,93
120364,93
120381,93
120391,93
120401,93
120414,93
120421,93
120431,93
120440,93
120454,93
120460,95
120481,95
120494,95
120510,93
120523,93
120534,93
120573,93
120584,93
120603,91
120610,91
120623,91
120630,91
120644,91
120654,93
120673,93
120680,93
120722,91
120743,93
120753,93
120773,93
120782,93
120802,91
120813,91
120822,91
120833,91
120852,95
120862,95
120871,95
120902,101
120911,101
120920,101
120932,97
120952,97
120961,97
120972,97
120983,95
120991,95
121010,95
121020,95
121032,95
121040,95
121050,95
121062,95
121071,95
121081,93
121090,93
121102,93
121123,93
121142,93
121151,93
121161,93
121171,93
121181,91
121189,91
121201,91
121211,91
121223,93
121231,93
121240,93
121273,101
121281,101
121311,101
121322,97
121331,97
121340,97
121351,97
121361,97
121382,97
121391,97
121411,97
121421,95
121432,95
121463,91
121481,91
121492,91
121513,93
121521,93
121541,93
121551,93
121560,93
121571,93
121580,93
121591,93
121604,93
121611,93
121624,93
121641,93
121652,93
121662,93
121684,93
121690,93
121721,93
121733,93
121753,93
121763,93
121780,93
121789,93
121850,93
121864,93
121873,93
121883,93
121893,91
121903,91
121910,91
121944,91
121953,91
121972,91
121984,91
122003,91
122012,91
122031,91
122042,91
122052,91
122062,91
122080,93
122092,93
122111,93
122120,93
122133,93
122142,93
122162,93
122170,93
122201,95
122222,95
122231,95
122252,95
122281,95
122292,95
122331,97
122342,97
122350,97
122361,97
122373,95
122382,95
122391,95
122412,95
122423,95
122431,95
122441,95
122451,95
122461,95
122491,93
122511,93
122520,91
122532,91
122542,91
122566,91
122589,91
122601,91
122622,91
122633,91
122641,91
122652,91
122672,91
122680,91
122691,91
122700,91
122742,93
122761,91
122772,91
122780,91
122791,91
122812,95
122821,95
122831,95
122841,95
122862,91
122891,91
122921,95
122934,95
122945,97
122953,97
122974,97
122983,97
122994,97
123004,97
123023,97
123030,97
123063,93
123069,93
123080,93
123093,95
123103,95
123114,95
123123,95
123133,95
123183,93
123194,93
123213,93
123233,93
123241,93
123252,93
123261,93
123272,93
123301,95
123330,93
123340,93
123351,93
123362,93
123372,95
123383,95
123391,95
123401,95
123423,93
123452,93
123462,93
123472,95
123484,95
123491,95
123501,95
123511,95
123520,93
123540,93
123550,93
123564,93
123571,95
123601,95
123612,93
123621,93
123631,93
123641,93
123671,95
123681,95
123692,95
123712,95
123721,95
123761,95
123770,95
123781,95
123790,95
123822,93
123830,93
123842,93
123853,93
123860,93
123871,93
123881,93
123892,93
123902,93
123911,93
123932,93
123941,93
123962,93
123972,93
123981,93
123990,93
124001,91
124014,91
124022,91
124031,91
124044,93
124050,93
124060,93
124071,93
124080,93
124094,93
124113,93
124124,93
124130,93
124145,93
124153,93
124160,93
124173,93
124193,93
124200,93
124224,93
124233,93
124240,93
124263,93
124269,93
124284,95
124293,95
124304,95
124313,95
124323,95
124331,97
124343,97
124353,97
124372,97
124383,95
124392,95
124421,95
124452,97
124463,97
124471,97
124482,95
124492,95
124521,95
124531,93
124542,93
124573,93
124582,93
124591,93
124601,93
124611,93
124641,93
124652,93
124662,93
124671,95
124680,95
124691,95
124711,95
124733,93
124750,93
124760,93
124772,95
124781,95
124791,95
124799,95
124813,93
124821,93
124831,93
124841,93
124851,93
124862,93
124871,93
124881,93
124902,93
124911,91
124922,91
124930,91
124941,91
124951,91
124972,93
124982,93
124991,93
125003,93
125011,93
125022,93
125031,93
125041,93
125053,93
125062,93
125081,93
125092,93
125111,93
125121,93
125151,95
125160,95
125171,95
125182,95
125210,93
125244,93
125251,93
125260,93
125271,93
125281,93
125294,91
125301,91
125310,91
125330,91
125389,91
125404,91
125413,91
125423,91
125430,93
125454,93
125463,93
125469,93
125483,93
125494,93
125513,93
125534,93
125543,93
125553,93
125573,93
125593,93
125604,93
125613,93
125623,93
125633,93
125642,93
125661,93
125673,93
125683,93
125712,93
125719,95
125732,95
125742,95
125751,95
125761,95
125771,97
125794,97
125800,97
125813,95
125822,95
125832,95
125841,95
125882,93
125902,93
125911,93
125921,93
125931,93
125942,93
125950,93
125959,91
125971,91
126000,89
126022,89
126029,89
126052,89
126062,89
126071,89
126081,89
126092,89
126101,91
126122,91
126130,91
126143,91
126161,91
126180,91
126201,93
126210,93
126231,93
126241,91
126292,93
126302,93
126312,93
126335,91
126342,91
126349,91
126372,91
126383,93
126422,93
126431,93
126452,93
126462,93
126471,93
126492,93
126510,93
126545,93
126560,93
126573,95
126584,95
126593,95
126613,95
126620,95
126634,95
126644,95
126653,95
126673,93
126684,93
126693,93
126700,93
126734,93
126745,93
126773,93
126783,93
126803,93
126812,93
126844,93
126853,93
126863,93
126870,93
126882,93
126890,93
126903,93
126911,93
126922,93
126953,93
126970,93
126991,93
127010,93
127023,93
127031,93
127041,93
127050,95
127062,95
127071,95
127091,95
127101,95
127122,95
127132,95
127142,95
127161,95
127172,95
127182,95
127193,95
127200,95
127211,95
127220,95
127231,95
127242,93
127250,93
127260,93
127271,93
127303,95
127319,95
127341,93
127352,93
127361,93
127383,93
127392,93
127412,93
127422,93
127441,93
127452,93
127460,93
127481,93
127493,93
127501,93
127511,93
127522,93
127531,93
127542,93
127550,93
127559,93
127582,93
127612,93
127625,97
127631,97
127644,97
127650,97
127662,97
127680,95
127694,95
127701,95
127711,95
127751,93
127760,93
127783,93
127793,93
127803,93
127823,91
127841,91
127854,91
127873,93
127883,93
127904,93
127913,93
127933,93
127943,93
127953,93
127963,95
127974,95
127983,95
127995,95
128003,95
128013,93
128023,93
128043,93
128062,95
128081,95
128092,95
128101,95
128121,95
128132,95
128142,95
128152,95
128161,95
128172,95
128192,95
128200,93
128231,93
128240,93
128252,95
128261,95
128269,95
128291,93
128303,93
128311,93
128321,93
128332,93
128351,93
128361,93
128372,93
128382,93
128390,91
128402,91
128412,91
128422,91
128431,91
128442,93
128452,93
128461,93
128471,93
128483,93
128502,93
128510,93
128530,93
128542,93
128551,93
128582,93
128592,93
128600,93
128610,93
128632,93
128642,93
128681,91
128692,91
128702,91
128711,91
128722,93
128741,93
128751,93
128760,93
128771,93
128780,93
128792,93
128803,93
128812,93
128822,91
128839,91
128852,91
128865,91
128872,91
128885,91
128902,91
128912,93
128932,93
128942,93
128951,93
128961,93
128973,93
128984,93
129001,93
129024,95
129044,95
129051,93
129064,93
129083,93
129104,95
129113,95
129119,95
129133,95
129140,95
129153,95
129173,95
129183,95
129193,95
129204,95
129213,95
129223,95
129252,95
129264,95
129273,95
129283,95
129293,93
129311,93
129322,93
129344,93
129351,93
129362,93
129372,93
129380,93
129391,93
129401,93
129412,93
129422,93
129431,93
129453,97
129471,97
129492,95
129500,95
129510,95
129520,95
129533,97
129561,97
129591,95
129601,95
129612,95
129630,93
129641,93
129652,93
129662,93
129681,93
129692,93
129711,93
129733,89
129742,89
129750,89
129762,89
129773,87
129800,87
129812,87
129822,89
129830,89
129841,89
129882,93
129890,93
129902,93
129910,93
129922,93
129933,93
129941,93
129963,93
129972,93
129981,93
129991,93
130013,91
130022,91
130031,91
130044,91
130052,91
130062,87
130072,87
130090,87
130112,89
130122,89
130130,89
130141,89
130154,91
130161,91
130180,91
130215,91
130225,91
130233,91
130243,91
130254,95
130263,95
130282,95
130294,95
130303,95
130314,95
130330,95
130344,95
130363,95
130383,95
130394,93
130403,93
130413,93
130423,93
130433,91
130444,91
130453,91
130462,91
130473,91
130483,93
130504,93
130512,93
130533,95
130572,95
130612,95
130623,95
130631,95
130662,95
130670,93
130682,93
130693,93
130702,93
130711,93
130742,95
130760,95
130770,99
130783,99
130791,99
130800,99
130810,99
130822,97
130832,97
130841,97
130852,97
130862,97
130882,95
130893,95
130903,95
130912,95
130921,95
130942,95
130951,95
130971,95
130982,95
130992,95
131013,95
131021,95
131062,93
131072,93
131081,93
131090,93
131100,93
131130,93
131142,93
131153,91
131162,91
131171,91
131191,91
131212,89
131220,89
131232,89
131241,89
131260,89
131271,89
131294,89
131302,89
131332,89
131345,91
131351,91
131361,91
131382,91
131391,95
131443,95
131454,95
131474,95
131484,95
131493,95
131503,95
131523,95
131534,91
131550,91
131565,91
131584,93
131595,93
131603,93
131613,93
131624,93
131633,91
131643,91
131653,91
131663,91
131673,91
131683,93
131703,93
131723,93
131732,93
131752,93
131762,93
131773,97
131802,97
131812,97
131822,93
131840,93
131851,93
131862,93
131874,93
131882,93
131902,93
131921,91
131943,91
131951,91
131972,93
131992,93
132001,93
132010,91
132022,91
132031,91
132041,91
132061,93
132073,93
132081,93
132092,93
132102,93
132109,93
132121,93
132140,93
132150,95
132161,95
132172,95
132191,95
132222,93
132231,93
132243,93
132252,95
132263,95
132269,95
132281,95
132292,95
132311,103
132332,103
132341,103
132351,99
132360,99
132380,99
132401,97
132410,97
132432,97
132444,95
132452,95
132461,95
132470,95
132481,95
132494,91
132511,91
132532,91
132542,93
132623,91
132634,93
132643,93
132655,93
132663,93
132684,91
132694,91
132709,91
132723,91
132734,95
132740,95
132754,95
132763,95
132774,95
132783,91
132794,91
132803,91
132814,91
132835,95
132853,95
132863,95
132873,93
132882,93
132914,93
132923,93
132934,93
132960,93
132982,93
133000,93
133013,93
133022,93
133031,93
133052,93
133062,91
133080,91
133092,91
133102,91
133112,89
133122,89
133133,89
133141,89
133153,83
133162,83
133170,83
133182,83
133203,89
133212,89
133220,89
133231,89
133242,89
133252,93
133271,93
133282,93
133290,93
133302,97
133321,97
133332,97
133342,97
133412,99
133471,97
133481,97
133490,95
133502,95
133532,95
133542,95
133552,95
133561,95
133591,95
133612,95
133622,95
133632,99
133651,99
133661,99
133671,99
133685,97
133690,97
133704,97
133711,97
133720,97
133732,95
133742,95
133751,95
133760,95
133770,95
133781,95
133802,95
133810,95
133824,95
133831,93
133853,93
133864,93
133893,93
133924,91
133944,91
133950,91
133970,91
133984,91
133993,91
134013,89
134024,89
134030,89
134044,89
134073,91
134083,91
134093,91
134103,91
134113,91
134130,91
134143,91
134152,91
134162,91
134172,91
134184,91
134203,93
134222,93
134232,93
134253,93
134273,93
134283,93
134292,93
134302,93
134312,93
134320,93
134332,93
134351,91
134372,91
134393,93
134401,93
134412,93
134422,93
134430,93
134444,95
134452,95
134462,95
134471,95
134492,95
134512,95
134520,95
134532,95
134553,95
134562,95
134572,95
134591,95
134602,95
134622,95
134640,95
134652,95
134662,95
134672,95
134682,95
134692,95
134702,95
134711,95
134743,95
134752,95
134762,95
134770,95
134790,93
134833,95
134842,95
134852,95
134862,95
134873,93
134882,93
134890,93
134902,93
134911,93
134932,95
134944,95
134962,95
134972,93
134992,93
135001,93
135014,93
135022,95
135041,95
135054,95
135075,93
135081,93
135094,93
135103,93
135123,93
135135,93
135145,93
135153,93
135163,91
135170,91
135183,91
135190,91
135223,93
135243,93
135263,89
135274,89
135313,85
135322,85
135353,89
135362,89
135382,89
135393,91
135400,91
135412,91
135420,91
135434,91
135440,93
135452,93
135461,93
135470,93
135481,93
135492,95
135512,95
135522,95
135542,93
135552,93
135562,93
135583,95
135590,95
135613,95
135642,93
135652,93
135660,93
135671,93
135692,93
135700,93
135713,93
135732,93
135743,93
135752,93
135762,93
135771,93
135782,93
135791,93
135802,93
135810,93
135823,93
135830,93
135843,93
135852,93
135882,95
135892,95
135900,95
135920,93
135930,93
135942,93
135963,93
135980,93
135991,93
136010,91
136022,91
136032,91
136041,91
136052,91
136061,93
136071,93
136082,93
136092,93
136104,93
136112,97
136132,97
136142,97
136151,97
136160,97
136186,97
136204,95
136222,95
136244,95
136253,93
136281,93
136293,93
136324,91
136330,91
136360,93
136375,93
136380,93
136394,93
136413,93
136424,93
136431,93
136445,95
136464,95
136493,95
136503,95
136513,95
136523,95
136533,95
136543,95
136552,95
136572,95
136583,95
136592,93
136603,93
136610,93
136633,93
136643,93
136650,93
136672,93
136692,93
136712,93
136722,93
136782,93
136793,93
136802,93
136833,95
136844,95
136862,95
136873,93
136882,93
136892,93
136912,93
136932,93
136950,93
136961,93
136991,91
137002,91
137012,91
137023,91
137031,91
137040,91
137072,91
137092,91
137102,91
137112,93
137120,93
137132,93
137142,93
137152,93
137162,91
137173,91
137190,91
137202,91
137212,95
137231,95
137253,95
137272,95
137281,95
137321,95
137342,95
137352,93
137362,93
137372,93
137382,93
137391,93
137404,93
137414,93
137430,93
137442,93
137452,93
137463,93
137474,93
137495,93
137503,93
137510,93
137523,93
137534,93
137543,93
137553,93
137574,93
137583,93
137605,93
137623,93
137634,93
137643,93
137654,93
137663,93
137673,93
137683,93
137695,93
137703,93
137713,93
137733,91
137774,91
137802,91
137812,91
137822,91
137832,91
137843,91
137852,91
137862,91
137873,91
137882,93
137902,93
137921,93
137931,93
137940,93
137951,93
137973,93
137982,93
137991,93
138012,93
138022,93
138031,93
138052,93
138062,93
138072,93
138083,93
138092,93
138102,93
138120,95
138152,95
138163,93
138180,93
138201,93
138213,93
138222,93
138230,93
138242,93
138253,93
138260,93
138270,93
138282,93
138302,93
138310,93
138330,93
138342,93
138350,93
138361,93
138372,93
138382,93
138390,93
138403,93
138412,93
138422,93
138432,93
138443,93
138453,93
138462,93
138470,93
138482,93
138492,93
138502,93
138510,93
138522,93
138532,93
138543,93
138551,93
138562,93
138570,93
138582,93
138594,95
138601,95
138612,95
138625,95
138631,95
138641,95
138650,95
138664,95
138670,95
138680,95
138690,97
138700,97
138714,97
138724,97
138733,97
138744,95
138753,95
138763,95
138773,95
138783,95
138793,95
138804,95
138813,95
138820,95
138833,95
138845,95
138853,95
138864,95
138873,95
138883,95
138893,95
138904,95
138914,95
138923,95
138933,93
138943,93
138953,93
138963,93
138972,93
138983,93
138993,93
139004,93
139013,93
139020,93
139032,93
139043,93
139052,93
139062,93
139073,91
139081,91
139092,91
139102,91
139113,91
139122,93
139130,93
139142,93
139152,93
139161,93
139172,91
139182,91
139192,91
139203,91
139212,91
139222,93
139232,93
139241,93
139250,93
139263,93
139272,93
139282,93
139292,93
139302,93
139310,93
139322,93
139332,93
139342,93
139352,93
139361,93
139372,93
139382,93
139390,93
139402,93
139412,95
139422,95
139431,95
139440,95
139450,95
139462,93
139470,93
139482,93
139490,93
139504,95
139512,95
139522,95
139532,95
139542,95
139553,99
139560,99
139572,99
139582,99
139590,99
139604,97
139613,97
139622,97
139632,97
139641,97
139652,93
139663,93
139673,93
139682,93
139693,93
139702,93
139712,93
139720,93
139732,93
139743,89
139751,89
139762,89
139772,89
139785,89
139791,89
139804,89
139812,89
139822,89
139830,89
139891,93
139903,93
139914,93
139923,93
139935,93
139944,93
139953,93
139963,93
139974,93
139983,95
139994,95
140000,95
140015,95
140023,95
140034,93
140043,93
140054,93
140063,93
140076,87
140083,87
140094,87
140103,87
140110,87
140123,89
140133,89
140143,89
140153,89
140162,89
140175,93
140183,93
140193,93
140202,93
140213,93
140220,93
140233,93
140243,93
140253,93
140263,95
140271,95
140282,95
140292,95
140302,95
140312,95
140333,95
140342,95
140352,95
140362,95
140370,95
140382,95
140392,95
140402,95
140412,93
140422,93
140432,93
140443,93
140451,93
140462,93
140470,93
140481,93
140492,93
140503,91
140512,91
140522,91
140532,91
140542,91
140553,93
140564,93
140572,93
140582,93
140592,93
140602,93
140613,93
140622,93
140631,93
140642,93
140652,93
140662,93
140671,93
140682,93
140694,91
140702,91
140710,91
140722,91
140732,91
140740,93
140750,93
140762,93
140772,93
140782,93
140791,91
140803,91
140813,91
140822,91
140830,91
140842,95
140852,95
140862,95
140871,95
140881,91
140890,91
140900,91
140912,91
140922,91
140933,95
140940,95
140951,95
140962,95
140972,95
140982,95
140992,95
141001,95
141012,95
141022,95
141032,95
141044,95
141052,95
141062,95
141071,95
141082,95
141090,95
141100,95
141114,95
141125,97
141130,97
141141,97
141153,97
141164,97
141174,93
141184,93
141193,93
141204,93
141214,93
141220,95
141243,95
141253,95
141264,95
141273,93
141284,93
141293,93
141304,93
141313,93
141324,93
141335,93
141345,93
141353,93
141363,91
141373,91
141383,91
141393,91
141403,91
141412,93
141423,93
141433,93
141443,93
141452,93
141463,91
141473,91
141482,91
141492,91
141502,91
141514,93
141522,93
141532,93
141542,93
141551,93
141562,93
141572,93
141582,93
141592,93
141602,95
141613,95
141623,95
141631,95
141642,95
141652,91
141660,91
141672,91
141682,91
141692,91
141702,93
141710,93
141721,93
141732,93
141743,91
141752,91
141762,91
141772,91
141782,91
141792,89
141802,89
141812,89
141822,89
141830,89
141842,89
141852,89
141862,89
141871,89
141880,89
141893,93
141902,93
141912,93
141922,93
141933,93
141942,93
141952,93
141960,93
141972,93
141983,95
141991,95
142001,95
142012,95
142022,95
142031,93
142040,93
142052,93
142060,93
142072,93
142081,95
142095,95
142102,95
142110,95
142123,91
142132,91
142142,91
142152,91
142162,91
142173,93
142184,93
142192,93
142204,93
142212,93
142222,91
142232,91
142242,91
142252,91
142262,91
142272,93
142281,93
142294,93
142303,93
142314,91
142320,91
142330,91
142343,91
142354,91
142363,93
142374,93
142385,93
142394,93
142403,93
142410,91
142424,91
142433,91
142443,91
142454,91
142463,95
142475,95
142483,95
142494,95
142503,93
142513,93
142520,93
142535,93
142543,93
142553,95
142564,95
142573,95
142582,95
142593,95
142605,93
142613,93
142622,93
142632,93
142642,93
142653,95
142662,95
142673,95
142682,95
142692,95
142702,93
142712,93
142720,93
142732,93
142743,93
142752,93
142762,93
142773,93
142782,93
142792,89
142801,89
142812,89
142822,89
142832,89
142842,93
142853,93
142864,93
142872,93
142882,93
142892,93
142903,93
142912,93
142921,93
142933,95
142942,95
142950,95
142964,95
142972,95
142983,93
142992,93
143001,93
143012,93
143022,93
143030,95
143042,95
143052,95
143062,95
143072,95
143082,91
143092,91
143102,91
143110,91
143122,91
143130,93
143140,93
143152,93
143162,93
143171,91
143182,91
143190,91
143202,91
143212,91
143220,93
143233,93
143242,93
143250,93
143260,93
143271,91
143282,91
143292,91
143302,91
143310,91
143321,93
143332,93
143342,93
143352,93
143365,91
143372,91
143382,91
143392,91
143400,91
143412,93
143420,93
143431,93
143442,93
143454,93
143462,91
143471,91
143481,91
143492,91
143502,91
143511,93
143520,93
143535,93
143545,93
143555,91
143565,91
143573,91
143584,91
143593,91
143604,93
143613,93
143624,93
143634,93
143645,93
143650,93
143664,93
143670,93
143684,93
143693,93
143704,95
143713,95
143723,95
143733,95
143744,95
143753,93
143763,93
143773,93
143783,93
143793,95
143803,95
143813,95
143823,95
143832,95
143843,93
143852,93
143862,93
143872,93
143883,93
143892,93
143902,93
143910,93
143923,93
143933,93
143942,91
143952,91
143962,91
143972,91
143983,93
143992,93
144002,93
144012,93
144022,93
144030,91
144042,91
144052,91
144062,91
144072,91
144082,93
144093,93
144102,93
144110,93
144120,93
144132,95
144143,95
144152,95
144161,95
144172,95
144182,95
144191,95
144202,95
144210,95
144221,93
144231,93
144241,93
144250,93
144262,93
144272,93
144280,93
144292,93
144303,93
144312,93
144320,93
144330,93
144340,93
144352,93
144360,93
144372,93
144380,93
144391,93
144402,93
144413,91
144422,91
144432,91
144442,91
144450,91
144460,93
144472,93
144482,93
144492,93
144502,93
144510,93
144522,93
144532,93
144542,93
144552,93
144560,95
144572,95
144582,95
144592,95
144600,95
144612,95
144622,95
144631,95
144642,95
144655,93
144662,93
144670,93
144680,93
144690,93
144704,87
144714,87
144720,87
144734,87
144745,87
144754,87
144763,87
144774,87
144783,87
144794,89
144803,89
144814,89
144825,89
144833,89
144843,91
144854,91
144860,91
144873,91
144883,91
144890,93
144904,93
144914,93
144923,93
144934,93
144940,95
144954,95
144963,95
144973,95
144984,95
144994,95
145003,95
145013,95
145022,95
145033,93
145042,93
145053,93
145062,93
145072,93
145082,95
145094,95
145102,95
145112,95
145122,95
145132,91
145142,91
145152,91
145162,91
145173,93
145182,93
145193,93
145202,93
145212,93
145222,93
145241,93
145250,93
145273,93
145283,93
145293,93
145302,93
145322,93
145332,93
145352,93
145363,95
145372,95
145382,95
145442,93
145570,93
145653,95
145690,95
145732,97
145762,95
145782,95
145801,93
145831,93
145872,95
145882,95
145894,93
145933,93
145944,95
145965,95
145970,95
146004,91
146020,91
146093,89
146153,89
146163,89
146174,89
146193,89
146204,89
146223,93
146232,93
146253,93
146272,93
146283,93
146292,93
146302,93
146323,95
146362,95
146443,93
146453,93
146463,91
146522,93
146532,93
146550,93
146572,93
146622,95
146663,101
146682,101
146690,101
146722,97
146782,95
146820,95
146872,93
146882,93
146902,93
146932,93
146992,95
147001,95
147092,93
147184,93
147244,89
147263,89
147283,89
147303,89
147363,89
147612,91
147641,91
147772,95
147820,95
147841,95
147852,97
147912,95
147922,95
147952,95
147970,95
147982,95
148102,93
148110,93
148172,93
148202,93
148292,91
148320,93
148366,93
148370,91
148424,93
148444,93
148490,91
148553,93
148573,91
148752,93
148862,93
148932,93
148952,93
149041,93
149062,93
149160,93
149212,95
149332,93
149464,93
149475,93
149511,93
149522,93
149600,93
149626,91
149694,91
149723,93
149754,93
149774,93
149843,93
149883,95
149902,95
149913,95
149941,95
149962,95
149970,95
149982,95
149992,93
150012,93
150022,93
150064,93
150072,93
150131,89
150172,89
150182,89
150192,89
150212,89
150302,89
150322,91
150332,91
150362,91
150370,93
150392,93
150412,93
150422,93
150440,93
150452,93
150472,93
150632,93
150662,99
150680,99
150714,97
150830,97
150844,97
150864,99
150873,99
150893,99
150953,97
150973,97
150984,97
151023,95
151072,95
151103,93
151152,93
151172,93
151252,95
151302,95
151362,95
151382,93
151392,93
151462,93
151492,93
151542,91
151572,91
151591,91
151652,93
151682,93
151904,91
151942,91
152054,95
152184,97
152215,95
152244,95
152353,93
152382,95
152402,95
152452,93
152502,93
152522,93
152572,93
152582,93
152602,93
152672,93
152732,93
152762,93
152802,93
152813,93
152862,91
152892,91
152922,89
152952,89
152972,89
153002,89
153012,89
153042,89
153102,93
153110,93
153122,93
153160,91
153202,93
153224,93
153254,93
153264,93
153313,95
153405,97
153425,97
153434,95
153544,93
153562,93
153603,95
153613,95
153632,91
153692,93
153702,93
153710,93
153722,93
153730,93
153742,93
153802,95
153870,93
153902,93
153922,91
153932,91
153960,93
153972,93
153992,93
154032,91
154080,91
154112,91
154122,91
154152,91
154162,91
154202,91
154232,91
154241,93
154272,93
154292,93
154302,93
154320,93
154335,91
154360,91
154382,89
154464,91
154470,91
154514,93
154521,93
154530,93
154575,93
154584,93
154594,93
154600,93
154614,93
154634,93
154656,93
154663,93
154683,95
154693,95
154703,95
154772,95
154780,95
154792,95
154800,95
154813,97
154842,97
154852,97
154882,95
154892,95
154902,95
154932,97
154942,97
154972,95
155033,93
155062,93
155090,93
155112,93
155122,93
155152,93
155180,93
155212,93
155252,93
155260,93
155272,93
155282,93
155322,91
155342,87
155362,87
155372,87
155382,89
155392,89
155402,89
155422,89
155432,91
155442,91
155452,91
155472,91
155482,93
155492,93
155520,93
155532,93
155552,93
155582,93
155592,93
155602,93
155612,93
155626,93
155654,93
155674,91
155704,91
155724,93
155736,93
155745,93
155764,93
155790,93
155814,93
155825,93
155844,93
155854,93
155864,91
155904,91
155913,93
155924,93
155943,93
155963,93
156052,93
156072,93
156080,93
156092,93
156122,93
156130,93
156152,93
156163,93
156170,93
156182,93
156213,95
156243,97
156262,97
156270,97
156282,97
156302,95
156322,95
156342,93
156372,93
156382,93
156413,95
156422,95
156431,93
156462,93
156490,93
156512,93
156532,91
156570,91
156582,93
156642,91
156652,91
156662,91
156682,91
156692,91
156712,91
156742,91
156760,91
156804,93
156815,93
156822,93
156883,95
156906,95
156914,95
156934,95
156943,95
156954,95
156963,95
156994,95
157004,93
157043,93
157054,93
157063,93
157084,93
157103,91
157123,91
157144,91
157153,91
157194,91
157212,91
157222,91
157242,93
157282,93
157302,93
157322,93
157332,93
157352,93
157372,93
157384,93
157391,93
157412,93
157442,93
157451,93
157532,93
157552,93
157565,93
157573,93
157592,93
157602,93
157621,93
157682,91
157692,91
157712,91
157722,95
157733,95
157742,95
157752,95
157762,95
157773,97
157792,97
157802,97
157832,97
157852,97
157861,93
157872,93
157892,93
157902,93
157910,93
157922,93
157932,93
157940,93
157965,91
157982,91
158005,93
158012,93
158055,91
158073,91
158082,91
158090,91
158104,91
158114,91
158145,91
158164,91
158194,93
158224,93
158234,93
158260,91
158293,93
158323,93
158333,93
158352,93
158404,95
158412,95
158442,93
158452,93
158462,93
158472,93
158494,93
158502,93
158512,93
158532,93
158542,93
158624,93
158632,93
158642,93
158652,93
158662,93
158702,93
158742,95
158762,95
158770,95
158802,95
158822,93
158842,93
158852,93
158864,95
158911,93
158930,93
158952,93
158992,93
159080,93
159103,91
159120,91
159222,91
159232,91
159272,93
159283,93
159295,93
159304,93
159354,93
159364,93
159374,93
159435,95
159440,95
159503,93
159523,93
159574,93
159582,91
159622,93
159632,93
159642,93
159692,91
159703,91
159720,93
159742,93
159760,93
159782,93
159792,93
159802,93
159813,93
159822,93
159832,93
159942,95
159983,95
160012,97
160032,97
160042,97
160052,97
160082,97
160103,103
160153,97
160212,95
160222,95
160262,93
160272,93
160292,93
160312,93
160362,93
160382,93
160392,93
160405,93
160422,93
160432,93
160444,93
160452,93
160472,93
160512,91
160524,91
160534,91
160553,89
160565,89
160624,89
160644,89
160674,89
160704,91
160710,91
160724,89
160745,89
160754,89
160772,91
160783,91
160803,91
160823,91
160843,91
160853,91
160864,91
160872,91
160892,91
160922,93
160942,93
160952,93
160964,93
160972,93
161042,93
161073,93
161101,95
161112,95
161142,95
161172,93
161180,93
161192,93
161212,93
161252,93
161282,93
161302,93
161312,93
161333,93
161343,97
161362,97
161382,97
161412,97
161422,97
161492,95
161522,95
161532,95
161562,97
161572,97
161622,95
161632,93
161642,93
161650,93
161662,93
161672,93
161694,93
161724,93
161745,93
161854,95
161963,93
161974,93
161982,93
162042,93
162062,93
162072,93
162082,93
162092,93
162113,93
162143,93
162182,93
162222,93
162252,93
162262,93
162292,93
162302,91
162312,91
162352,91
162360,91
162372,91
162382,91
162392,93
162422,93
162442,93
162480,93
162552,85
162572,85
162590,89
162602,89
162673,91
162732,93
162742,93
162752,93
162822,93
162850,93
162865,93
162882,93
162894,93
162964,93
162970,93
162984,93
162993,93
163044,93
163054,91
163104,93
163144,93
163192,93
163223,93
163282,95
163392,95
163402,95
163502,95
163520,95
163572,91
163583,93
163632,93
163652,93
163662,93
163672,93
163693,95
163712,95
163750,91
163762,91
163782,93
163822,89
163842,89
163852,89
163862,89
163882,89
163902,89
163910,89
163942,89
163972,93
163982,93
164011,93
164020,93
164042,93
164052,93
164102,95
164112,93
164130,93
164144,93
164176,95
164223,93
164264,95
164304,93
164334,93
164354,95
164383,95
164394,93
164403,93
164422,93
164443,93
164462,93
164533,91
164542,91
164572,91
164592,89
164602,89
164614,89
164633,93
164640,93
164652,93
164672,93
164680,93
164692,93
164702,93
164730,95
164742,95
164752,95
164762,95
164782,93
164802,93
164812,93
164832,95
164842,95
164850,95
164862,95
164902,91
164922,93
164942,93
164952,93
164982,91
164990,91
165002,91
165014,93
165032,93
165052,93
165102,93
165112,93
165123,93
165132,93
165152,93
165162,93
165172,93
165182,93
165190,93
165201,95
165212,95
165232,95
165242,95
165254,93
165262,93
165272,93
165282,93
165290,93
165302,95
165325,95
165332,95
165340,95
165352,91
165364,91
165374,91
165384,91
165394,93
165415,93
165444,89
165453,89
165464,89
165473,89
165484,89
165520,93
165530,93
165615,95
165634,93
165644,93
165684,93
165692,93
165712,93
165732,91
165742,91
165822,93
165832,93
165852,93
165862,93
165873,93
165882,93
165892,93
165922,93
165932,93
165972,93
165983,93
166032,91
166052,91
166070,93
166102,93
166113,91
166132,91
166142,91
166160,93
166172,93
166192,93
166202,93
166232,93
166242,93
166292,95
166312,95
166332,95
166351,95
166362,95
166372,95
166392,95
166412,93
166422,93
166440,93
166495,93
166502,91
166546,93
166554,93
166596,99
166602,99
166624,99
166644,97
166654,97
166664,97
166674,97
166694,93
166714,93
166734,93
166754,93
166794,91
166843,91
166853,91
166873,91
166912,89
166922,89
166971,91
167021,93
167042,93
167052,93
167142,93
167172,93
167180,93
167213,93
167222,93
167272,93
167322,93
167332,93
167372,93
167382,93
167422,95
167430,95
167522,93
167532,93
167573,91
167602,91
167622,91
167662,91
167683,91
167694,93
167701,93
167774,91
167845,91
167853,91
167864,91
167880,93
167934,91
167984,93
167994,93
168063,91
168072,93
168102,93
168112,93
168133,93
168161,95
168172,95
168180,95
168203,95
168211,95
168222,95
168232,95
168240,95
168262,93
168273,93
168283,93
168293,93
168302,93
168312,93
168321,93
168342,93
168352,93
168362,95
168390,95
168400,95
168442,101
168512,95
168552,93
168582,93
168592,93
168602,93
168643,93
168682,93
168694,93
168702,93
168712,93
168732,93
168776,95
168792,101
168812,101
168822,101
168872,97
168902,95
168936,93
168942,93
168984,91
169014,91
169044,91
169064,91
169076,89
169104,89
169120,87
169184,89
169193,89
169223,91
169234,91
169253,91
169265,91
169293,91
169302,91
169364,93
169371,93
169382,93
169392,93
169411,93
169432,93
169470,91
169482,91
169512,93
169540,93
169550,93
169566,93
169593,93
169602,93
169680,93
169702,95
169722,95
169742,93
169762,93
169802,95
169833,93
169913,95
169934,93
169942,93
169982,95
169992,95
170002,95
170032,95
170062,95
170102,95
170184,93
170226,91
170254,91
170274,89
170344,89
170354,89
170364,91
170424,95
170433,95
170563,95
170612,93
170682,91
170702,91
170752,93
170852,93
170862,93
170881,91
170922,91
170932,93
170952,93
170962,93
170991,93
171010,93
171073,95
171102,95
171112,95
171122,93
171152,93
171192,93
171222,93
171252,93
171272,93
171322,93
171350,93
171494,93
171514,93
171535,93
171544,93
171565,91
171643,91
171654,91
171732,93
171782,97
171800,95
171862,95
171882,95
171892,95
171902,95
171910,95
171920,95
171972,91
171990,91
172012,91
172052,89
172063,89
172072,93
172082,93
172102,93
172132,91
172142,91
172152,91
172172,93
172202,93
172343,93
172390,93
172462,95
172471,95
172625,95
172635,95
172654,97
172664,97
172694,97
172730,93
172753,95
172794,91
172824,91
172864,93
172873,93
172983,95
172992,95
173002,95
173012,95
173034,95
173052,95
173102,93
173112,93
173122,93
173182,93
173192,93
173212,93
173344,95
173352,95
173402,95
173520,93
173682,91
173692,91
173802,89
173820,89
173844,89
173854,89
173883,89
173984,95
174162,95
174202,95
174282,93
174303,93
174332,93
174350,93
174422,93
174432,93
174452,93
174472,95
174492,95
174570,95
174610,91
174632,91
174642,91
174752,91
174783,91
174846,93
174912,93
174952,93
174972,93
175022,91
175065,89
175072,89
175094,89
175233,93
175304,93
175324,93
175332,93
175432,93
175492,93
175510,93
175642,97
175722,95
175732,95
175782,93
175861,93
175872,93
175903,93
175992,97
176052,95
176062,95
176070,95
176162,93
176282,93
176337,93
176454,93
176474,91
176515,89
176534,89
176562,89
176574,89
176582,89
176642,93
176872,91
176992,95
177012,95
177042,93
177102,95
177133,91
177192,95
177282,95
177332,91
177415,91
177421,91
177525,89
177554,89
177571,95
177594,95
177615,97
177620,97
177634,97
177654,97
177673,97
177713,93
177733,93
177763,93
177772,93
177813,91
177851,91
177861,91
177872,91
177922,91
177941,91
177952,91
177962,91
177972,91
177982,91
177992,93
178013,93
178042,93
178142,95
178152,95
178162,95
178172,95
178182,93
178232,93
178262,93
178273,93
178332,91
178341,91
178352,91
178394,93
178403,93
178413,93
178452,95
178462,95
178472,99
178532,99
178542,99
178572,95
178582,95
178611,91
178652,91
178675,87
178684,87
178705,89
178743,89
178754,91
178764,91
178785,91
178804,93
178814,93
178824,93
178834,93
178844,93
178874,95
178894,95
178954,95
178975,95
178993,91
179002,91
179051,91
179062,91
179082,91
179101,91
179122,91
179134,93
179143,93
179150,93
179160,93
179174,93
179184,97
179202,97
179212,97
179222,97
179232,95
179240,95
179264,95
179272,95
179282,93
179293,93
179302,93
179312,93
179322,93
179333,93
179365,93
179382,93
179402,93
179424,93
179460,93
179502,93
179533,93
179562,93
179573,99
179582,99
179602,99
179614,97
179622,97
179632,97
179642,97
179672,97
179702,97
179722,93
179732,93
179762,91
179773,91
179792,91
179803,91
179823,91
179845,91
179862,93
179894,93
179905,95
179914,95
179922,95
179934,95
179941,95
179950,93
179961,93
179981,93
179993,93
180014,95
180045,93
180051,93
180060,93
180074,93
180084,93
180105,93
180114,93
180124,93
180134,93
180173,93
180183,93
180242,93
180252,93
180284,93
180304,93
180322,93
180362,95
180372,95
180423,95
180432,93
180442,93
180452,93
180462,93
180474,93
180483,93
180491,93
180532,91
180552,91
180572,93
180652,93
180664,93
180672,93
180682,93
180722,93
180742,93
180752,93
180782,93
180792,93
180812,87
180822,87
180832,87
180860,89
180882,89
180892,89
180902,89
180911,89
180933,89
180942,89
180972,91
180982,91
180993,95
181012,95
181036,95
181061,97
181072,97
181082,97
181101,95
181122,95
181135,95
181145,93
181214,95
181245,97
181250,97
181261,97
181274,97
181284,97
181310,97
181320,97
181336,93
181383,93
181403,93
181433,93
181442,93
181453,93
181462,93
181473,93
181482,93
181491,93
181542,99
181562,99
181582,95
181592,95
181602,95
181622,97
181632,97
181645,97
181652,97
181662,97
181670,95
181683,95
181704,95
181712,95
181720,93
181752,93
181764,93
181802,93
181832,93
181862,93
181904,93
181923,93
181933,93
181942,93
181953,93
182053,93
182082,93
182091,93
182112,91
182122,91
182150,91
182162,91
182172,91
182183,91
182191,91
182222,91
182232,91
182242,91
182253,91
182282,91
182305,91
182310,91
182322,91
182374,91
182385,91
182393,91
182494,91
182524,93
182534,93
182566,93
182613,93
182624,93
182665,95
182673,95
182692,95
182702,95
182722,95
182832,95
182845,95
182872,95
182882,95
182891,95
182904,95
182912,95
182922,95
182932,95
182953,97
182960,97
182973,97
182983,97
182992,97
183012,95
183022,95
183042,95
183055,101
183063,101
183072,101
183080,101
183092,101
183113,97
183122,97
183131,97
183145,97
183152,97
183160,97
183173,97
183182,97
183191,95
183202,95
183213,95
183232,95
183243,93
183253,93
183262,93
183272,93
183282,93
183292,93
183303,93
183312,93
183332,93
183342,91
183352,91
183366,91
183372,91
183385,91
183392,91
183400,91
183412,91
183422,91
183437,91
183452,91
183462,91
183470,91
183482,93
183496,93
183502,93
183510,93
183522,93
183535,93
183576,93
183584,93
183594,93
183615,93
183625,93
183634,93
183643,93
183654,93
183664,93
183674,95
183684,95
183694,95
183704,95
183714,95
183724,95
183736,95
183744,95
183750,95
183764,93
183774,93
183785,93
183795,93
183804,93
183814,93
183822,93
183834,93
183843,93
183853,93
183862,91
183882,91
183893,91
183905,91
183913,91
183922,91
183932,91
183942,91
183954,89
183962,89
183972,89
183992,89
184002,91
184012,91
184022,91
184032,91
184042,91
184053,89
184083,89
184094,91
184102,91
184145,95
184152,95
184161,95
184172,95
184183,95
184193,95
184201,95
184212,95
184222,95
184232,95
184240,95
184262,95
184272,95
184282,95
184292,93
184303,93
184312,93
184320,93
184333,95
184342,95
184352,95
184360,95
184372,95
184384,97
184392,97
184402,97
184412,97
184421,97
184433,97
184442,97
184454,97
184461,97
184474,97
184482,97
184512,97
184521,97
184532,95
184543,95
184552,95
184560,95
184573,95
184582,95
184591,95
184607,95
184626,95
184640,95
184652,95
184667,95
184702,93
184720,93
184742,93
184766,93
184781,91
184794,91
184804,91
184811,93
184825,93
184834,93
184844,93
184894,91
184904,91
184914,93
184936,93
184964,93
185035,93
185122,91
185152,91
185164,91
185173,91
185212,93
185243,91
185282,91
185293,93
185303,93
185310,93
185322,93
185334,93
185372,91
185392,91
185412,91
185442,91
185452,91
185464,91
185472,91
185531,95
185633,97
185642,97
185662,97
185671,97
185682,97
185692,97
185702,97
185720,93
185733,93
185762,93
185813,97
185822,97
185852,97
185892,97
185915,93
185922,93
185991,95
186004,95
186075,93
186084,93
186144,91
186154,95
186183,95
186195,95
186224,95
186235,95
186243,95
186273,95
186403,91
186412,91
186452,91
186493,89
186544,89
186582,89
186613,89
186633,91
186653,91
186692,91
186712,91
186733,93
186750,93
186814,95
186832,95
186924,95
186981,93
187012,93
187072,91
187092,91
187152,93
187214,97
187254,93
187294,95
187310,95
187344,91
187483,95
187503,95
187523,95
187532,93
187543,93
187562,93
187592,95
187662,95
187702,95
187783,95
187792,95
187800,95
187813,95
187893,95
187932,91
187982,93
188002,93
188032,91
188053,93
188070,93
188332,91
188415,91
188425,91
188445,95
188451,95
188514,93
188673,93
188703,93
188753,95
188813,95
188852,95
188861,95
188882,95
188913,95
188962,93
188992,93
189032,91
189080,91
189282,93
189301,93
189312,93
189322,93
189332,93
189362,93
189371,93
189383,93
189392,91
189432,91
189452,93
189463,93
189492,93
189550,93
189572,93
189614,95
189685,97
189735,95
189774,95
189814,95
189834,93
189893,93
189972,93
190042,93
190101,93
190373,91
190422,93
190432,93
190442,93
190463,93
190523,97
190542,95
190572,95
190602,95
190717,93
190762,93
190824,93
190836,93
190841,93
190883,93
190904,93
190935,91
190943,91
190954,91
191043,91
191084,93
191093,93
191182,93
191192,93
191262,95
191273,95
191293,91
191301,91
191354,89
191362,89
191372,89
191402,89
191422,89
191433,93
191443,93
191483,93
191502,93
191512,93
191552,95
191573,95
191674,95
191702,95
191723,95
191773,91
191813,91
191913,93
191935,93
191942,93
191962,91
192044,95
192136,93
192153,91
192160,91
192292,95
192343,93
192393,93
192452,93
192502,93
192562,91
192583,93
192662,93
192692,95
192742,91
192760,91
192773,93
192782,93
192822,93
192842,93
192852,93
192863,93
192933,93
192952,93
193032,91
193042,91
193133,91
193143,91
193155,93
193173,93
193212,93
193234,93
193255,93
193311,91
193376,93
193383,93
193395,93
193443,95
193514,91
193535,93
193573,93
193583,91
193592,91
193612,91
193622,91
193652,93
193662,93
193672,93
193702,93
193771,93
193862,93
193883,91
193892,91
193921,93
193971,93
194002,93
194013,93
194032,93
194071,91
194082,91
194093,91
194162,93
194182,93
194232,93
194302,93
194353,93
194362,93
194372,93
194435,95
194445,95
194454,95
194585,93
194604,93
194634,91
194644,91
194654,91
194684,93
194733,91
194752,91
194792,93
194804,93
194852,91
194881,93
194924,91
194933,91
194973,91
195023,89
195073,93
195154,93
195232,93
195332,93
195383,93
195453,91
195485,93
195552,93
195562,93
195571,93
195591,93
195602,93
195611,93
195627,93
195683,93
195714,93
195733,93
195784,93
195794,93
195814,93
195863,91
195874,91
195883,91
195913,93
196013,91
196062,91
196082,91
196202,91
196243,93
196261,93
196283,93
196342,95
196362,95
196472,97
196493,101
196563,97
196673,93
196743,95
196777,99
196782,99
196872,97
196884,97
196904,97
197025,95
197084,93
197124,95
197164,91
197231,93
197272,89
197291,89
197373,91
197402,95
197452,93
197462,93
197493,95
197512,95
197533,95
197562,93
197573,93
197592,93
197613,93
197622,93
197653,93
197663,93
197672,93
197683,93
197692,93
197713,93
197733,93
197773,93
197793,93
197832,93
197842,93
197872,93
197882,93
197902,93
197933,91
197965,89
197972,89
197990,89
198036,89
198135,91
198194,93
198264,93
198284,93
198336,93
198343,93
198393,93
198403,93
198433,93
198441,93
198592,93
198613,93
198643,93
198693,93
198721,93
198741,95
198761,95
198813,95
198842,97
198871,95
198912,95
198943,97
198962,97
198971,95
199022,95
199033,95
199141,93
199152,93
199162,93
199173,93
199183,93
199222,91
199242,91
199255,91
199304,89
199327,89
199404,89
199414,89
199433,89
199593,91
199603,91
199684,91
199762,93
199812,95
199831,97
199962,95
199992,93
200183,99
200361,93
200402,93
200432,93
200443,93
200504,93
200514,93
200524,93
200536,93
200545,89
200554,89
200563,89
200575,89
200584,89
200753,91
200793,91
200821,91
200833,91
200842,91
200853,91
200892,87
200903,87
200912,87
200933,89
201023,89
201073,93
201112,91
201133,91
201173,95
201213,93
201263,95
201333,91
201373,95
201383,95
201393,95
201473,97
201482,97
201503,93
201533,93
201633,93
201710,93
201734,95
201833,95
201874,93
201973,91
202031,93
202161,93
202213,93
202223,93
202233,93
202273,91
202303,89
202322,89
202383,89
202390,89
202401,93
202453,91
202472,91
202482,91
202493,95
202521,95
202542,91
202562,91
202571,91
202603,93
202613,93
202623,93
202635,89
202643,89
202653,89
202663,89
202672,89
202683,93
202693,93
202702,93
202713,93
202723,93
202733,93
202762,93
202773,93
202793,95
202802,95
202813,95
202823,95
202843,93
202853,93
202862,93
202882,95
202904,95
202911,95
202925,95
202936,95
202950,95
202963,95
202977,95
202982,95
202994,95
203025,93
203035,93
203051,93
203064,93
203074,93
203081,93
203095,93
203105,93
203123,93
203137,93
203145,93
203155,93
203163,93
203174,93
203183,93
203194,93
203203,93
203214,93
203223,93
203236,93
203253,93
203282,93
203293,93
203303,93
203325,93
203333,93
203343,93
203363,93
203373,93
203383,93
203392,93
203402,93
203413,93
203433,93
203442,93
203453,93
203463,93
203472,93
203483,93
203492,93
203503,93
203514,93
203523,93
203543,93
203552,93
203561,93
203603,93
203613,93
203623,93
203633,93
203643,91
203653,91
203661,91
203672,91
203693,89
203712,89
203733,89
203742,89
203763,89
203782,91
203793,91
203800,91
203814,91
203822,91
203833,93
203893,93
203904,93
203914,93
203921,93
203933,93
203946,93
203952,93
203962,93
203983,93
203992,93
204012,93
204033,91
204063,91
204072,93
204081,93
204103,93
204133,91
204141,91
204151,91
204165,93
204174,93
204185,93
204193,93
204214,91
204225,91
204234,91
204245,91
204253,91
204265,93
204271,93
204284,93
204294,93
204304,93
204313,91
204326,91
204333,91
204345,91
204353,93
204364,93
204373,93
204385,93
204405,93
204413,93
204433,93
204472,93
204483,93
204505,93
204522,93
204531,93
204543,93
204552,95
204562,95
204573,95
204591,93
204603,93
204615,93
204632,93
204643,95
204663,95
204672,95
204682,95
204693,93
204703,93
204713,93
204733,93
204743,93
204753,93
204762,93
204793,93
204803,93
204813,93
204823,93
204834,93
204841,93
204863,93
204873,93
204883,91
204893,91
204951,93
204961,93
204973,93
204983,93
204994,93
205023,95
205033,95
205043,95
205053,95
205073,95
205103,95
205112,95
205127,95
205131,95
205143,95
205153,95
205162,95
205173,91
205183,91
205233,93
205242,93
205253,93
205273,93
205282,93
205303,93
205312,93
205322,93
205332,93
205342,93
205352,93
205364,93
205375,93
205415,93
205436,93
205444,93
205455,93
205464,93
205476,93
205484,93
205495,93
205504,93
205514,93
205523,93
205535,93
205545,93
205566,91
205585,91
205595,91
205613,93
205623,93
205636,93
205645,93
205653,93
205663,93
205673,93
205683,93
205703,93
205713,93
205723,93
205753,91
205781,91
205792,93
205803,93
205823,93
205833,91
205843,91
205853,91
205863,91
205870,91
205903,95
205943,91
205952,91
205962,91
205983,93
205993,93
206032,93
206042,93
206053,93
206062,93
206073,93
206081,93
206233,95
206242,95
206253,95
206303,97
206316,93
206323,93
206333,93
206352,93
206361,95
206371,95
206383,95
206403,95
206411,91
206423,91
206432,91
206441,91
206453,93
206461,93
206473,93
206482,93
206493,93
206502,91
206511,91
206522,91
206533,91
206543,91
206555,95
206562,95
206571,95
206581,95
206592,95
206616,93
206626,93
206635,93
206645,93
206654,95
206665,95
206673,95
206685,95
206695,93
206706,93
206725,93
206746,93
206753,93
206765,93
206773,93
206785,93
206791,91
206813,91
206833,91
206844,93
206853,93
206864,93
206873,93
206883,91
206893,91
206903,91
206923,91
206943,93
206952,93
206963,93
206973,93
206983,91
206993,91
207002,91
207053,93
207063,93
207082,91
207093,91
207122,91
207133,91
207144,91
207153,91
207163,91
207174,91
207223,93
207231,93
207266,91
207271,91
207283,91
207313,95
207321,95
207333,95
207352,95
207361,93
207373,93
207382,93
207413,95
207423,95
207433,95
207443,95
207473,91
207483,91
207493,91
207503,95
207512,95
207522,95
207533,95
207542,95
207563,93
207573,93
207592,93
207623,95
207646,91
207653,91
207663,91
207672,91
207683,91
207693,93
207713,93
207736,93
207746,91
207764,91
207775,91
207792,93
207803,93
207812,93
207824,93
207836,91
207851,91
207861,91
207870,91
207895,93
207901,93
207915,93
207924,93
207937,91
207946,91
207955,91
207961,91
207995,93
208003,93
208013,93
208024,93
208033,93
208046,93
208054,93
208063,93
208073,95
208083,95
208093,95
208102,95
208133,93
208153,93
208161,93
208171,93
208182,93
208192,93
208213,91
208243,91
208251,91
208263,93
208272,93
208283,93
208291,93
208303,93
208311,91
208324,91
208343,91
208352,91
208361,93
208371,93
208391,93
208403,91
208433,91
208453,95
208481,95
208513,93
208563,93
208573,93
208581,93
208602,91
208622,91
208643,93
208663,93
208673,93
208682,93
208693,91
208701,91
208732,91
208773,93
208782,91
208793,91
208803,91
208815,91
208821,91
208833,93
208841,93
208851,93
208863,93
208891,91
208912,91
208923,91
208941,93
208952,93
208983,91
208993,91
209002,91
209026,95
209032,95
209045,95
209084,93
209106,93
209113,93
209125,95
209135,95
209145,95
209153,95
209164,95
209173,97
209185,97
209194,97
209201,97
209213,97
209224,97
209233,97
209244,97
209293,95
209303,95
209325,95
209333,95
209353,95
209363,93
209383,93
209412,93
209433,93
209442,93
209453,91
209463,91
209472,91
209504,91
209533,91
209572,91
209584,91
209592,91
209613,93
209623,93
209641,93
209653,93
209663,93
209672,93
209682,93
209703,93
209713,93
209721,93
209733,93
209743,91
209750,91
209761,91
209772,91
209783,91
209791,91
209801,91
209813,91
209823,91
209843,91
209853,91
209862,91
209881,91
209893,91
209943,91
209952,91
209963,91
209971,91
209983,93
209993,93
210001,93
210013,93
210042,93
210078,93
210082,93
210093,93
210110,93
210121,91
210137,91
210146,91
210156,91
210165,91
210181,93
210212,91
210224,91
210235,91
210242,91
210257,91
210275,95
210284,95
210295,95
210304,95
210315,97
210321,97
210335,97
210344,97
210363,95
210375,95
210384,95
210395,95
210404,95
210415,97
210425,97
210435,97
210445,97
210454,95
210463,95
210473,95
210513,95
210523,95
210533,95
210544,95
210553,93
210563,93
210573,93
210593,93
210603,93
210614,93
210623,93
210642,93
210661,93
210682,93
210693,93
210703,93
210713,93
210722,93
210733,93
210743,93
210753,93
210763,93
210773,93
210783,93
210791,93
210813,93
210823,93
210833,93
210843,93
210853,93
210863,93
210871,93
210883,91
210893,91
210913,91
210952,91
210973,91
210983,91
210992,91
211013,91
211023,91
211032,93
211043,93
211063,93
211083,91
211093,91
211113,91
211123,91
211133,91
211163,91
211174,91
211181,91
211193,91
211233,93
211242,93
211263,95
211272,95
211287,95
211293,95
211303,95
211322,95
211351,95
211366,95
211373,95
211385,95
211393,95
211414,95
211442,95
211455,95
211465,93
211494,93
211534,93
211561,93
211591,93
211604,93
211625,93
211644,93
211666,95
211693,95
211713,95
211724,95
211733,95
211744,95
211753,95
211763,95
211783,95
211793,95
211802,95
211813,95
211833,95
211841,93
211853,93
211883,93
211903,93
211912,93
211922,93
211952,91
211962,91
211973,91
212023,87
212041,89
212051,89
212062,89
212072,89
212083,93
212093,93
212102,93
212123,93
212133,93
212143,93
212152,93
212171,93
212181,93
212191,93
212213,93
212231,93
212242,93
212253,93
212271,93
212283,93
212293,93
212303,93
212313,93
212323,93
212333,93
212343,93
212353,93
212363,93
212373,93
212383,93
212391,93
212423,93
212442,93
212453,93
212463,93
212482,93
212493,93
212511,95
212521,95
212533,95
212543,95
212553,93
212562,93
212607,93
212613,93
212623,93
212631,93
212644,93
212655,93
212665,93
212675,93
212684,93
212701,91
212715,91
212724,91
212736,91
212751,93
212764,93
212784,93
212795,95
212803,95
212815,95
212825,95
212834,95
212855,95
212874,95
212883,95
212903,93
212913,93
212933,93
212943,93
212962,93
212976,93
212993,93
213011,93
213073,93
213083,91
213093,91
213103,91
213111,91
213123,91
213133,93
213153,93
213173,93
213183,93
213213,93
213222,93
213233,93
213244,93
213253,93
213282,91
213293,91
213301,91
213331,89
213343,89
213353,89
213363,89
213371,89
213383,89
213391,89
213402,89
213413,89
213423,89
213432,89
213443,89
213453,89
213471,89
213482,89
213503,89
213523,93
213549,93
213552,93
213593,99
213607,97
213623,97
213643,97
213653,95
213661,95
213672,95
213683,95
213733,95
213743,95
213753,91
213771,91
213783,91
213791,93
213803,93
213825,93
213851,91
213865,91
213885,91
213895,93
213906,93
213913,93
213925,93
213941,91
213954,91
213964,91
213975,91
213985,91
214004,93
214025,93
214034,93
214054,93
214065,93
214074,93
214085,93
214094,93
214113,93
214124,93
214133,93
214145,93
214153,93
214184,93
214193,93
214203,93
214224,91
214232,91
214243,91
214253,91
214263,91
214273,87
214282,87
214303,87
214312,87
214322,87
214333,87
214343,87
214352,87
214363,89
214373,89
214383,89
214392,89
214403,89
214414,91
214423,91
214433,91
214453,91
214463,95
214493,95
214513,93
214523,93
214533,93
214553,93
214563,95
214573,95
214583,95
214592,95
214604,91
214623,91
214631,91
214643,91
214653,95
214663,95
214673,95
214683,95
214693,95
214712,91
214722,91
214733,91
214752,95
214771,95
214783,95
214813,93
214832,93
214843,95
214853,95
214861,95
214873,95
214882,95
214893,95
214901,95
214913,95
214923,95
214933,95
214943,97
214953,97
214963,97
214973,97
214983,97
214993,93
215003,93
215013,93
215026,93
215035,93
215041,95
215051,95
215061,95
215075,95
215085,91
215095,91
215104,91
215111,91
215124,91
215136,95
215144,95
215154,95
215163,95
215175,95
215184,91
215191,91
215205,91
215216,91
215224,91
215231,93
215243,93
215255,93
215264,93
215275,91
215284,91
215295,91
215303,91
215314,91
215323,95
215334,95
215344,95
215353,95
215363,95
215374,93
215383,93
215393,93
215402,93
215413,93
215421,95
215431,95
215443,95
215453,95
215463,95
215471,91
215483,91
215493,91
215502,91
215513,93
215523,93
215531,93
215543,93
215552,93
215563,91
215573,91
215583,91
215591,91
215603,91
215614,93
215623,93
215633,93
215641,93
215653,93
215663,91
215675,91
215681,91
215693,91
215704,89
215713,89
215723,89
215733,89
215741,89
215753,89
215762,89
215775,89
215783,89
215791,89
215803,91
215813,91
215822,91
215833,91
215841,91
215851,91
215863,91
215872,91
215882,91
215894,93
215903,93
215911,93
215922,93
215933,93
215943,89
215951,89
215963,89
215973,89
215983,89
215993,91
216003,91
216013,91
216024,91
216031,91
216041,91
216054,91
216061,91
216072,91
216083,93
216093,93
216103,93
216111,93
216121,93
216133,93
216143,93
216153,93
216167,93
216173,93
216183,95
216193,95
216203,95
216213,95
216226,91
216233,91
216243,91
216254,91
216263,91
216275,95
216282,95
216294,95
216305,95
216314,95
216327,93
216332,93
216346,93
216354,93
216365,93
216374,95
216385,95
216393,95
216405,95
216411,95
216425,93
216433,93
216445,93
216454,93
216465,95
216474,95
216485,95
216493,95
216505,95
216515,93
216524,93
216533,93
216545,93
216553,93
216563,95
216573,95
216583,95
216593,95
216603,95
216611,95
216626,95
216632,95
216643,95
216651,95
216663,95
216671,95
216683,95
216693,95
216705,93
216712,93
216723,93
216733,93
216743,93
216753,93
216763,93
216773,93
216784,93
216793,93
216803,93
216811,93
216821,93
216832,93
216843,93
216853,93
216861,93
216873,93
216883,93
216893,93
216903,93
216913,93
216923,93
216933,93
216942,95
216953,95
216963,95
216973,95
216983,95
216991,93
217003,93
217013,93
217023,93
217031,93
217041,95
217051,95
217064,95
217073,95
217083,95
217093,91
217103,91
217113,91
217123,91
217134,93
217141,93
217153,93
217163,93
217173,93
217183,91
217193,91
217203,91
217213,91
217223,91
217233,93
217241,93
217253,93
217263,93
217271,91
217283,91
217291,91
217301,91
217312,91
217321,87
217334,87
217343,87
217353,87
217361,87
217373,89
217381,89
217393,89
217403,89
217413,89
217421,91
217433,91
217442,91
217455,91
217465,93
217475,93
217481,93
217495,93
217504,93
217516,95
217523,95
217535,95
217545,95
217555,95
217566,99
217575,99
217584,99
217591,99
217604,99
217615,97
217625,97
217636,97
217644,97
217655,97
217664,93
217675,93
217684,93
217695,93
217704,95
217715,95
217723,95
217734,95
217743,95
217755,91
217763,91
217773,91
217783,91
217793,91
217803,95
217813,95
217823,95
217836,95
217843,95
217853,93
217863,93
217873,93
217883,93
217893,93
217904,93
217914,93
217923,93
217932,93
217943,91
217953,91
217961,91
217971,91
217983,91
217993,95
218003,95
218011,95
218023,95
218033,95
218043,91
218053,91
218063,91
218073,91
218081,91
218093,93
218103,93
218113,93
218123,93
218133,89
218144,89
218153,89
218161,89
218171,89
218184,93
218191,93
218201,93
218213,93
218223,93
218233,91
218243,91
218253,91
218261,91
218273,91
218283,95
218291,95
218303,95
218313,95
218323,95
218333,93
218341,93
218353,93
218363,93
218375,95
218383,95
218392,95
218403,95
218413,95
218421,91
218433,91
218441,91
218453,91
218464,91
218473,93
218484,93
218493,93
218503,93
218513,89
218523,89
218531,89
218543,89
218553,89
218569,89
218572,89
218583,89
218593,89
218603,89
218613,89
218621,89
218633,89
218642,89
218653,89
218663,93
218673,93
218682,93
218694,93
218706,91
218714,91
218745,91
218765,93
218785,93
218805,91
218854,93
218914,91
218964,93
218973,93
219023,91
219073,93
219103,93
219124,93
219143,93
219153,93
219163,93
219173,93
219203,93
219213,93
219223,93
219263,93
219273,93
219282,93
219293,93
219313,93
219326,93
219331,99
219343,99
219353,99
219363,99
219374,97
219383,97
219403,97
219431,99
219453,99
219463,99
219471,95
219482,95
219493,95
219523,93
219553,93
219573,93
219581,93
219593,93
219622,93
219642,93
219651,93
219672,93
219693,93
219703,93
219723,93
219733,93
219741,93
219752,93
219761,95
219776,95
219785,95
219793,95
219803,95
219813,93
219821,93
219832,93
219843,93
219855,93
219872,93
219915,91
219975,93
219995,93
220024,91
220045,91
220065,91
220075,91
220115,89
220144,93
220154,93
220253,95
220284,93
220333,93
220343,93
220353,93
220383,91
220403,91
220413,91
220442,93
220473,91
220483,91
220523,93
220591,93
220603,93
220624,95
220643,95
220673,93
220681,93
220693,93
220701,93
220713,93
220723,93
220743,93
220753,93
220765,93
220773,93
220803,93
220816,91
220843,91
220861,93
220881,93
220906,93
220944,93
220953,95
221003,93
221013,93
221023,93
221083,93
221094,93
221185,93
221205,91
221314,91
221493,91
221583,91
221633,91
221653,91
221721,91
221801,91
221813,91
221843,91
221893,93
221973,93
221983,93
222083,95
222101,93
222143,95
222173,95
222183,95
222211,93
222263,93
222317,91
222345,95
222395,93
222421,93
222441,95
222451,95
222515,93
222583,91
222614,91
222623,89
222634,89
222663,89
222923,95
223233,95
223337,89
223363,89
223383,91
223393,91
223401,91
223423,91
223513,93
223526,93
223537,93
223581,93
223615,93
223734,91
223824,91
223853,91
223993,93
224142,93
224163,93
224193,93
224233,93
224273,93
224403,95
224423,95
224445,95
224663,95
224703,93
224777,93
224855,93
224865,95
225005,93
225045,93
225083,93
225093,93
225243,93
225373,93
225503,93
225663,93
225761,93
225803,93
225813,93
225823,93
225843,93
225853,93
226011,93
226121,93
226253,93
226273,93
226293,93
226383,95
226663,93
226681,93
226703,93
226793,91
226803,91
226894,89
226943,91
227014,93
227051,93
227083,93
227133,95
227384,91
227521,93
227535,93
227543,93
227583,93
227613,93
227643,93
227681,95
227753,93
227763,93
227791,93
227893,93
227963,93
228063,93
228153,95
228163,95
228233,91
228241,95
228251,95
228273,95
228283,95
228297,93
228323,93
228441,95
228585,89
228594,89
228646,91
228674,91
228684,91
228693,91
228703,91
228713,91
228723,95
228733,95
228743,95
228753,95
228763,95
228775,93
228783,93
228793,93
228803,93
228813,93
228823,95
228833,95
228843,95
228853,95
228864,93
228873,93
228883,93
228893,93
228903,93
228914,95
228923,95
228936,95
228943,95
228953,95
228961,91
228973,91
228983,91
228993,91
229003,91
229014,93
229024,93
229034,93
229043,93
229053,93
229063,93
229073,93
229083,93
229093,93
229104,93
229113,93
229123,93
229133,93
229143,93
229153,93
229161,93
229171,93
229183,93
229191,93
229203,93
229213,93
229223,93
229233,93
229243,93
229253,89
229263,89
229273,89
229283,89
229294,93
229303,93
229313,93
229321,93
229337,93
229342,91
229351,91
229361,91
229373,91
229383,91
229391,93
229406,93
229411,93
229423,93
229433,93
229443,93
229453,93
229463,93
229471,93
229483,95
229493,95
229506,95
229513,95
229523,95
229537,93
229545,93
229553,93
229561,93
229573,93
229585,95
229593,95
229606,95
229611,95
229624,95
229635,91
229645,91
229655,91
229661,91
229675,91
229684,93
229696,93
229705,93
229715,93
229726,89
229735,89
229741,89
229755,89
229764,89
229775,91
229785,91
229795,91
229804,91
229815,91
229824,89
229835,89
229843,89
229855,89
229865,91
229876,91
229884,91
229893,91
229903,91
229914,89
229923,89
229933,89
229943,89
229953,89
229963,93
229973,93
229987,93
229993,93
230003,93
230013,91
230023,91
230033,91
230041,91
230053,93
230065,93
230074,93
230083,93
230093,93
230104,93
230113,93
230123,93
230133,93
230143,93
230153,95
230166,95
230173,95
230183,95
230191,95
230201,95
230213,95
230223,95
230233,95
230244,95
230253,95
230264,95
230273,95
230283,95
230293,95
230303,95
230313,95
230323,95
230333,95
230344,95
230353,95
230363,95
230373,95
230383,95
230393,93
230403,93
230413,93
230423,93
230433,93
230443,95
230453,95
230463,95
230473,95
230483,95
230493,91
230503,91
230513,91
230524,91
230534,93
230543,93
230553,93
230563,93
230573,93
230585,93
230593,93
230601,93
230613,93
230624,93
230634,93
230643,93
230653,93
230663,93
230673,93
230683,91
230693,91
230703,91
230713,91
230721,91
230733,93
230743,93
230753,93
230763,93
230775,93
230783,93
230791,93
230805,93
230814,93
230826,95
230833,95
230845,95
230851,95
230861,95
230875,93
230885,93
230896,93
230906,93
230915,93
230925,95
230932,95
230941,95
230954,95
230965,95
230974,91
230985,91
230996,91
231005,91
231014,91
231025,91
231034,91
231045,91
231052,91
231065,89
231073,89
231084,89
231093,89
231104,89
231113,89
231123,89
231133,89
231144,89
231152,89
231163,89
231174,89
231184,89
231193,89
231203,93
231213,93
231223,93
231233,93
231243,93
231253,93
231263,93
231271,93
231283,93
231293,93
231303,93
231313,93
231323,93
231331,93
231343,93
231353,93
231361,93
231375,93
231383,93
231394,95
231403,95
231413,95
231423,95
231433,95
231446,93
231453,93
231463,93
231473,93
231483,93
231493,93
231503,93
231513,93
231521,93
231533,91
231543,91
231551,91
231563,91
231573,91
231584,93
231593,93
231603,93
231613,93
231623,93
231633,93
231643,93
231654,93
231663,93
231673,93
231683,95
231693,95
231703,95
231713,95
231723,95
231733,93
231743,93
231753,93
231765,93
231773,95
231783,95
231793,95
231803,95
231813,95
231822,93
231833,93
231843,93
231853,93
231863,93
231873,93
231883,93
231893,93
231903,93
231911,93
231923,91
231933,91
231946,91
231953,91
231962,93
231973,93
231983,93
231993,93
232005,93
232016,91
232026,91
232036,91
232044,91
232055,91
232064,95
232075,95
232084,95
232091,95
232104,95
232114,97
232125,97
232136,97
232145,97
232155,97
232164,95
232175,95
232184,95
232194,95
232204,93
232215,93
232226,93
232235,93
232244,93
232254,93
232264,93
232275,93
232283,93
232294,93
232303,91
232314,91
232323,91
232334,91
232343,91
232353,93
232366,93
232373,93
232383,93
232393,91
232403,91
232413,91
232424,91
232433,91
232444,93
232453,93
232473,93
232485,93
232495,93
232504,93
232513,93
232523,93
232533,93
232541,93
232553,93
232563,93
232573,93
232583,93
232593,93
232603,93
232613,93
232623,93
232634,93
232643,93
232653,93
232663,93
232673,93
232683,91
232693,91
232703,91
232733,91
232743,91
232753,91
232763,91
232773,91
232783,91
232793,91
232801,91
232824,93
232833,93
232843,93
232853,93
232863,93
232873,91
232883,91
232893,91
232903,91
232913,91
232923,93
232943,93
232953,93
232963,91
232973,91
232985,91
232993,91
233003,91
233013,93
233023,93
233033,93
233041,93
233054,93
233064,91
233083,91
233093,91
233113,93
233123,93
233133,93
233143,93
233155,93
233161,93
233171,93
233183,93
233193,93
233205,93
233213,93
233225,93
233233,93
233247,93
233253,93
233266,93
233285,93
233305,93
233315,93
233326,93
233342,93
233365,93
233395,93
233406,93
233414,93
233426,93
233434,93
233445,93
233454,93
233465,93
233474,93
233485,93
233493,93
233504,93
233513,93
233524,93
233533,93
233544,93
233553,93
233563,93
233573,93
233584,93
233593,93
233603,93
233615,93
233625,93
233632,95
233643,95
233653,95
233662,95
233713,93
233733,97
233744,97
233753,97
233763,97
233773,97
233783,95
233794,95
233803,95
233813,95
233824,93
233833,93
233843,93
233851,93
233863,93
233876,93
233883,93
233903,93
233911,93
234133,93
234153,93
234174,93
234183,93
234203,93
234213,91
234223,91
234233,91
234241,91
234254,93
234264,93
234271,93
234283,93
234293,93
234313,89
234323,89
234333,89
234343,89
234351,93
234366,93
234373,93
234381,93
234393,93
234401,91
234415,91
234423,91
234433,91
234442,93
234456,93
234465,93
234481,93
234495,93
234514,93
234525,93
234537,93
234544,91
234555,91
234564,91
234576,91
234585,91
234601,91
234615,91
234624,91
234655,91
234664,91
234675,91
234684,93
234695,93
234703,93
234715,93
234723,93
234735,91
234744,91
234755,91
234761,91
234774,91
234783,93
234793,93
234803,93
234813,93
234833,91
234845,91
234853,91
234881,93
234893,93
234901,93
234923,91
234943,91
234953,91
234963,91
234973,93
234993,93
235003,93
235014,93
235023,93
235033,93
235043,93
235053,93
235064,93
235073,93
235081,93
235093,93
235103,93
235113,93
235123,93
235133,93
235143,93
235153,93
235163,95
235174,95
235183,95
235193,95
235204,93
235213,93
235223,93
235233,93
235243,93
235254,95
235261,95
235271,95
235281,95
235293,95
235303,91
235313,91
235325,91
235333,91
235343,91
235353,93
235363,93
235373,93
235383,93
235393,93
235403,91
235413,91
235423,91
235433,91
235444,93
235453,93
235463,93
235473,93
235483,93
235494,95
235503,95
235513,95
235521,95
235533,95
235543,95
235551,95
235563,95
235573,95
235581,95
235593,93
235601,93
235613,93
235623,93
235632,95
235643,95
235655,95
235665,95
235674,95
235686,93
235694,93
235705,93
235711,93
235725,93
235732,95
235746,95
235755,95
235761,95
235776,95
235785,93
235795,93
235805,93
235814,93
235825,93
235831,93
235846,93
235855,93
235865,93
235874,91
235885,91
235894,91
235905,91
235913,91
235924,93
235933,93
235944,93
235954,93
235964,93
235974,91
235984,91
235993,91
236003,91
236013,91
236024,91
236034,91
236044,91
236054,91
236064,89
236073,89
236083,89
236093,89
236103,89
236113,93
236123,93
236133,93
236143,93
236153,93
236163,91
236174,91
236183,91
236191,91
236203,91
236213,93
236224,93
236233,93
236243,93
236256,93
236263,93
236273,93
236281,93
236291,93
236302,95
236313,95
236323,95
236333,95
236343,95
236353,91
236363,91
236373,91
236383,91
236391,91
236403,93
236413,93
236423,93
236433,93
236443,91
236453,91
236463,91
236473,91
236481,91
236494,95
236504,95
236511,95
236523,95
236538,95
236543,93
236553,93
236561,93
236573,93
236583,93
236593,95
236603,95
236615,95
236623,95
236633,95
236641,93
236653,93
236663,93
236673,93
236684,93
236693,93
236701,93
236713,93
236723,93
236733,91
236741,91
236752,91
236763,91
236773,91
236783,93
236803,93
236813,93
236823,93
236833,89
236843,89
236853,89
236865,89
236883,93
236896,93
236905,93
236926,93
236931,93
236954,93
236964,93
236975,93
236985,93
236994,93
237004,93
237015,93
237025,93
237044,93
237055,93
237065,93
237076,93
237084,93
237094,93
237104,93
237114,91
237134,91
237144,91
237153,91
237166,91
237176,91
237183,91
237193,91
237201,91
237213,91
237223,91
237233,91
237244,91
237254,93
237263,93
237281,93
237293,93
237305,93
237313,93
237321,93
237353,93
237363,93
237373,93
237393,93
237403,93
237413,93
237423,93
237433,93
237443,93
237453,93
237466,93
237473,93
237483,93
237494,93
237503,93
237513,93
237521,93
237533,93
237546,93
237563,93
237571,93
237592,93
237603,93
237613,93
237623,93
237633,93
237643,91
237654,91
237663,91
237673,91
237683,91
237693,93
237703,93
237713,93
237723,93
237733,93
237743,93
237753,93
237763,93
237773,93
237782,95
237793,95
237803,95
237813,95
237823,95
237833,93
237843,93
237853,93
237863,93
237873,93
237881,95
237894,95
237903,95
237911,95
237923,95
237933,91
237953,91
237962,91
237976,95
237983,95
237993,95
238003,95
238013,95
238026,91
238042,91
238053,91
238065,91
238085,93
238091,93
238106,93
238113,93
238121,91
238136,91
238146,91
238154,91
238162,93
238174,93
238186,93
238195,93
238205,93
238212,91
238226,91
238231,91
238245,91
238251,91
238284,93
238305,93
238316,89
238326,89
238334,89
238344,89
238354,93
238364,93
238373,93
238386,93
238393,93
238404,91
238411,91
238424,91
238433,91
238443,91
238453,95
238461,95
238473,95
238503,95
238513,95
238523,95
238533,95
238541,95
238551,95
238563,95
238576,95
238581,95
238594,93
238603,93
238613,93
238623,93
238631,93
238643,95
238654,95
238663,95
238681,95
238703,91
238711,91
238721,91
238733,91
238761,93
238773,93
238786,91
238793,91
238801,91
238813,91
238823,91
238834,93
238844,93
238853,93
238863,93
238873,93
238883,95
238893,95
238901,95
238913,95
238921,95
238933,95
238943,95
238953,95
238963,95
238973,95
238983,93
238992,93
239003,93
239014,93
239026,95
239034,95
239044,95
239051,95
239063,95
239074,91
239083,91
239093,91
239103,91
239111,91
239123,89
239138,89
239143,89
239152,89
239161,89
239173,89
239184,89
239193,89
239203,89
239212,91
239223,91
239233,91
239241,91
239253,91
239265,91
239273,91
239283,91
239291,91
239305,91
239311,93
239327,93
239331,93
239341,93
239355,93
239361,93
239375,93
239384,93
239395,93
239405,93
239415,93
239421,93
239435,93
239445,93
239455,91
239465,91
239474,91
239484,91
239496,91
239504,93
239515,93
239524,93
239534,93
239543,93
239555,91
239563,91
239575,91
239583,91
239594,93
239606,93
239614,93
239623,93
239633,93
239643,91
239653,91
239663,91
239673,91
239681,91
239693,93
239705,93
239713,93
239723,93
239731,93
239743,93
239753,93
239763,93
239773,93
239784,95
239794,95
239801,95
239813,95
239823,95
239834,93
239843,93
239853,93
239863,93
239871,93
239883,95
239893,95
239905,95
239913,95
239923,95
239933,93
239941,93
239953,93
239963,93
239975,93
239983,95
239993,95
240003,95
240013,95
240024,93
240033,93
240043,93
240053,93
240063,93
240074,95
240083,95
240093,95
240101,95
240113,95
240121,91
240132,91
240143,91
240153,91
240163,91
240171,93
240185,93
240193,93
240203,93
240212,91
240223,91
240233,91
240243,91
240254,91
240264,93
240273,93
240283,93
240293,93
240303,93
240313,89
240324,89
240333,89
240344,89
240354,89
240363,89
240373,89
240383,89
240393,89
240404,89
240413,89
240423,89
240433,89
240443,89
240453,93
240463,93
240473,93
240483,93
240493,93
240501,91
240515,91
240525,91
240531,91
240546,91
240554,95
240561,95
240571,95
240585,95
240592,93
240605,93
240614,93
240625,93
240631,93
240645,95
240651,95
240661,95
240674,95
240681,95
240695,93
240706,93
240714,93
240726,93
240734,93
240746,93
240754,93
240765,93
240774,93
240782,91
240793,91
240805,91
240814,91
240823,91
240833,91
240844,91
240853,91
240862,91
240873,91
240883,91
240894,91
240903,91
240913,91
240926,91
240933,93
240941,93
240953,93
240963,93
240974,91
240983,91
240994,91
241003,91
241013,91
241024,93
241033,93
241043,93
241053,93
241063,93
241073,97
241083,97
241091,97
241101,97
241114,97
241123,95
241133,95
241143,95
241153,95
241163,95
241173,93
241184,93
241193,93
241203,93
241213,93
241223,85
241233,85
241243,85
241253,85
241262,75
241273,75
241281,75
241293,75
241303,75
241313,65
241323,65
241333,65
241343,65
241353,65
241363,61
241374,61
241383,61
241393,61
241403,61
241413,71
241423,71
241433,71
241443,71
241453,71
241464,83
241473,83
241484,83
241491,83
241503,83
241512,91
241521,91
241533,91
241543,91
241553,91
241569,93
241573,93
241583,93
241591,93
241603,93
241612,93
241623,93
241633,93
241641,93
241653,93
241663,93
241673,93
241687,93
241693,93
241701,93
241711,93
241721,95
241736,95
241746,95
241756,95
241764,95
241775,99
241785,99
241795,99
241804,99
241816,99
241824,101
241835,101
241844,101
241855,101
241864,101
241875,105
241884,105
241895,105
241904,105
241915,105
241924,109
241936,109
241941,109
241954,109
241964,109
241974,111
241984,111
241994,111
242004,111
242015,111
242025,115
242035,115
242043,115
242054,115
242063,115
242072,115
242083,115
242093,115
242103,115
242113,115
242124,115
242133,115
242144,115
242153,115
242163,115
242172,115
242183,115
242193,115
242201,115
242213,115
242224,119
242233,119
242241,119
242251,119
242263,119
242273,119
242283,119
242294,119
242303,119
242313,119
242321,119
242333,119
242347,119
242351,119
242363,119
242373,119
242383,117
242394,117
242403,117
242413,117
242423,117
242431,113
242443,113
242453,113
242463,113
242471,113
242483,111
242493,111
242503,111
242511,111
242521,111
242533,109
242543,109
242553,109
242563,109
242573,109
242583,109
242593,109
242604,109
242611,109
242623,109
242633,107
242643,107
242653,107
242663,107
242673,105
242681,105
242693,105
242704,105
242713,105
242724,103
242733,103
242743,103
242753,103
242763,103
242776,99
242783,99
242793,99
242801,99
242813,99
242821,97
242833,97
242844,97
242853,97
242861,97
242871,95
242883,95
242893,95
242903,95
242916,85
242923,85
242936,85
242946,85
242951,85
242965,83
242977,83
242985,83
242994,83
243002,79
243014,79
243026,79
243034,79
243046,79
243054,81
243065,81
243071,81
243085,81
243094,81
243101,83
243114,83
243126,83
243131,83
243147,87
243155,87
243164,87
243174,87
243184,87
243194,81
243204,81
243212,81
243224,81
243234,81
243244,81
243252,81
243264,81
243273,81
243284,81
243293,81
243303,81
243313,81
243324,81
243333,83
243345,83
243353,83
243363,83
243372,85
243383,85
243391,85
243403,85
243413,85
243423,87
243433,87
243443,87
243453,87
243464,87
243473,87
243483,87
243493,87
243503,87
243513,93
243523,93
243533,93
243543,93
243551,93
243563,91
243573,91
243581,91
243593,91
243604,93
243614,93
243623,93
243633,93
243643,93
243653,89
243663,89
243671,89
243683,89
243694,91
243703,91
243711,91
243723,91
243733,91
243744,93
243753,93
243763,93
243773,93
243783,93
243793,95
243801,95
243813,95
243823,95
243833,95
243843,97
243854,97
243863,97
243873,97
243882,97
243897,97
243904,97
243911,97
243923,97
243934,99
243943,99
243953,99
243963,99
243973,99
243984,99
243993,99
244003,99
244013,99
244023,99
244031,99
244043,99
244053,99
244063,99
244073,99
244083,97
244093,97
244101,97
244113,97
244126,97
244133,97
244143,97
244153,97
244164,97
244177,95
244186,95
244194,95
244204,95
244215,95
244225,97
244234,97
244245,97
244255,97
244264,97
244276,95
244281,95
244298,95
244304,95
244315,95
244321,95
244336,95
244344,95
244351,95
244364,95
244377,95
244385,95
244395,95
244404,95
244414,95
244423,95
244436,95
244445,95
244455,95
244464,95
244474,95
244483,95
244493,95
244503,95
244513,95
244523,95
244533,95
244543,95
244554,93
244563,93
244573,93
244583,93
244593,93
244602,93
244611,93
244623,93
244633,93
244643,93
244652,93
244664,93
244673,93
244683,93
244694,89
244703,89
244713,89
244721,89
244733,89
244744,93
244753,93
244764,93
244771,93
244783,93
244791,95
244802,95
244813,95
244823,95
244833,95
244841,95
244853,95
244861,95
244873,95
244884,97
244893,97
244903,97
244913,97
244923,97
244934,97
244943,97
244953,97
244963,97
244971,97
244981,99
244993,99
245003,99
245013,99
245024,99
245033,97
245044,97
245053,97
245063,97
245074,95
245083,95
245093,95
245103,95
245113,95
245121,95
245133,95
245143,95
245153,95
245163,95
245173,95
245183,95
245193,95
245203,95
245214,93
245223,93
245233,93
245243,93
245253,93
245263,95
245273,95
245281,95
245293,95
245307,95
245315,95
245323,95
245333,95
245343,95
245353,95
245363,97
245372,97
245386,97
245393,97
245405,97
245411,99
245426,99
245434,99
245445,99
245455,97
245464,97
245474,97
245485,97
245495,97
245506,97
245514,97
245526,97
245532,97
245546,97
245554,97
245566,97
245574,97
245584,97
245594,97
245607,97
245614,97
245624,97
245634,97
245644,97
245653,97
245665,97
245673,97
245684,97
245693,97
245703,97
245713,97
245723,97
245733,97
245744,97
245753,97
245766,97
245773,97
245783,97
245794,97
245803,97
245813,97
245821,97
245833,97
245843,95
245854,95
245864,95
245873,95
245883,95
245893,95
245904,95
245913,95
245921,95
245934,95
245943,95
245953,95
245963,95
245973,95
245984,93
245993,93
246003,93
246013,93
246023,93
246033,93
246043,93
246053,93
246063,93
246073,93
246083,93
246093,93
246103,93
246113,93
246123,95
246133,95
246143,95
246153,95
246161,95
246173,95
246183,95
246193,95
246203,95
246213,95
246224,95
246233,95
246243,95
246253,95
246263,95
246273,95
246283,95
246293,95
246303,95
246314,93
246321,93
246337,93
246343,93
246353,93
246364,93
246373,93
246383,93
246393,93
246403,93
246413,95
246424,95
246433,95
246443,95
246453,95
246463,95
246473,95
246481,95
246493,95
246506,97
246513,97
246523,97
246533,97
246543,97
246552,95
246563,95
246573,95
246582,95
246593,95
246603,95
246612,95
246622,95
246634,95
246647,95
246655,95
246662,95
246674,95
246681,95
246696,97
246707,97
246714,97
246724,97
246736,97
246744,95
246755,95
246761,95
246771,95
246786,95
246795,95
246804,95
246814,95
246824,95
246834,95
246844,95
246854,95
246863,95
246876,95
246884,95
246894,95
246903,95
246913,95
246923,95
246934,97
246943,97
246953,97
246961,97
246973,97
246984,97
246993,97
247001,97
247013,97
247023,97
247034,99
247043,99
247053,99
247064,99
247073,99
247083,97
247093,97
247103,97
247113,97
247121,97
247133,97
247143,97
247153,97
247163,97
247173,97
247183,97
247193,97
247204,97
247213,97
247224,95
247233,95
247241,95
247254,95
247262,95
247273,95
247281,95
247291,95
247303,95
247311,95
247323,93
247334,93
247343,93
247353,93
247364,95
247373,95
247383,95
247393,95
247401,95
247414,93
247423,93
247433,93
247443,93
247453,93
247463,95
247471,95
247484,95
247493,95
247503,95
247513,93
247524,93
247531,93
247541,93
247554,89
247563,89
247571,89
247583,89
247593,89
247603,91
247613,91
247623,91
247631,91
247648,91
247653,87
247663,87
247673,87
247683,87
247696,91
247703,91
247713,91
247726,91
247733,91
247746,93
247891,95
247905,95
247914,95
247921,95
247938,99
247946,99
247954,99
247961,99
247974,99
247986,97
247995,97
248005,97
248014,97
248024,97
248034,99
248045,99
248054,99
248064,99
248073,95
248084,95
248093,95
248104,95
248113,95
248127,95
248133,95
248143,95
248153,95
248163,95
248173,95
248184,95
248193,95
248204,95
248213,95
248223,95
248234,95
248243,95
248253,95
248261,95
248271,95
248283,95
248293,95
248306,95
248313,95
248323,95
248333,95
248343,95
248353,95
248364,95
248373,95
248383,95
248394,95
248403,95
248414,95
248423,95
248433,95
248443,95
248454,95
248463,95
248472,95
248483,95
248493,95
248503,95
248511,95
248522,95
248533,95
248543,95
248553,95
248561,95
248573,95
248582,95
248596,95
248604,97
248612,97
248624,97
248631,97
248643,97
248652,97
248664,97
248673,97
248683,97
248693,97
248703,97
248714,97
248723,97
248733,97
248743,97
248754,95
248764,95
248773,95
248783,95
248794,95
248803,95
248813,95
248823,95
248834,95
248844,93
248853,93
248863,93
248873,93
248883,93
248893,95
248904,95
248913,95
248923,95
248932,95
248943,93
248956,93
248963,93
248973,93
248986,93
248993,93
249001,93
249015,93
249025,93
249034,93
249044,93
249052,93
249064,93
249074,93
249084,95
249092,95
249104,95
249114,95
249124,95
249137,95
249146,95
249155,95
249164,95
249174,95
249185,95
249191,95
249201,95
249214,95
249224,95
249231,95
249246,95
249254,95
249263,95
249274,95
249284,95
249294,95
249303,95
249316,95
249324,95
249334,95
249343,95
249353,95
249364,95
249372,97
249383,97
249393,97
249403,97
249414,95
249423,95
249433,95
249441,95
249453,95
249462,95
249473,95
249483,95
249492,95
249503,95
249513,95
249522,95
249533,95
249543,95
249553,95
249561,95
249573,95
249584,95
249594,95
249604,95
249614,95
249623,95
249631,95
249643,95
249654,95
249663,95
249673,95
249683,95
249693,95
249703,95
249713,95
249721,95
249733,95
249743,95
249753,95
249763,95
249773,95
249783,95
249793,95
249803,97
249814,97
249823,97
249833,97
249843,97
249853,97
249863,97
249873,97
249884,97
249894,101
249904,101
249913,101
249923,101
249933,101
249943,97
249953,97
249963,97
249973,97
249983,97
249993,95
250003,95
250013,95
250023,95
250031,95
250043,97
250054,97
250061,97
250073,97
250083,97
250093,97
250104,97
250113,97
250123,97
250137,97
250143,97
250153,97
250161,97
250172,97
250186,95
250193,95
250203,95
250214,95
250226,95
250231,95
250246,95
250254,95
250265,95
250274,95
250285,93
250294,93
250305,93
250314,93
250324,95
250334,95
250346,95
250354,95
250364,95
250374,93
250385,93
250394,93
250405,93
250413,93
250426,93
250434,93
250444,93
250454,93
250464,93
250474,93
250484,93
250493,93
250504,93
250513,95
250524,95
250533,95
250544,95
250553,95
250564,93
250573,93
250583,93
250592,93
250604,93
250612,91
250624,91
250631,91
250643,91
250653,91
250663,93
250673,93
250683,93
250693,93
250704,93
250713,93
250722,93
250733,93
250743,93
250753,93
250763,93
250773,93
250783,93
250793,93
250801,93
250814,93
250824,93
250842,93
250853,93
250863,93
250873,93
250883,93
250894,95
250903,95
250913,95
250923,95
250933,95
250943,95
250951,95
250961,95
250973,95
250983,95
250993,97
251003,97
251012,97
251022,97
251033,97
251043,99
251052,99
251063,99
251073,99
251082,99
251093,99
251103,99
251113,99
251123,99
251134,99
251142,99
251151,99
251163,99
251174,99
251184,97
251191,97
251202,97
251213,97
251223,97
251233,97
251244,97
251253,97
251261,97
251273,97
251283,97
251292,97
251303,97
251311,97
251324,95
251333,95
251343,95
251353,95
251361,95
251373,95
251382,95
251393,95
251403,95
251413,95
251424,95
251433,95
251444,95
251456,95
251465,95
251471,97
251484,97
251495,97
251502,97
251511,97
251524,95
251538,95
251541,95
251555,95
251564,95
251576,97
251584,97
251595,97
251604,97
251615,95
251624,95
251634,95
251646,95
251655,95
251664,95
251674,95
251684,95
251694,95
251704,95
251714,93
251724,93
251735,93
251743,93
251752,93
251761,93
251774,93
251783,93
251793,93
251802,91
251813,91
251833,91
251855,95
251863,95
251873,95
251881,95
251913,93
251923,93
251933,93
251943,93
251953,93
251963,93
251973,93
251983,93
251993,93
252014,93
252023,93
252033,93
252043,93
252053,93
252063,93
252072,93
252083,93
252093,93
252103,93
252113,93
252123,93
252134,97
252143,97
252153,97
252163,97
252185,95
252193,95
252203,95
252213,95
252223,95
252231,97
252243,97
252263,97
252423,95
252453,95
252463,95
252494,93
252503,93
252523,95
252593,95
252634,97
252645,97
252652,97
252666,95
252672,95
252684,95
252694,95
252706,97
252714,97
252734,97
252775,95
252785,95
252794,95
252803,95
252904,95
252964,95
253093,95
253113,95
253121,95
253134,93
253153,93
253173,93
253193,95
253213,95
253223,95
253231,95
253344,97
253403,97
253433,95
253504,95
253543,95
253593,95
253633,95
253643,95
253653,95
253663,93
253683,93
253741,93
253763,89
253773,89
253783,89
253793,89
253805,91
253823,91
253843,91
253865,91
253871,91
253896,93
253905,93
253911,93
253936,93
253964,95
253975,95
253985,95
253995,95
254004,95
254034,95
254044,97
254054,97
254064,97
254071,97
254084,97
254094,97
254124,97
254194,97
254303,95
254353,95
254413,95
254563,97
254623,97
254673,99
254704,99
254714,97
254723,97
254734,97
254793,97
254843,95
254904,95
254923,95
254961,95
254973,95
254983,95
254993,95
255003,95
255033,95
255054,95
255095,95
255121,95
255147,95
255155,95
255174,95
255215,95
255226,95
255234,95
255271,95
255306,97
255334,95
255344,95
255364,95
255374,95
255384,95
255391,95
255423,95
255464,95
255473,95
255495,95
255503,95
255513,95
255524,95
255532,95
255583,95
255593,95
255641,95
255663,95
255673,95
255683,95
255713,95
255773,95
255801,95
255814,95
255863,95
255873,95
255883,95
255903,95
255944,95
255963,95
255993,95
256004,95
256023,95
256043,95
256064,95
256093,95
256163,95
256305,95
256326,95
256344,95
256444,95
256544,95
256653,95
256673,93
256853,91
256883,93
256905,93
256914,93
256923,93
256943,93
257043,95
257054,95
257121,95
257264,99
257273,99
257292,99
257303,99
257313,99
257323,99
257334,97
257341,97
257422,97
257463,95
257576,93
257594,93
257694,95
257753,95
257774,95
257833,95
257852,95
257873,95
257881,95
257893,95
257963,95
258064,95
258081,95
258094,95
258173,93
258193,93
258213,93
258273,95
258344,95
258353,95
258363,95
258403,95
258424,95
258462,95
258474,95
258484,95
258493,95
258533,97
258543,97
258584,95
258623,97
258704,95
258716,97
258736,97
258751,97
258765,95
258864,97
258924,99
258954,95
259073,95
259083,95
259163,95
259213,95
259243,93
259273,93
259311,95
259353,93
259363,93
259393,87
259423,87
259474,93
259513,93
259523,93
259533,93
259633,95
259654,95
259664,97
259694,97
259713,95
259734,95
259744,95
259753,95
259764,95
259895,95
260002,103
260015,103
260062,99
260074,99
260094,99
260105,97
260145,97
260154,97
260224,95
260244,97
260271,97
260372,95
260393,93
260444,89
260453,89
260463,89
260471,89
260553,93
260563,93
260614,93
260634,95
260664,93
260673,93
260753,95
260763,93
260783,93
260803,93
260813,95
260822,95
260833,95
260854,95
260864,95
260873,95
260894,95
260904,99
260963,97
260983,97
260993,97
261014,99
261024,99
261033,99
261043,99
261054,95
261113,95
261146,93
261175,93
261215,95
261235,93
261255,93
261264,93
261275,93
261295,91
261315,91
261324,91
261344,93
261366,93
261376,93
261384,95
261414,95
261456,93
261474,95
261564,95
261672,93
261682,93
261693,93
261713,93
261755,93
261854,95
261873,95
261904,93
261946,95
261951,95
262014,95
262063,97
262073,97
262093,95
262113,95
262121,95
262144,97
262173,97
262234,97
262273,97
262283,97
262365,97
262372,95
262394,95
262401,95
262414,95
262427,95
262445,95
262452,95
262524,95
262567,95
262576,93
262584,93
262672,91
262694,91
262706,91
262733,91
262786,91
262793,91
262803,87
262824,87
262833,87
262843,87
262874,91
262884,91
262894,95
262944,93
262953,93
262993,97
263013,97
263043,95
263064,95
263082,97
263153,95
263174,95
263184,97
263203,97
263233,95
263262,95
263314,97
263324,97
263347,97
263353,97
263384,99
263391,99
263403,99
263414,99
263422,97
263433,97
263443,97
263464,97
263483,97
263502,97
263553,95
263562,95
263584,95
263595,95
263616,93
263622,93
263652,93
263676,95
263684,95
263696,95
263705,95
263715,95
263724,95
263736,95
263775,95
263784,95
263824,95
263835,95
263843,95
263854,95
263864,95
263904,93
263913,93
263944,89
263973,89
264014,91
264093,91
264123,91
264144,91
264153,91
264163,91
264203,93
264243,95
264283,95
264323,95
264334,95
264343,95
264364,93
264403,93
264413,95
264423,95
264457,95
264473,97
264524,97
264584,99
264593,99
264604,99
264633,97
264656,95
264663,95
264723,95
264733,95
264742,95
264834,97
264845,97
264852,99
264866,99
264874,99
264895,95
264921,95
264985,97
265046,95
265084,95
265134,95
265143,95
265163,95
265173,95
265203,97
265223,97
265243,95
265254,95
265263,95
265283,93
265295,93
265334,93
265343,93
265353,93
265374,91
265412,91
265473,87
265515,93
265521,93
265534,93
265553,93
265572,95
265601,95
265614,97
265624,97
265673,95
265683,95
265713,97
265723,97
265753,95
265814,97
265884,97
265896,101
265911,101
265933,101
265953,99
265963,99
266036,99
266057,97
266124,97
266264,95
266274,95
266283,95
266294,95
266303,95
266364,95
266384,95
266403,95
266412,95
266443,95
266452,95
266464,95
266474,95
266513,95
266544,95
266554,95
266564,95
266593,95
266604,95
266623,91
266643,91
266663,93
266683,93
266692,93
266704,91
266713,91
266733,91
266743,91
266774,93
266784,93
266793,93
266814,91
266913,95
266934,95
266943,95
267013,95
267054,95
267066,95
267073,95
267104,93
267123,93
267167,95
267176,93
267192,93
267234,95
267266,95
267277,95
267292,95
267305,95
267314,95
267326,95
267336,95
267365,97
267374,97
267414,97
267427,97
267447,97
267454,97
267464,97
267474,97
267484,97
267504,97
267523,95
267604,95
267624,95
267643,95
267664,95
267673,95
267683,95
267693,95
267714,95
267724,95
267743,95
267763,97
267783,97
267802,99
267813,99
267833,99
267853,97
267864,97
267873,97
267904,97
267914,97
267924,97
267933,97
267954,95
267963,95
267973,95
267984,95
268043,93
268054,93
268083,93
268113,93
268132,91
268163,91
268174,83
268184,83
268213,83
268253,77
268264,77
268303,77
268324,79
268356,81
268363,81
268373,81
268383,81
268424,87
268462,89
268502,85
268564,83
268591,83
268644,83
268654,83
268666,83
268675,83
268704,91
268734,93
268753,93
268765,93
268834,91
268854,91
268873,87
268913,87
268921,87
268933,87
268942,87
268953,87
268962,89
268991,89
269012,93
269032,93
269043,93
269054,93
269063,93
269074,93
269103,95
269133,95
269153,95
269163,95
269173,95
269202,95
269214,95
269253,95
269264,95
269274,95
269304,95
269324,95
269344,89
269363,89
269403,89
269414,89
269432,91
269513,93
269522,93
269563,93
269574,91
269583,91
269593,91
269606,91
269685,85
269714,87
269735,87
269746,87
269752,87
269766,93
269794,93
269805,93
269814,93
269826,93
269834,93
269865,93
269874,93
269884,93
269926,89
269964,93
269993,89
270004,89
270012,89
270054,93
270124,91
270142,93
270164,93
270174,93
270184,87
270203,87
270214,87
270234,91
270283,89
270294,89
270312,89
270343,93
270364,93
270373,93
270383,93
270403,93
270423,93
270443,93
270484,95
270503,95
270533,95
270583,95
270593,95
270604,95
270613,95
270624,95
270643,95
270654,95
270671,95
270714,93
270726,93
270733,93
270744,93
270803,93
270846,93
270936,93
270964,95
270984,95
270995,97
271015,97
271046,95
271104,95
271114,95
271182,91
271213,91
271224,91
271233,91
271304,91
271313,91
271334,89
271374,89
271415,87
271423,87
271433,87
271472,89
271482,89
271514,91
271563,93
271574,93
271583,93
271604,93
271614,93
271633,93
271764,93
271772,93
271783,93
271803,93
271814,93
271843,93
271862,93
271873,93
271893,95
271913,95
271923,95
271944,93
271953,93
271964,93
271993,95
272026,95
272033,95
272065,95
272095,95
272116,95
272127,95
272146,95
272155,95
272175,95
272186,95
272194,95
272245,95
272284,93
272334,93
272344,93
272353,93
272364,95
272432,93
272443,93
272463,95
272474,95
272484,95
272492,95
272504,95
272523,95
272534,95
272574,95
272583,95
272593,95
272604,93
272614,93
272644,93
272683,93
272714,93
272734,93
272763,93
272794,93
272814,93
272833,93
272944,93
272964,93
272985,93
272992,93
273013,93
273032,91
273044,91
273054,91
273064,91
273074,91
273094,91
273104,91
273134,91
273164,91
273174,91
273184,91
273216,91
273226,93
273236,93
273244,93
273265,93
273322,93
273337,93
273355,93
273376,93
273385,93
273416,91
273464,91
273495,91
273544,91
273562,93
273654,95
273662,95
273674,95
273682,95
273722,95
273786,93
273792,95
273823,95
273832,95
273843,95
273913,95
273923,95
273943,95
273963,95
274022,93
274063,91
274094,93
274124,93
274134,93
274144,93
274154,93
274175,93
274192,93
274203,93
274224,93
274243,93
274273,91
274285,91
274292,91
274303,91
274324,91
274343,91
274353,91
274374,93
274384,93
274426,93
274433,93
274446,93
274455,91
274467,91
274476,91
274567,83
274595,89
274615,89
274632,89
274685,91
274694,93
274707,93
274734,97
274744,97
274764,97
274804,103
274824,103
274832,97
274873,97
274934,91
274953,91
274975,91
275002,91
275032,93
275043,93
275074,95
275083,95
275094,95
275104,95
275182,95
275254,93
275294,93
275304,93
275354,93
275384,91
275414,87
275454,89
275483,89
275504,91
275534,91
275548,93
275584,93
275604,93
275665,93
275673,93
275695,89
275744,91
275755,91
275804,89
275815,89
275835,91
275844,91
275864,91
275894,93
275917,93
275924,93
276043,93
276072,89
276163,93
276184,93
276252,95
276274,95
276283,95
276313,95
276334,95
276364,95
276414,93
276444,95
276454,95
276503,93
276593,95
276622,95
276632,95
276664,93
276694,93
276704,93
276734,93
276822,93
276876,91
276883,91
276905,91
276914,91
276986,91
277005,91
277016,89
277094,91
277105,91
277174,91
277234,91
277254,91
277294,91
277322,87
277374,91
277394,93
277403,93
277452,93
277533,93
277542,93
277594,95
277624,95
277632,93
277662,93
277713,95
277744,95
277794,95
277804,95
277833,93
277854,93
277864,93
277874,95
277894,95
277974,95
277983,95
278024,93
278033,93
278052,93
278065,95
278085,95
278096,95
278105,95
278113,93
278124,93
278136,93
278156,93
278164,93
278175,93
278242,93
278316,93
278356,93
278424,91
278442,91
278484,89
278504,89
278544,91
278604,91
278612,91
278644,93
278664,93
278672,93
278683,93
278694,93
278744,93
278754,93
278782,93
278803,93
278814,93
278845,89
278914,91
278923,91
278952,91
279013,93
279032,93
279055,93
279064,93
279073,93
279083,93
279104,93
279128,93
279154,93
279194,93
279204,93
279224,93
279246,91
279254,91
279264,91
279283,91
279343,93
279365,93
279375,93
279394,95
279406,95
279415,95
279426,95
279462,93
279506,95
279514,95
279526,95
279594,95
279624,93
279633,93
279694,95
279764,95
279834,93
279843,93
279854,93
279875,93
279934,91
279943,91
279964,93
279994,93
280144,89
280153,83
280194,87
280224,87
280234,87
280244,91
280264,91
280272,91
280313,93
280324,93
280334,93
280343,95
280354,95
280364,95
280374,95
280403,93
280414,93
280424,93
280464,95
280542,89
280564,89
280577,89
280605,89
280626,91
280655,91
280695,93
280764,97
280774,97
280854,95
280884,93
280905,93
280914,93
280964,91
280974,91
280994,91
281006,93
281044,93
281054,95
281064,95
281072,95
281083,95
281094,95
281105,95
281124,95
281133,95
281164,93
281174,93
281204,93
281214,93
281234,93
281244,91
281254,91
281262,91
281272,91
281294,93
281303,93
281324,93
281344,91
281354,91
281374,91
281385,91
281394,93
281424,93
281443,93
281454,93
281494,93
281502,93
281544,91
281564,91
281588,93
281594,93
281614,93
281643,91
281654,91
281667,91
281684,93
281694,93
281753,89
281765,89
281774,87
281834,89
281846,89
281866,93
281872,93
281885,93
281947,93
281965,95
281985,95
282034,95
282044,95
282052,95
282122,93
282163,95
282172,95
282184,95
282192,93
282214,93
282252,97
282284,97
282304,95
282334,95
282344,95
282484,93
282514,93
282534,95
282544,95
282563,95
282604,93
282624,95
282633,95
282654,95
282673,93
282744,89
282754,89
282763,89
282784,89
282792,89
282808,89
282913,93
282924,93
282953,93
282965,91
282986,91
283015,87
283115,87
283136,87
283145,89
283165,89
283224,91
283244,93
283264,93
283284,93
283304,95
283333,95
283344,95
283353,95
283393,97
283454,93
283462,93
283534,93
283634,91
283704,93
283722,93
283764,95
283774,95
283793,95
283804,95
283814,93
283824,93
283834,93
283934,93
283982,93
284043,93
284104,93
284124,93
284245,91
284265,91
284274,91
284285,91
284314,93
284326,93
284346,93
284434,91
284485,91
284544,93
284564,93
284584,91
284615,91
284624,93
284654,93
284664,93
284684,93
284704,93
284715,95
284724,95
284734,95
284744,95
284753,95
284784,93
284794,93
284804,93
284814,95
284824,95
284834,95
284844,95
284852,95
284864,93
284873,93
284922,95
284934,95
284944,95
284952,93
284962,93
284974,93
284983,93
285003,95
285024,95
285034,95
285044,95
285055,97
285065,97
285074,97
285094,97
285104,97
285148,95
285152,95
285164,95
285184,95
285204,93
285214,93
285224,93
285244,93
285264,93
285282,93
285302,93
285312,93
285322,93
285344,101
285376,101
285386,97
285392,97
285402,97
285425,97
285437,95
285442,95
285455,95
285465,95
285476,95
285484,93
285496,93
285505,93
285524,93
285538,91
285546,91
285556,91
285565,91
285576,91
285592,91
285604,91
285624,91
285635,91
285654,91
285664,91
285674,91
285684,91
285694,91
285704,91
285716,91
285724,91
285744,91
285765,91
285804,91
285814,91
285845,91
285854,91
285894,87
285905,87
285914,87
285924,87
285934,87
285944,87
285953,85
285972,85
285984,85
285993,85
286012,91
286024,91
286033,91
286044,93
286054,93
286074,93
286104,93
286113,93
286124,93
286144,93
286184,93
286193,95
286204,95
286212,95
286244,93
286254,93
286264,93
286274,93
286282,93
286305,93
286313,93
286324,93
286334,93
286354,93
286364,93
286384,93
286395,93
286414,93
286424,93
286444,93
286494,95
286506,95
286516,95
286524,93
286536,93
286548,93
286564,93
286576,95
286605,95
286635,93
286645,93
286657,93
286676,97
286705,97
286718,95
286735,95
286746,95
286762,93
286775,93
286795,93
286814,93
286825,93
286834,93
286846,93
286865,91
286874,91
286894,91
286914,91
286924,91
286934,91
286945,91
286954,91
286964,91
286974,91
286985,91
286993,91
287012,93
287024,93
287033,93
287044,93
287064,93
287074,93
287095,95
287114,95
287134,95
287164,93
287174,93
287184,93
287194,93
287214,93
287232,93
287252,93
287273,93
287285,91
287304,91
287314,91
287364,91
287384,87
287394,87
287402,87
287414,87
287425,89
287434,89
287454,89
287464,89
287474,89
287484,89
287494,89
287504,89
287516,89
287534,93
287544,93
287562,93
287584,93
287604,93
287618,95
287634,95
287654,95
287667,95
287673,95
287684,95
287697,95
287704,95
287712,95
287734,95
287744,95
287753,95
287762,95
287777,95
287785,95
287835,93
287845,93
287865,91
287895,91
287905,91
287915,91
287924,91
287936,91
287945,91
287955,91
287965,91
287975,91
288007,91
288024,91
288055,91
288064,91
288076,91
288084,91
288094,91
288114,91
288124,91
288132,91
288144,91
288154,91
288204,91
288214,91
288224,91
288243,91
288254,91
288264,91
288273,91
288294,93
288304,93
288322,93
288334,93
288342,93
288353,93
288364,93
288374,95
288392,95
288402,95
288414,95
288425,95
288434,95
288454,95
288464,95
288474,97
288494,97
288505,97
288513,97
288522,97
288544,97
288574,101
288585,101
288594,101
288602,101
288614,101
288624,99
288634,99
288654,99
288694,95
288704,95
288713,93
288724,93
288732,93
288753,93
288764,93
288775,93
288784,93
288814,91
288824,91
288833,91
288865,91
288874,91
288882,91
288892,91
288907,91
288914,91
288932,91
288954,93
288967,93
288976,93
288993,93
289026,91
289045,91
289055,95
289065,95
289074,95
289085,95
289098,91
289102,91
289115,91
289126,91
289135,91
289146,91
289154,91
289162,91
289175,91
289187,91
289206,89
289235,93
289246,93
289255,93
289267,93
289274,93
289305,93
289324,93
289334,93
289344,93
289354,93
289365,93
289374,93
289393,91
289404,91
289414,91
289426,91
289434,91
289464,91
289483,91
289504,91
289522,93
289534,93
289544,93
289552,93
289565,93
289574,93
289593,93
289604,93
289614,93
289624,93
289633,93
289642,93
289655,93
289664,93
289714,93
289724,93
289734,93
289744,93
289753,93
289764,93
289774,93
289784,93
289805,93
289812,93
289824,93
289844,93
289855,93
289864,93
289884,93
289894,93
289904,95
289914,95
289924,95
289932,95
289944,95
289974,97
289984,97
289994,97
290014,99
290024,99
290034,99
290042,99
290058,97
290064,97
290074,97
290084,97
290095,95
290104,95
290147,93
290152,93
290164,93
290176,93
290182,93
290214,93
290226,93
290233,93
290257,93
290265,93
290276,93
290285,93
290305,91
290337,93
290345,93
290356,93
290362,93
290376,93
290385,93
290395,93
290405,93
290416,93
290435,93
290445,93
290455,93
290464,93
290484,93
290514,93
290544,93
290576,91
290594,91
290614,91
290624,93
290632,93
290654,93
290664,93
290674,91
290684,91
290694,91
290714,91
290744,91
290754,91
290765,93
290774,93
290794,93
290804,93
290833,93
290844,93
290864,93
290884,93
290914,95
290924,95
290934,95
290946,95
290955,93
290962,93
290974,93
290984,93
290993,93
291004,93
291012,93
291024,93
291032,93
291044,93
291054,89
291064,89
291072,89
291084,89
291093,93
291114,93
291162,91
291174,91
291193,93
291204,93
291214,93
291224,93
291234,93
291264,93
291284,93
291292,95
291304,95
291344,93
291354,93
291374,93
291386,95
291394,95
291414,95
291424,95
291435,93
291475,93
291485,95
291507,95
291515,95
291547,93
291576,95
291594,95
291605,95
291627,93
291636,93
291665,93
291674,95
291694,95
291705,95
291736,97
291744,97
291755,97
291764,97
291784,95
291793,95
291804,95
291815,95
291844,95
291863,93
291874,93
291884,93
291894,93
291914,93
291924,93
291934,93
291944,93
291954,93
291984,93
292005,89
292014,89
292024,89
292034,89
292044,89
292053,91
292064,91
292074,91
292084,91
292094,91
292104,91
292144,91
292153,91
292164,91
292174,91
292184,91
292193,89
292204,89
292214,89
292224,89
292234,89
292244,93
292284,93
292304,93
292314,93
292344,95
292354,95
292364,95
292375,95
292394,93
292402,93
292414,93
292424,93
292444,93
292454,93
292473,93
292564,93
292574,93
292592,91
292616,91
292623,95
292634,95
292665,95
292677,93
292684,93
292696,93
292705,93
292715,93
292736,97
292746,97
292765,97
292772,101
292805,101
292816,101
292836,97
292845,97
292865,95
292885,95
292896,95
292914,93
292944,93
292955,93
292962,89
292974,89
292984,89
292995,89
293003,85
293014,85
293024,85
293034,85
293352,91
293364,91
293372,91
293394,85
293424,85
293435,89
293444,89
293454,89
293473,89
293494,93
293504,93
293514,93
293524,93
293544,93
293574,93
293595,95
293623,97
293644,97
293654,97
293684,95
293693,95
293714,95
293734,93
293744,93
293762,93
293804,93
293824,91
293835,91
293866,91
293875,91
293885,91
293892,91
293915,91
293922,91
293975,93
294035,91
294045,91
294065,93
294074,93
294085,93
294094,93
294107,93
294114,93
294145,93
294154,95
294164,95
294175,95
294224,93
294233,93
294264,95
294304,93
294324,93
294354,93
294404,93
294414,93
294444,93
294485,93
294492,93
294514,93
294534,91
294554,91
294612,91
294683,99
294694,99
294713,99
294744,95
294764,95
294778,95
294794,95
294804,95
294833,93
294854,93
294873,93
294914,91
294944,91
294954,91
294974,91
294984,91
294998,91
295014,91
295025,91
295034,91
295042,91
295056,91
295083,91
295095,91
295115,89
295125,89
295137,89
295146,89
295156,91
295165,91
295195,91
295205,93
295216,93
295275,93
295284,93
295295,93
295304,93
295354,93
295376,93
295385,93
295394,93
295404,93
295424,93
295434,93
295444,93
295464,93
295473,93
295504,93
295514,93
295624,95
295654,93
295664,93
295694,95
295704,95
295714,95
295723,95
295734,95
295742,95
295754,95
295765,95
295775,95
295784,95
295794,95
295803,95
295814,95
295834,95
295874,95
295914,95
295924,97
295934,97
296004,95
296033,95
296044,95
296054,95
296074,95
296084,95
296104,95
296114,95
296134,95
296154,95
296174,93
296194,93
296204,93
296214,93
296224,93
296237,93
296246,93
296267,93
296275,93
296285,93
296295,93
296326,93
296346,93
296355,93
296375,93
296405,91
296415,91
296426,91
296435,91
296446,91
296465,91
296495,91
296535,91
296546,93
296565,93
296575,93
296604,93
296614,93
296624,93
296634,93
296674,93
296684,91
296704,91
296714,91
296724,91
296734,93
296784,93
296792,93
296833,93
296854,93
296894,93
296924,93
296944,93
297004,93
297024,93
297054,93
297064,93
297074,93
297084,93
297094,93
297102,93
297153,91
297184,91
297194,91
297264,93
297304,93
297334,93
297344,93
297354,93
297374,93
297384,93
297404,93
297424,93
297464,93
297473,93
297483,93
297515,93
297525,93
297536,93
297555,93
297564,93
297572,93
297585,93
297605,93
297645,97
297716,97
297755,97
297775,97
297794,95
297844,93
297884,93
297935,93
297954,93
297964,93
297974,93
298014,93
298024,99
298032,99
298064,99
298074,95
298154,93
298174,93
298184,93
298192,93
298204,93
298214,91
298234,91
298244,91
298254,91
298264,93
298274,93
298284,93
298292,93
298304,93
298312,93
298324,93
298334,93
298364,93
298384,93
298394,93
298405,93
298414,93
298424,93
298443,93
298454,93
298494,93
298505,95
298552,95
298564,95
298582,95
298604,95
298614,95
298647,95
298654,95
298672,95
298727,93
298762,93
298775,93
298785,93
298795,91
298822,91
298866,93
298872,93
298895,95
298922,95
298934,95
298945,95
298965,95
299005,97
299012,97
299024,97
299042,95
299064,95
299084,93
299094,93
299104,93
299125,93
299142,93
299164,93
299194,91
299202,91
299244,93
299284,93
299294,93
299315,93
299324,93
299354,93
299365,95
299384,95
299393,95
299415,97
299424,97
299444,97
299454,97
299464,95
299484,95
299514,95
299524,95
299534,95
299544,95
299555,93
299724,93
299754,91
299774,91
299824,93
299864,93
299884,93
299936,93
299983,93
300005,93
300052,91
300065,91
300076,91
300097,93
300175,95
300184,95
300195,95
300205,95
300224,97
300234,97
300274,97
300305,97
300322,95
300353,95
300374,95
300384,95
300434,93
300464,95
300494,95
300524,93
300544,93
300564,95
300594,95
300604,93
300624,93
300673,93
300684,93
300694,93
300724,95
300754,95
300762,95
300775,95
300784,95
300795,95
300824,93
300834,93
300843,95
300884,95
300895,93
300905,93
300914,93
300922,93
300934,93
300944,95
300984,95
301007,93
301014,93
301024,93
301044,91
301064,91
301072,91
301114,91
301147,93
301175,93
301186,93
301195,93
301205,93
301215,93
301228,93
301235,93
301242,93
301276,91
301282,91
301315,91
301326,93
301336,93
301355,93
301365,93
301375,93
301385,93
301394,93
301405,93
301415,93
301425,93
301444,93
301452,93
301512,93
301544,93
301574,93
301584,93
301614,89
301624,89
301632,89
301695,91
301704,89
301714,89
301734,89
301747,89
301754,89
301764,89
301774,89
301782,89
301794,91
301804,91
301864,91
301884,91
301894,93
301914,93
301944,93
301954,93
301964,93
301972,93
301985,95
301994,95
302007,95
302034,95
302044,95
302054,95
302064,95
302072,95
302094,95
302104,95
302114,95
302124,95
302134,101
302144,101
302174,101
302194,97
302204,97
302214,97
302254,101
302278,97
302284,97
302294,97
302304,97
302312,97
302324,95
302337,95
302345,95
302392,93
302405,93
302416,93
302426,93
302446,93
302456,93
302476,93
302482,93
302525,95
302537,95
302542,95
302555,95
302565,93
302576,93
302595,93
302614,93
302634,93
302654,93
302694,93
302704,93
302714,93
302724,93
302734,93
302764,93
302772,93
302785,93
302794,93
302814,91
302824,91
302834,91
302842,91
302863,91
302914,91
302934,91
302946,91
302962,91
302974,91
302984,91
302992,93
303002,93
303014,93
303054,93
303064,93
303074,93
303094,93
303112,93
303124,93
303136,93
303154,93
303164,93
303175,93
303202,93
303224,93
303234,93
303244,93
303264,93
303274,93
303282,91
303305,91
303314,91
303325,91
303344,91
303364,91
303377,93
303382,93
303394,93
303412,93
303422,93
303434,93
303454,93
303494,93
303524,93
303536,93
303546,93
303569,99
303575,99
303585,99
303605,99
303635,97
303667,101
303685,101
303695,101
303705,101
303715,95
303727,95
303736,95
303746,95
303752,95
303765,99
303785,99
303795,99
303805,97
303814,97
303825,97
303835,97
303845,97
303855,95
303865,95
303874,95
303884,95
303894,95
303905,95
303912,95
303924,95
303934,95
303954,95
303964,95
303972,95
303994,95
304002,93
304024,93
304045,91
304054,91
304074,91
304094,91
304102,91
304114,91
304134,91
304154,91
304184,91
304194,93
304204,93
304214,93
304222,93
304235,91
304244,91
304254,91
304274,91
304284,89
304294,89
304304,89
304312,89
304322,89
304334,91
304345,91
304375,89
304394,89
304434,91
304444,91
304464,91
304474,93
304514,93
304554,93
304574,95
304594,95
304634,93
304674,93
304694,93
304702,93
304724,91
304746,91
304762,93
304775,93
304806,93
304826,93
304832,93
304845,93
304856,93
304865,93
304876,93
304895,93
304912,93
304926,93
304936,93
304955,93
304985,93
304995,93
305004,93
305015,93
305025,93
305035,93
305045,95
305057,95
305064,95
305076,95
305084,95
305095,95
305114,95
305134,95
305148,95
305154,95
305174,95
305194,93
305235,93
305272,93
305284,93
305294,93
305304,93
305314,93
305324,93
305334,93
305344,93
305352,93
305364,93
305394,93
305404,93
305425,93
305444,93
305454,93
305464,93
305474,93
305494,93
305504,93
305512,93
305544,93
305554,93
305574,91
305585,91
305604,91
305634,93
305644,93
305656,93
305665,93
305694,93
305704,93
305724,93
305732,93
305744,93
305754,93
305765,93
305775,93
305794,93
305805,93
305834,93
305842,93
305853,93
305864,93
305874,93
305884,93
305894,93
305907,93
305947,93
305955,93
305966,93
305975,93
305985,93
305995,93
306015,93
306027,93
306075,93
306085,93
306096,95
306105,95
306115,95
306135,95
306142,95
306157,95
306162,95
306174,95
306195,95
306205,95
306225,95
306265,93
