timestamp,data_value
0,87
9,89
20,89
29,89
39,89
51,89
60,93
70,93
80,93
90,93
119,95
130,95
140,95
150,97
160,97
180,97
200,97
210,97
219,97
280,97
320,91
350,91
409,93
449,95
469,95
559,93
611,97
641,95
661,95
700,95
719,93
731,93
800,97
810,97
829,97
890,97
970,95
1000,95
1019,97
1069,97
1079,97
1089,97
1109,97
1139,97
1200,95
1250,93
1290,93
1320,93
1330,93
1370,93
1380,93
1399,93
1431,93
1449,93
1459,93
1471,93
1499,93
1570,91
1579,91
1589,91
1609,91
1640,91
1659,91
1669,93
1681,93
1729,95
1739,95
1799,97
1871,97
1900,95
1909,95
1940,95
1951,95
1969,95
1979,95
2040,101
2050,105
2069,105
2080,105
2139,111
2169,103
2209,97
2240,97
2279,97
2290,93
2309,93
2329,93
2379,93
2410,103
2419,103
2480,109
2489,107
2500,107
2520,107
2529,107
2560,99
2609,93
2630,91
2689,81
2701,81
2721,85
2769,89
2801,89
2861,95
2911,93
2929,93
2939,93
2960,89
2970,89
2979,89
3000,89
3040,89
3060,87
3079,87
3089,87
3139,91
3149,95
3160,95
3169,95
3190,97
3200,97
3221,97
3230,97
3241,97
3260,97
3280,97
3289,97
3301,97
3310,97
3319,97
3329,97
3340,95
3351,95
3360,95
3370,95
3380,93
3390,93
3400,93
3409,93
3420,93
3430,93
3440,93
3449,93
3459,93
3469,93
3480,95
3491,95
3499,95
3509,95
3520,95
3529,95
3540,95
3549,95
3560,95
3571,97
3579,97
3589,97
3600,97
3610,97
3620,99
3629,99
3640,99
3649,99
3659,99
3671,97
3680,97
3690,97
3699,97
3709,97
3720,95
3730,95
3742,95
3750,95
3760,95
3769,95
3779,95
3789,95
3800,95
3811,93
3821,93
3829,93
3841,93
3849,93
3861,93
3871,93
3881,93
3890,93
3901,93
3910,101
3921,101
3930,101
3940,101
3951,101
3960,99
3970,99
3980,99
3990,99
3999,99
4009,99
4021,99
4029,99
4040,99
4051,97
4059,97
4069,97
4080,97
4089,97
4100,97
4109,97
4120,97
4130,97
4140,97
4150,97
4160,97
4169,97
4179,97
4189,97
4200,95
4211,95
4219,95
4229,95
4240,95
4249,95
4260,95
4270,95
4280,95
4290,93
4299,93
4309,93
4320,93
4329,93
4341,95
4350,95
4360,95
4369,95
4379,95
4390,93
4400,93
4410,93
4419,93
4429,93
4440,93
4449,93
4460,93
4470,93
4481,89
4490,89
4501,89
4509,89
4520,89
4530,89
4541,89
4549,89
4559,89
4570,89
4581,85
4589,85
4600,85
4609,85
4620,89
4629,89
4639,89
4650,89
4660,89
4670,93
4680,93
4689,93
4700,93
4710,93
4720,107
4729,107
4740,107
4749,107
4760,107
4769,109
4781,109
4789,109
4800,109
4809,109
4819,109
4831,109
4840,109
4849,109
4861,99
4869,99
4881,99
4889,99
4899,99
4912,97
4921,97
4929,97
4941,97
4949,97
4961,105
4971,105
4980,105
4991,105
5000,105
5011,103
5020,103
5030,103
5060,95
5070,95
5080,95
5089,95
5099,95
5110,93
5120,93
5130,93
5139,93
5149,93
5160,91
5170,91
5179,91
5189,91
5201,93
5210,93
5219,93
5231,93
5240,93
5250,93
5260,93
5269,93
5280,93
5289,93
5299,93
5311,93
5319,93
5391,91
5400,91
5409,91
5429,91
5450,87
5459,87
5469,87
5480,89
5489,89
5499,89
5509,89
5520,89
5531,89
5541,89
5551,89
5560,89
5570,89
5580,93
5590,93
5600,93
5609,93
5620,93
5630,97
5640,97
5650,97
5659,97
5671,97
5680,97
5689,97
5701,97
5729,95
5739,95
5751,95
5760,95
5769,95
5780,95
5789,95
5800,95
5809,95
5821,95
5831,95
5839,95
5849,95
5861,95
5869,95
5880,95
5889,95
5901,95
5911,97
5920,97
5931,97
5979,95
5990,95
6000,95
6010,95
6020,95
6030,95
6040,95
6051,95
6059,95
6069,95
6080,95
6091,95
6101,95
6109,95
6120,95
6130,95
6140,95
6150,93
6160,93
6169,93
6181,93
6189,93
6200,95
6210,95
6221,95
6230,95
6241,97
6249,97
6259,97
6270,97
6280,97
6290,95
6299,95
6330,95
6340,95
6350,95
6360,95
6369,95
6381,95
6419,93
6431,97
6440,97
6449,97
6459,97
6469,97
6489,95
6499,95
6509,95
6520,95
6531,97
6540,97
6560,97
6590,105
6600,105
6609,105
6621,105
6630,99
6640,99
6649,99
6659,99
6669,99
6710,97
6729,93
6739,93
6750,93
6770,93
6789,93
6820,89
6830,89
6840,89
6850,89
6861,91
6869,91
6880,91
6889,91
6899,91
6910,93
6920,93
6930,93
6940,93
6950,93
6959,97
6979,97
6991,97
7000,97
7009,105
7071,99
7081,99
7092,99
7101,95
7120,95
7131,95
7151,89
7160,89
7180,89
7200,85
7210,85
7249,89
7259,89
7270,89
7280,89
7290,91
7299,91
7311,91
7320,91
7329,91
7339,93
7351,93
7360,93
7369,93
7381,93
7389,95
7400,95
7409,95
7419,95
7430,97
7439,97
7449,97
7459,97
7469,97
7481,97
7489,97
7499,97
7509,97
7520,97
7530,97
7539,97
7549,97
7559,97
7569,97
7579,95
7590,95
7600,95
7610,95
7619,95
7629,95
7640,95
7650,95
7660,95
7670,93
7679,93
7689,93
7701,93
7709,93
7721,93
7729,93
7741,93
7749,93
7760,93
7769,95
7780,95
7790,95
7800,95
7809,95
7820,99
7831,99
7841,99
7849,99
7861,97
7870,97
7880,97
7889,97
7901,97
7911,95
7920,95
7930,95
7940,95
7949,95
7960,95
7970,95
7979,95
7989,95
7999,95
8009,95
8022,95
8030,95
8040,95
8053,93
8061,93
8070,93
8080,93
8089,93
8102,93
8109,93
8121,93
8131,93
8139,93
8149,93
8161,93
8169,93
8181,93
8191,93
8201,93
8210,93
8221,93
8231,93
8240,93
8249,95
8260,95
8271,95
8280,95
8319,97
8330,97
8340,95
8359,95
8380,95
8389,93
8401,93
8410,93
8430,91
8440,91
8459,91
8481,93
8489,93
8501,93
8509,93
8519,93
8530,95
8549,95
8560,95
8579,97
8610,97
8621,97
8659,105
8689,99
8700,99
8710,99
8739,97
8760,97
8771,93
8781,93
8790,93
8800,93
8809,93
8821,93
8831,93
8840,93
8849,93
8860,91
8869,91
8880,91
8890,91
8900,91
8911,93
8920,93
8950,93
8990,91
9000,91
9010,93
9020,93
9040,93
9051,97
9059,97
9080,97
9090,97
9109,97
9130,97
9153,97
9159,97
9169,97
9179,97
9189,97
9200,97
9210,97
9219,97
9229,97
9241,97
9271,95
9301,93
9350,93
9400,91
9410,91
9419,91
9431,93
9440,93
9450,93
9459,93
9469,93
9480,95
9489,95
9500,95
9509,95
9520,95
9529,95
9551,95
9560,95
9569,95
9579,95
9600,95
9609,95
9619,95
9629,101
9640,101
9650,101
9659,101
9671,101
9680,103
9689,103
9701,103
9711,103
9721,97
9730,97
9739,97
9749,97
9760,97
9771,97
9780,97
9790,97
9799,97
9809,97
9819,95
9830,95
9840,95
9850,95
9859,95
9871,93
9880,93
9890,93
9900,93
9911,89
9920,89
9930,89
9940,89
9950,89
9961,91
9970,91
9980,91
9989,91
10000,91
10010,105
10020,105
10031,105
10040,105
10051,105
10060,101
10071,101
10080,101
10089,101
10100,101
10111,105
10120,105
10129,105
10150,97
10160,97
10171,97
10181,97
10189,97
10201,95
10219,95
10229,95
10240,95
10249,93
10262,93
10269,93
10280,93
10289,93
10299,93
10311,93
10319,93
10329,93
10341,91
10351,91
10361,91
10369,91
10380,91
10390,91
10400,91
10409,91
10420,91
10431,91
10440,95
10449,95
10460,95
10469,95
10480,95
10489,97
10501,97
10509,97
10520,97
10529,97
10539,95
10550,95
10560,95
10569,95
10580,95
10591,95
10600,95
10609,95
10619,95
10631,97
10639,97
10649,97
10661,97
10670,97
10680,95
10690,95
10699,95
10710,95
10719,95
10731,93
10741,93
10749,93
10760,93
10771,91
10781,91
10789,91
10800,91
10810,91
10820,85
10831,85
10840,85
10850,85
10861,85
10870,85
10880,85
10890,85
10901,85
10911,85
10920,85
10929,85
10940,85
10949,85
10959,91
10971,91
10979,91
10991,91
11000,91
11011,93
11021,93
11031,93
11040,93
11051,95
11059,95
11071,95
11080,95
11090,95
11101,97
11111,97
11120,97
11129,97
11140,97
11149,95
11160,95
11169,95
11181,95
11189,95
11200,93
11209,93
11221,93
11229,93
11241,95
11249,95
11259,95
11269,95
11280,95
11291,95
11299,95
11311,95
11320,95
11331,95
11341,95
11351,95
11361,95
11401,95
11411,95
11420,95
11470,95
11481,95
11489,95
11509,95
11519,95
11531,93
11540,93
11550,93
11570,93
11630,97
11641,97
11671,97
11680,95
11689,95
11699,95
11710,95
11749,99
11760,99
11771,97
11789,97
11800,97
11809,97
11820,93
11829,93
11839,93
11849,93
11860,93
11870,93
11881,93
11889,93
11899,93
11910,93
11920,93
11930,93
11939,93
11949,93
11961,95
11971,95
11981,95
11990,95
11999,95
12011,101
12019,101
12031,101
12040,101
12049,101
12061,105
12070,105
12080,105
12110,107
12120,107
12130,107
12139,107
12149,107
12160,99
12170,99
12190,99
12201,99
12209,93
12219,93
12229,93
12240,93
12251,91
12259,91
12271,91
12281,91
12290,91
12300,91
12309,91
12320,91
12330,91
12339,91
12350,93
12362,93
12369,93
12379,93
12389,93
12401,101
12411,101
12419,101
12431,101
12442,95
12451,95
12461,95
12472,95
12480,95
12490,95
12501,95
12510,95
12520,95
12530,95
12540,93
12550,93
12561,93
12571,93
12580,93
12589,93
12601,93
12611,93
12620,93
12631,93
12640,93
12649,93
12661,93
12670,93
12681,93
12690,93
12699,93
12709,93
12720,93
12729,95
12741,95
12750,95
12760,95
12771,95
12779,93
12791,93
12800,93
12810,93
12821,91
12831,91
12839,91
12849,91
12859,91
12871,91
12880,91
12889,91
12899,91
12909,91
12920,89
12930,89
12941,89
12949,89
12960,89
12971,91
12981,91
12990,91
13000,91
13010,93
13019,93
13031,93
13040,93
13049,93
13061,93
13070,93
13080,93
13090,93
13101,93
13109,97
13121,97
13130,97
13141,97
13151,97
13160,97
13169,97
13179,97
13189,97
13201,95
13209,95
13219,95
13229,95
13239,95
13249,91
13261,91
13269,91
13280,91
13291,91
13300,91
13311,91
13320,91
13330,91
13343,87
13349,87
13361,87
13370,87
13379,87
13391,91
13401,91
13409,91
13419,91
13429,91
13441,93
13451,93
13461,93
13470,93
13481,93
13490,93
13501,93
13511,93
13521,93
13531,103
13541,103
13550,103
13560,103
13570,103
13582,101
13590,101
13600,101
13610,101
13621,101
13631,99
13639,99
13649,99
13661,99
13669,99
13679,97
13691,97
13699,97
13709,97
13720,97
13730,95
13741,95
13750,95
13760,95
13771,95
13780,95
13790,95
13800,95
13809,95
13821,101
13829,101
13839,101
13849,101
13859,101
13871,103
13880,103
13889,103
13899,103
13909,103
13920,95
13931,95
13941,95
13949,95
13960,95
13970,91
13981,91
13989,91
14000,91
14009,91
14021,91
14029,91
14040,91
14049,91
14062,91
14071,91
14080,91
14091,91
14101,91
14111,93
14120,93
14129,93
14139,93
14149,93
14160,91
14170,91
14179,91
14190,91
14200,91
14209,93
14221,93
14230,93
14240,93
14251,95
14259,95
14271,95
14280,95
14289,95
14300,91
14309,91
14319,91
14330,91
14339,91
14350,93
14360,93
14369,93
14380,93
14391,93
14400,101
14411,101
14419,101
14429,101
14441,101
14450,97
14459,97
14470,97
14479,97
14491,95
14499,95
14511,95
14521,95
14530,95
14541,93
14551,93
14561,93
14571,93
14582,93
14589,91
14601,91
14610,91
14621,91
14630,93
14641,93
14649,93
14660,93
14670,93
14681,91
14689,91
14699,91
14709,91
14720,91
14731,93
14740,93
14750,93
14760,93
14769,93
14781,95
14791,95
14801,95
14809,95
14819,95
14831,97
14841,97
14849,97
14859,97
14871,97
14880,103
14889,103
14900,103
14910,103
14921,97
14929,97
14940,97
14949,97
14961,97
14970,95
14979,95
14989,95
15000,95
15009,95
15019,91
15031,91
15040,91
15051,91
15060,89
15070,89
15080,89
15089,89
15100,89
15111,89
15120,89
15130,89
15139,89
15149,89
15160,87
15171,87
15179,87
15190,87
15201,89
15211,89
15219,89
15229,89
15241,89
15251,93
15261,93
15269,93
15280,93
15290,93
15299,93
15311,93
15320,93
15329,93
15341,93
15349,95
15361,95
15369,95
15379,95
15391,93
15400,93
15409,93
15419,93
15431,93
15441,93
15449,93
15459,93
15469,93
15479,93
15490,93
15501,93
15511,93
15520,93
15530,93
15539,95
15551,95
15560,95
15570,95
15580,93
15589,93
15601,93
15609,93
15629,93
15651,93
15661,93
15681,91
15690,91
15701,91
15710,91
15721,95
15731,95
15740,95
15751,95
15761,95
15771,93
15779,93
15800,93
15821,107
15831,107
15850,107
15861,107
15871,101
15891,101
15901,101
15930,105
15960,105
15981,103
16010,103
16031,95
16040,95
16049,95
16080,91
16090,91
16101,91
16111,89
16120,89
16160,83
16180,83
16190,83
16210,87
16219,87
16229,87
16239,87
16251,93
16270,93
16291,93
16301,95
16310,95
16339,95
16361,93
16381,93
16391,93
16399,91
16409,91
16419,91
16430,91
16441,87
16451,87
16461,87
16470,87
16480,87
16490,85
16501,85
16510,85
16520,85
16530,85
16539,91
16551,91
16560,91
16569,91
16581,95
16590,95
16600,95
16609,95
16619,95
16632,99
16650,99
16661,99
16670,99
16681,97
16689,97
16701,97
16710,97
16721,97
16730,97
16741,97
16750,97
16762,97
16770,97
16779,95
16790,95
16800,95
16809,95
16821,93
16830,93
16840,93
16849,93
16880,93
16890,93
16901,93
16910,93
16931,93
16941,93
16960,93
16970,93
16981,93
16990,93
17000,93
17010,95
17021,95
17029,95
17040,95
17050,95
17060,93
17070,93
17080,93
17089,93
17100,93
17110,91
17139,91
17150,87
17179,87
17190,87
17201,89
17210,89
17221,89
17230,89
17240,89
17261,91
17271,91
17280,91
17289,91
17301,93
17311,93
17320,93
17329,93
17341,93
17349,97
17360,97
17369,97
17380,97
17391,103
17399,103
17420,103
17431,103
17441,101
17449,101
17460,101
17470,101
17480,101
17491,107
17501,107
17511,107
17520,107
17530,107
17541,99
17549,99
17560,99
17569,99
17581,99
17590,97
17599,97
17611,97
17619,97
17630,97
17640,105
17650,105
17660,105
17670,105
17680,105
17701,103
17711,103
17719,103
17730,103
17740,97
17749,97
17760,97
17769,97
17782,93
17789,93
17800,93
17810,93
17819,93
17831,89
17840,89
17851,89
17860,89
17870,89
17880,89
17891,89
17901,89
17910,89
17920,89
17930,93
17941,93
17951,93
17960,93
17979,95
17990,95
18000,95
18031,95
18040,95
18050,95
18061,95
18071,93
18080,93
18089,93
18100,93
18111,93
18120,91
18130,91
18140,91
18150,91
18161,89
18169,89
18180,89
18190,89
18200,89
18211,85
18220,85
18230,85
18240,85
18250,85
18261,85
18271,85
18280,85
18291,85
18302,89
18311,89
18320,89
18331,89
18341,89
18351,91
18359,91
18369,91
18380,91
18391,91
18400,89
18410,89
18421,89
18431,89
18440,87
18451,87
18460,87
18470,87
18480,87
18491,87
18500,87
18511,87
18520,87
18529,87
18541,91
18551,91
18560,91
18569,91
18590,95
18599,95
18620,95
18631,97
18640,97
18649,97
18660,97
18671,97
18700,103
18710,103
18720,103
18750,109
18760,109
18770,109
18781,103
18789,103
18800,103
18809,103
18831,99
18841,99
18870,99
18890,95
18900,95
18911,95
18921,93
18930,93
18941,93
18959,93
18991,93
19000,93
19009,93
19019,91
19031,91
19040,91
19051,91
19061,91
19070,93
19080,93
19089,93
19101,93
19111,91
19119,91
19130,91
19140,91
19150,91
19170,95
19180,95
19200,95
19210,97
19220,97
19240,97
19260,97
19281,97
19289,97
19301,97
19310,95
19320,95
19330,95
19340,95
19352,97
19360,97
19369,97
19380,97
19390,97
19400,97
19409,97
19420,97
19430,97
19440,97
19449,93
19460,93
19470,93
19480,93
19490,89
19500,89
19510,89
19520,89
19530,89
19541,85
19550,85
19560,85
19570,85
19580,85
19590,89
19601,89
19609,89
19621,89
19630,89
19640,89
19649,89
19660,89
19670,89
19680,91
19689,91
19700,91
19741,93
19749,93
19760,93
19769,93
19781,95
19791,95
19800,95
19809,95
19820,95
19829,95
19839,95
19849,95
19861,95
19872,95
19880,95
19889,95
19900,95
19911,95
19921,93
19931,93
19941,93
19951,93
19961,93
19971,93
19991,93
19999,93
20021,103
20031,103
20041,103
20051,103
20060,103
20070,103
20080,103
20090,103
20100,103
20111,99
20120,99
20130,99
20151,99
20161,97
20171,97
20181,97
20190,97
20200,97
20210,101
20221,101
20229,101
20240,101
20249,101
20261,95
20271,95
20280,95
20290,95
20300,95
20310,93
20321,93
20330,93
20341,93
20351,95
20361,95
20370,95
20379,95
20390,95
20402,93
20410,93
20431,93
20440,93
20451,95
20460,95
20470,95
20480,95
20491,95
20500,93
20511,93
20520,93
20530,93
20540,93
20550,101
20561,101
20569,101
20580,101
20590,101
20600,95
20611,95
20620,95
20630,95
20641,95
20650,95
20660,95
20670,95
20680,95
20690,93
20700,93
20710,93
20720,93
20731,93
20741,93
20751,93
20760,93
20770,93
20780,93
20810,91
20832,89
20840,89
20861,89
20870,89
20881,89
20900,89
20910,89
20931,91
20951,91
20981,91
20991,91
21000,91
21010,91
21021,93
21050,93
21061,93
21070,91
21080,91
21091,91
21100,91
21119,91
21131,91
21140,91
21150,91
21161,91
21171,95
21180,95
21190,95
21200,95
21211,97
21220,97
21230,97
21239,97
21250,97
21261,97
21271,97
21280,97
21289,97
21300,97
21311,95
21321,95
21330,95
21351,91
21359,91
21371,91
21381,91
21391,91
21401,91
21449,93
21461,93
21470,93
21480,93
21490,93
21501,95
21511,95
21520,95
21531,95
21540,95
21550,97
21560,97
21570,97
21581,97
21590,97
21600,97
21610,97
21621,97
21630,97
21641,95
21649,95
21661,95
21670,95
21680,95
21690,93
21701,93
21711,93
21721,93
21731,93
21741,89
21750,89
21760,89
21769,89
21781,91
21790,91
21800,91
21810,91
21820,91
21831,93
21840,93
21850,93
21861,93
21870,93
21880,95
21891,95
21901,95
21911,95
21920,95
21930,101
21941,101
21951,101
21960,101
21970,99
21980,99
21990,99
22000,99
22009,99
22021,97
22030,97
22040,97
22051,97
22061,97
22070,95
22081,95
22091,95
22100,95
22111,95
22120,95
22131,95
22140,95
22151,95
22159,95
22170,93
22180,93
22191,93
22199,93
22210,91
22220,91
22231,91
22240,91
22249,91
22260,91
22271,91
22280,91
22290,91
22300,91
22310,89
22320,89
22329,89
22340,89
22351,89
22359,95
22371,95
22380,95
22390,95
22401,93
22409,93
22420,93
22430,93
22440,93
22450,95
22460,95
22471,95
22519,95
22540,95
22550,95
22560,95
22571,95
22581,95
22590,95
22600,93
22610,93
22621,93
22630,93
22641,91
22650,91
22661,91
22670,91
22680,91
22691,87
22700,87
22711,87
22721,87
22729,87
22740,83
22751,83
22760,83
22769,83
22781,87
22790,87
22800,87
22809,87
22820,87
22832,89
22840,89
22849,89
22861,89
22870,89
22880,91
22890,91
22901,91
22910,91
22920,91
22930,99
22941,99
22950,99
22959,99
22969,99
22980,99
22991,99
23000,99
23009,99
23022,97
23032,97
23040,97
23050,97
23061,97
23072,95
23081,95
23089,95
23100,95
23110,95
23120,93
23131,93
23140,93
23151,93
23161,85
23171,85
23181,85
23190,85
23200,85
23211,89
23221,89
23231,89
23240,89
23250,89
23261,89
23271,89
23279,89
23290,89
23300,91
23310,91
23320,91
23330,91
23341,91
23351,93
23361,93
23371,93
23381,93
23391,93
23401,95
23411,95
23420,95
23431,95
23440,95
23451,93
23460,93
23470,93
23480,93
23490,93
23501,93
23511,93
23520,93
23530,93
23541,93
23550,93
23560,93
23570,93
23581,93
23590,91
23600,91
23610,91
23621,91
23630,91
23640,87
23649,87
23660,87
23671,87
23682,89
23689,89
23701,89
23711,89
23720,89
23730,95
23740,95
23751,95
23760,95
23771,95
23781,101
23791,101
23800,101
23810,101
23820,101
23830,99
23841,99
23849,99
23861,99
23871,99
23880,97
23891,97
23900,97
23911,97
23921,101
23930,101
23940,101
23951,101
23960,101
23970,97
23980,97
23990,97
24001,97
24010,97
24022,103
24030,103
24040,103
24049,103
24061,103
24072,101
24080,101
24090,101
24100,101
24110,101
24120,95
24130,95
24141,95
24150,95
24159,95
24169,93
24180,93
24190,93
24200,93
24209,93
24221,95
24231,95
24241,95
24250,95
24261,93
24271,93
24280,93
24291,93
24301,93
24310,95
24320,95
24331,95
24341,95
24350,95
24361,103
24369,103
24380,103
24390,103
24400,103
24411,101
24420,101
24430,101
24439,101
24449,101
24461,95
24470,95
24479,95
24489,95
24501,95
24511,91
24520,91
24529,91
24540,91
24551,89
24559,89
24569,89
24580,89
24590,89
24600,93
24609,93
24621,93
24630,93
24640,93
24649,91
24660,91
24670,91
24680,91
24690,91
24701,93
24710,93
24720,93
24729,93
24741,93
24750,93
24761,93
24770,93
24781,93
24790,93
24801,93
24809,93
24820,93
24831,93
24841,89
24851,89
24861,89
24870,89
24880,89
24890,91
24901,91
24911,91
24921,91
24930,91
24940,91
24950,91
24959,91
24971,91
24981,89
24990,89
25000,89
25011,89
25020,89
25030,89
25041,89
25050,89
25061,89
25071,91
25080,91
25090,91
25101,91
25110,91
25121,93
25130,93
25141,93
25150,93
25159,93
25170,95
25182,95
25190,95
25201,95
25211,95
25220,93
25231,93
25240,93
25249,93
25262,89
25270,89
25281,89
25291,89
25301,89
25311,91
25320,91
25331,91
25341,91
25350,91
25360,95
25371,95
25380,95
25391,95
25399,95
25411,97
25421,97
25430,97
25441,97
25451,99
25461,99
25470,99
25481,99
25490,99
25501,103
25510,103
25520,103
25530,103
25540,103
25551,99
25560,99
25569,99
25580,99
25590,99
25600,97
25610,97
25620,97
25630,97
25640,97
25649,91
25660,91
25671,91
25680,91
25691,89
25700,89
25710,89
25720,89
25730,89
25741,89
25750,89
25760,89
25770,89
25781,89
25790,89
25801,89
25811,89
25820,89
25831,89
25840,93
25851,93
25861,93
25870,93
25881,93
25890,93
25901,93
25911,93
25920,93
25931,95
25941,95
25950,95
25960,95
25970,95
25980,93
25991,93
26000,93
26009,93
26020,93
26031,89
26040,89
26049,89
26061,89
26072,91
26080,91
26091,91
26100,91
26110,91
26121,93
26130,93
26140,93
26150,93
26159,93
26169,93
26181,93
26190,93
26200,93
26210,95
26220,95
26230,95
26240,95
26251,95
26261,93
26271,93
26280,93
26290,93
26301,93
26310,91
26321,91
26329,91
26341,91
26350,91
26360,91
26370,91
26380,91
26391,91
26401,91
26411,91
26421,91
26430,91
26440,91
26450,91
26461,91
26471,91
26480,91
26491,91
26500,95
26511,95
26520,95
26531,95
26540,95
26551,93
26561,93
26569,93
26580,93
26591,97
26600,97
26610,97
26620,97
26630,97
26641,93
26650,93
26660,93
26670,93
26680,93
26690,95
26701,95
26711,95
26721,95
26729,95
26741,97
26751,97
26760,97
26769,97
26781,101
26790,101
26799,101
26811,101
26820,101
26832,105
26840,105
26850,105
26861,105
26870,105
26880,101
26890,101
26900,101
26910,101
26920,101
26931,97
26941,97
26951,97
26961,97
26970,97
26981,93
26990,93
27001,93
27010,93
27021,93
27030,93
27040,93
27050,93
27060,93
27071,93
27080,93
27091,93
27101,93
27110,93
27121,91
27131,91
27140,91
27151,91
27159,91
27171,93
27180,93
27191,93
27200,93
27209,93
27221,93
27231,93
27240,93
27249,93
27261,93
27270,91
27280,91
27289,91
27301,91
27311,93
27320,93
27331,93
27340,93
27351,93
27361,93
27370,93
27380,93
27390,93
27399,93
27409,93
27421,93
27431,93
27440,93
27450,93
27461,91
27470,91
27480,91
27490,91
27502,91
27511,91
27530,91
27551,87
27561,87
27581,87
27600,91
27641,91
27649,93
27670,93
27690,95
27701,95
27710,95
27741,95
27770,95
27780,95
27791,93
27800,93
27809,93
27849,91
27861,91
27870,91
27881,93
27891,93
27900,93
27910,93
27920,93
27950,93
27970,93
27981,95
27991,95
28000,95
28010,95
28022,95
28030,95
28040,95
28050,95
28061,95
28100,97
28110,97
28121,105
28130,105
28141,105
28170,101
28181,101
28201,101
28210,101
28220,97
28250,97
28271,97
28280,97
28289,97
28300,97
28313,99
28320,99
28340,99
28370,101
28380,101
28390,101
28401,101
28412,99
28420,99
28471,105
28481,105
28540,97
28551,97
28559,95
28571,95
28601,91
28620,91
28640,91
28651,91
28661,91
28671,91
28680,91
28690,91
28700,91
28721,91
28730,91
28740,91
28770,91
28790,91
28800,91
28810,91
28820,91
28830,91
28840,91
28850,91
28861,91
28871,91
28880,91
28890,85
28901,85
28920,85
28930,81
28941,81
28950,81
28960,81
28970,81
28981,85
28990,85
29001,85
29030,91
29040,91
29050,91
29070,91
29080,95
29090,95
29101,95
29111,95
29120,97
29130,97
29140,97
29150,97
29160,97
29171,95
29180,95
29190,95
29200,95
29211,95
29241,89
29260,91
29270,91
29290,91
29300,91
29310,93
29320,93
29330,93
29360,93
29371,93
29380,93
29400,93
29410,95
29422,95
29430,95
29440,95
29451,93
29461,93
29470,93
29480,93
29511,93
29541,93
29551,89
29561,89
29571,89
29591,93
29601,93
29611,93
29621,93
29630,93
29651,95
29661,95
29680,95
29690,111
29711,111
29760,107
29770,107
29780,107
29791,101
29801,101
29810,101
29820,101
29831,101
29850,97
29861,97
29870,97
29891,93
29900,93
29910,93
29920,93
29931,93
29941,93
29970,93
29980,91
29990,91
30011,91
30020,91
30030,91
30040,91
30051,91
30061,91
30071,93
30081,93
30090,93
30101,93
30111,93
30121,95
30170,99
30181,99
30210,99
30221,97
30230,97
30240,97
30250,97
30261,97
30270,97
30281,97
30290,97
30300,97
30320,95
30331,95
30340,95
30361,93
30380,93
30390,93
30400,93
30409,93
30421,93
30461,91
30470,91
30481,91
30490,91
30501,93
30510,93
30520,93
30530,93
30540,93
30551,93
30560,93
30570,93
30580,93
30590,93
30600,91
30610,91
30620,91
30630,91
30640,91
30650,93
30661,93
30671,93
30679,93
30690,93
30700,91
30711,91
30720,91
30741,93
30751,93
30760,93
30770,93
30781,93
30790,93
30801,93
30810,93
30820,93
30861,91
30870,91
30881,91
30890,91
30930,85
30941,85
30950,85
30960,85
30980,89
30990,89
31000,89
31030,93
31040,93
31050,93
31061,93
31071,95
31080,95
31091,95
31101,95
31110,95
31120,93
31131,93
31140,93
31150,93
31161,93
31170,93
31181,93
31191,93
31201,93
31212,93
31221,93
31230,93
31240,93
31251,93
31261,93
31271,93
31280,93
31290,93
31300,93
31310,95
31321,95
31330,95
31340,95
31351,95
31360,95
31370,95
31381,95
31390,95
31401,95
31411,95
31420,95
31430,95
31440,95
31451,93
31461,93
31470,93
31480,93
31490,93
31500,95
31511,95
31520,95
31531,95
31541,93
31551,93
31560,93
31570,93
31582,93
31591,99
31601,99
31611,99
31620,99
31630,99
31641,99
31650,99
31662,99
31671,99
31681,99
31691,97
31701,97
31711,97
31721,97
31731,97
31741,95
31751,95
31761,95
31770,95
31780,95
31790,105
31800,105
31810,105
31820,105
31830,105
31840,105
31851,105
31860,105
31870,105
31881,103
31890,103
31900,103
31911,103
31920,103
31931,97
31941,97
31950,97
31959,97
31970,97
31981,95
31991,95
32001,95
32010,95
32021,95
32030,99
32040,99
32050,99
32061,99
32070,99
32080,95
32091,95
32101,95
32110,95
32120,95
32131,93
32141,93
32150,93
32159,93
32171,93
32180,93
32190,93
32200,93
32210,93
32221,93
32230,93
32240,93
32250,93
32260,93
32270,91
32281,91
32290,91
32301,91
32310,91
32320,87
32329,87
32341,87
32350,87
32361,89
32370,89
32380,89
32390,89
32400,89
32411,91
32421,91
32430,91
32441,91
32450,91
32461,95
32471,95
32481,95
32491,95
32500,95
32510,93
32520,93
32531,93
32541,93
32551,93
32560,93
32570,93
32580,93
32591,93
32602,95
32610,95
32620,95
32632,95
32640,95
32651,95
32662,95
32670,95
32681,95
32690,95
32700,91
32710,91
32720,91
32730,91
32741,91
32751,91
32761,91
32771,91
32781,91
32792,91
32800,91
32810,91
32821,91
32830,91
32840,91
32851,91
32861,91
32871,91
32881,93
32890,93
32901,93
32911,93
32921,93
32931,97
32940,97
32951,97
32959,97
32971,97
32981,95
32990,95
33000,95
33011,95
33021,95
33030,95
33041,95
33050,95
33061,95
33070,93
33080,93
33090,93
33101,93
33110,93
33120,91
33130,91
33140,91
33150,91
33161,91
33170,89
33181,89
33190,89
33200,89
33210,91
33220,91
33230,91
33241,91
33251,91
33260,93
33270,93
33281,93
33290,93
33300,93
33311,99
33320,99
33330,99
33341,99
33350,99
33359,99
33371,99
33380,99
33390,99
33400,99
33411,97
33421,97
33431,97
33440,97
33451,97
33461,97
33470,97
33480,97
33490,97
33502,93
33510,93
33520,93
33530,93
33540,93
33551,95
33559,95
33570,95
33580,95
33591,95
33600,101
33610,101
33621,101
33631,101
33640,101
33650,95
33661,95
33671,95
33680,95
33691,93
33700,93
33711,93
33722,93
33730,93
33742,93
33751,93
33761,93
33770,93
33781,93
33790,95
33801,95
33811,95
33820,95
33830,95
33841,93
33850,93
33861,93
33870,93
33880,93
33890,97
33901,97
33911,97
33921,97
33929,97
33941,99
33950,99
33960,99
33970,99
33981,105
33991,105
34000,105
34010,105
34020,105
34031,97
34041,97
34050,97
34061,97
34070,97
34080,97
34090,97
34101,97
34110,97
34120,97
34130,91
34141,91
34150,91
34160,91
34171,91
34180,93
34191,93
34201,93
34210,93
34222,93
34230,93
34239,93
34250,93
34261,93
34271,89
34281,89
34290,89
34301,89
34311,89
34320,89
34331,89
34341,89
34350,89
34361,89
34371,91
34381,91
34390,91
34400,91
34411,93
34420,93
34430,93
34441,93
34450,93
34460,95
34470,95
34480,95
34490,95
34501,95
34511,97
34520,97
34530,97
34540,97
34551,97
34561,95
34571,95
34580,95
34590,95
34602,91
34611,91
34620,91
34630,91
34640,91
34651,89
34661,89
34670,89
34681,89
34690,89
34700,85
34711,85
34720,85
34730,85
34740,89
34750,89
34760,89
34771,89
34780,89
34790,91
34800,91
34811,91
34821,91
34831,91
34841,93
34851,93
34860,93
34870,93
34880,93
34890,95
34901,95
34911,95
34920,95
34932,93
34941,93
34951,93
34961,93
34970,93
34980,93
34992,93
35000,93
35010,93
35021,93
35030,89
35040,89
35050,89
35061,89
35071,93
35081,93
35090,93
35100,93
35110,93
35121,93
35131,93
35140,93
35150,93
35161,93
35170,97
35181,97
35190,97
35200,97
35210,97
35220,97
35231,97
35240,97
35250,97
35262,97
35271,97
35280,97
35290,97
35300,97
35311,97
35320,97
35331,97
35340,97
35350,97
35361,95
35370,95
35380,95
35391,95
35400,95
35411,107
35420,107
35430,107
35440,107
35451,107
35461,115
35471,115
35481,115
35491,115
35500,115
35510,113
35521,113
35530,113
35540,113
35551,113
35561,99
35570,99
35580,99
35591,99
35600,93
35611,93
35620,93
35630,93
35640,93
35651,95
35660,95
35671,95
35680,95
35690,95
35701,93
35711,93
35720,93
35730,93
35740,93
35750,93
35760,93
35771,93
35781,93
35791,93
35800,103
35811,103
35820,103
35831,103
35840,103
35850,105
35861,105
35870,105
35880,105
35891,105
35901,111
35910,111
35920,111
35931,111
35941,111
35950,121
35961,121
35970,121
35980,121
35990,121
36001,121
36010,121
36020,121
36030,121
36040,121
36051,109
36061,109
36070,109
36081,109
36090,109
36101,99
36110,99
36120,99
36130,99
36140,99
36150,89
36159,89
36170,89
36180,89
36190,89
36201,85
36210,85
36221,85
36230,85
36241,85
36250,79
36261,79
36270,79
36280,79
36290,79
36300,77
36311,77
36321,77
36331,77
36341,73
36351,73
36361,73
36370,73
36380,73
36390,73
36400,73
36410,73
36420,73
36431,69
36440,69
36450,69
36461,69
36470,69
36481,77
36490,77
36500,77
36510,77
36520,77
36530,81
36541,81
36551,81
36561,81
36570,81
36580,85
36591,85
36601,85
36610,85
36620,87
36630,87
36640,87
36651,87
36661,87
36671,87
36681,87
36691,87
36700,87
36712,87
36721,83
36732,83
36741,83
36750,83
36760,83
36770,87
36781,87
36790,87
36800,87
36811,89
36820,89
36830,89
36840,89
36850,89
36861,91
36872,91
36881,91
36891,91
36901,91
36914,91
36925,91
36935,91
36944,91
36955,95
36965,95
36974,95
36984,95
36994,95
37005,93
37016,93
37024,93
37044,93
37074,95
37084,95
37115,93
37125,93
37135,93
37184,95
37215,93
37224,93
37234,93
37245,95
37254,95
37264,95
37275,95
37284,95
37295,95
37304,95
37314,95
37355,95
37395,93
37404,93
37435,93
37464,93
37484,93
37504,93
37524,93
37545,93
37574,93
37584,93
37605,93
37615,93
37625,93
37634,93
37654,93
37675,93
37705,93
37714,93
37734,93
37784,93
37835,95
37895,105
37904,105
38064,93
38075,93
38125,93
38145,93
38153,93
38164,93
38175,93
38225,93
38344,95
38354,95
38374,95
38405,97
38595,87
38644,87
38654,87
38805,93
38885,91
38895,91
38905,93
38913,93
39054,93
39114,93
39285,97
39405,107
39454,99
39475,99
39494,97
39705,91
39804,87
39864,87
39915,91
39945,91
39955,93
39993,93
40023,93
40045,93
40054,95
40165,95
40184,95
40235,97
40254,97
40365,95
40375,95
40395,93
40405,93
40415,93
40454,95
40485,95
40495,95
40514,95
40554,93
40654,89
40665,89
40675,91
40705,91
40725,95
40754,95
40795,95
40835,95
40845,95
40905,93
40955,85
41075,91
41084,91
41134,93
41164,97
41215,105
41225,105
41245,107
41275,107
41295,107
41335,107
41365,107
41396,99
41406,99
41444,103
41525,101
41555,105
41564,105
41575,105
41585,97
41625,97
41634,93
41654,93
41715,93
41735,91
41745,91
41755,91
41765,91
41774,87
41794,87
41825,89
41874,89
41884,89
41925,89
41964,89
42005,89
42044,91
42085,91
42105,89
42124,89
42135,89
42145,89
42165,85
42214,87
42244,89
42264,89
42284,89
42295,89
42355,93
42424,93
42434,101
42445,101
42455,101
42474,101
42484,97
42496,97
42556,97
42625,93
42635,93
42656,93
42665,93
42684,93
42774,107
42784,107
42794,107
42805,107
42815,107
42824,107
42845,107
42875,103
42894,103
42955,97
43014,91
43044,91
43065,91
43084,91
43105,97
43195,97
43235,95
43255,89
43275,89
43285,89
43294,83
43305,83
43335,83
43355,87
43375,87
43386,91
43395,91
43425,91
43594,83
43614,83
43644,87
43685,91
43695,91
43754,93
43806,95
43824,93
43884,91
43944,91
43996,91
44015,91
44085,99
44095,109
44105,109
44214,97
44255,97
44365,95
44405,97
44444,107
44465,107
44505,99
44515,99
44545,97
44634,87
44645,87
44654,87
44674,89
44745,93
44865,93
44905,93
44914,95
45016,97
45394,95
45405,95
45465,95
45635,89
45645,89
45674,91
45685,91
45795,97
45815,97
45825,97
45985,93
46014,93
46045,93
46104,95
46115,95
46215,113
46225,113
46245,113
46304,97
46385,91
46414,89
46504,87
46515,87
46564,91
46595,95
46625,95
46684,95
46694,95
46705,95
46715,95
46764,97
46804,95
46814,95
46835,95
46885,95
46917,93
46924,93
46954,93
46984,89
47105,91
47136,91
47244,95
47264,95
47284,95
47325,93
47394,93
47424,93
47445,91
47465,91
47535,91
47555,91
47575,95
47664,99
47705,105
47715,105
47735,109
47745,109
47825,105
47844,105
47884,97
47905,97
47965,93
48005,93
48014,93
48026,93
48064,91
48144,91
48234,91
48244,91
48285,87
48434,93
48454,93
48604,87
48705,95
48724,95
48794,95
48825,93
48934,95
48944,95
49005,93
49054,95
49125,95
49184,95
49245,99
49405,93
49415,93
49474,95
49584,89
49595,89
49684,89
49705,89
49744,93
49785,91
49855,95
49865,93
49885,93
49925,89
49944,89
49954,89
50085,95
50154,95
50165,95
50245,99
50255,99
50296,97
50334,97
50396,97
50435,97
50535,93
50544,93
50634,91
50674,91
50684,93
50754,93
50804,93
50874,89
50885,89
50984,83
51025,89
51035,89
51056,93
51085,93
51114,93
51174,91
51185,91
51264,85
51305,89
51344,97
51355,97
51405,109
51435,113
51474,113
51596,95
51625,95
51705,91
51715,91
51765,93
51794,97
51804,97
51885,95
51905,95
51934,93
51974,93
51984,93
52025,93
52115,89
52134,89
52145,89
52175,87
52245,87
52254,87
52314,91
52394,99
52404,99
52455,97
52465,97
52654,93
52664,93
52705,93
52744,97
52835,103
52875,103
52954,97
53004,93
53014,87
53025,87
53044,87
53055,89
53125,95
53255,95
53274,95
53355,93
53385,93
53405,93
53425,93
53455,93
53465,93
53474,93
53486,93
53504,93
53514,93
53545,91
53626,89
53694,91
53705,91
53715,91
53724,93
53735,93
53865,99
53894,99
53965,101
53985,101
54035,97
54134,97
54204,95
54216,95
54255,95
54265,95
54274,95
54365,93
54455,95
54474,95
54495,89
54544,83
54627,83
54736,91
54786,93
54815,95
54825,95
54865,99
54875,99
54945,97
54985,95
55205,97
55245,95
55255,95
55265,95
55274,95
55305,97
55365,99
55456,93
55545,91
55565,91
55585,93
55635,91
55655,91
55665,91
55745,91
55814,93
55846,91
55894,93
55916,93
55926,93
55965,95
56016,93
56035,93
56044,93
56134,93
56154,95
56165,95
56174,95
56185,95
56205,93
56274,93
56315,95
56325,95
56335,95
56345,97
56364,97
56376,97
56394,95
56405,95
56414,95
56425,95
56454,93
56486,91
56614,93
56645,95
56705,95
56734,95
56905,93
56917,95
56924,95
56966,97
56985,97
57005,97
57085,95
57125,95
57224,91
57246,87
57265,87
57315,89
57386,91
57395,91
57435,95
57465,95
57565,97
57625,101
57635,103
57685,99
57695,99
57704,99
57726,97
57804,93
57814,93
57855,95
57864,95
57885,95
57905,95
57945,95
57975,93
58255,91
58274,91
58284,91
58294,91
58305,95
58335,95
58396,95
58404,95
58474,93
58514,95
58574,97
58595,97
58604,97
58635,95
58675,95
58785,89
58794,89
58845,89
58864,89
58874,91
58966,93
58985,93
59005,93
59014,91
59065,91
59075,91
59107,91
59114,91
59135,91
59325,93
59414,93
59425,93
59444,95
59455,95
59465,95
59475,95
59486,93
59524,93
59555,97
59565,97
59685,95
59695,95
59705,95
59725,95
59734,105
59935,93
59994,89
60004,89
60025,87
60044,87
60234,93
60284,93
60345,93
60425,95
60474,93
60625,93
60635,93
60675,93
60694,93
60715,93
60745,93
60766,93
60774,89
60785,89
60816,91
60825,91
60866,93
60905,93
60914,93
60945,93
61094,97
61124,95
61145,95
61155,93
61216,95
61245,95
61256,101
61266,101
61314,107
61334,107
61524,89
61536,89
61545,89
61555,89
61565,89
61605,85
61636,89
61664,89
61676,87
61725,89
61735,89
61934,93
61945,93
61976,87
61985,87
62026,89
62074,87
62154,107
62174,107
62245,103
62274,103
62326,97
62345,95
62434,99
62465,101
62486,97
62524,97
62535,95
62555,95
62574,95
62585,93
62726,95
62755,95
62775,93
62785,93
62835,93
62865,93
62905,91
62976,89
62995,89
63154,91
63265,91
63305,93
63385,99
63425,101
63444,97
63474,97
63495,97
63524,97
63585,91
63674,91
63695,95
63755,107
63955,91
64045,91
64084,93
64105,93
64185,93
64394,83
64435,83
64445,83
64534,91
64565,91
64595,105
64604,105
64625,105
64674,115
64684,113
64716,113
64726,113
64734,107
64775,99
64794,99
64804,99
64844,97
64865,97
64884,93
64894,93
64924,93
64936,93
65025,99
65044,99
65095,97
65105,97
65124,97
65166,93
65194,93
65225,87
65234,87
65244,87
65294,81
65335,89
65464,95
65605,93
65645,93
65654,93
65674,93
65704,95
65715,95
65745,95
65755,95
65815,93
65846,93
65855,93
65865,93
65875,93
65924,91
65945,91
65955,91
66005,89
66034,91
66074,95
66084,95
66124,95
66134,95
66184,97
66234,95
66265,97
66294,97
66315,93
66346,97
66475,97
66525,95
66574,93
66705,91
66785,91
66826,93
66864,93
66874,95
66886,95
66894,95
66904,95
66956,93
66975,93
66985,93
67045,91
67074,85
67134,89
67154,91
67174,91
67194,91
67254,95
67264,95
67295,103
67325,103
67335,103
67365,101
67404,97
67534,97
67565,95
67594,95
67684,93
67704,93
67834,99
67844,99
67854,99
67875,97
67884,97
67894,97
67904,97
67915,97
67936,95
67945,95
68016,93
68024,93
68034,93
68044,93
68085,95
68094,95
68104,95
68145,95
68176,95
68194,95
68205,95
68284,93
68305,87
68334,87
68364,89
68404,91
68414,91
68434,91
68514,93
68585,89
68594,89
68634,91
68674,91
68686,93
68694,93
68785,105
68794,105
68834,103
68845,103
68854,103
68966,95
69004,97
69025,95
69035,95
69086,93
69126,93
69134,93
69155,93
69174,91
69206,93
69305,91
69315,91
69334,91
69346,91
69394,87
69414,87
69425,87
69464,91
69484,91
69494,95
69514,95
69555,97
69575,97
69595,97
69635,97
69665,97
69744,95
69755,95
69765,95
69884,97
70116,93
70126,93
70144,93
70156,93
70225,89
70274,91
70294,91
70334,93
70346,89
70374,89
70404,85
70434,85
70445,89
70536,91
70574,91
70655,95
70674,95
70685,97
70715,97
70726,97
70745,97
70905,93
70915,93
70985,93
70994,93
71034,93
71084,93
71205,95
71264,95
71274,95
71296,95
71324,95
71356,95
71395,95
71405,95
71424,95
71456,95
71474,95
71495,93
71515,93
71544,95
71594,93
71604,93
71696,91
71715,91
71734,91
71866,93
71885,93
71955,95
71966,93
72025,93
72055,93
72075,93
72094,93
72115,101
72134,101
72185,99
72215,97
72224,97
72276,97
72284,97
72315,101
72336,101
72376,97
72386,97
72514,91
72525,91
72535,91
72555,93
72594,91
72606,91
72625,91
72644,91
72685,91
72695,91
72705,91
72715,91
72736,93
72745,93
72814,91
72896,91
72955,95
73105,95
73115,95
73134,95
73174,93
73185,93
73235,95
73276,97
73284,97
73295,97
73307,97
73314,97
73325,97
73345,97
73357,93
73366,93
73374,93
73386,93
73394,93
73417,95
73425,95
73436,95
73446,101
73464,101
73474,101
73486,101
73497,97
73505,97
73516,97
73525,97
73575,97
73595,97
73625,97
73686,95
73725,95
73814,93
73915,91
73935,91
73985,91
74055,83
74085,89
74104,89
74144,91
74155,93
74175,93
74185,93
74205,95
74274,97
74324,97
74395,97
74404,97
74464,95
74475,95
74505,93
74556,93
74566,93
74596,91
74626,91
74664,93
74724,95
74735,97
74765,97
74834,97
74904,93
74914,93
74955,89
74974,89
75044,97
75125,95
75155,95
75165,91
75206,91
75215,91
75224,91
75234,91
75265,91
75306,95
75325,95
75335,95
75375,93
75484,93
75536,93
75545,91
75565,91
75585,93
75594,93
75637,91
75664,91
75705,91
75725,91
75735,101
75746,101
75756,101
75776,101
75815,99
75825,97
75834,97
75864,97
75884,93
75936,91
75945,91
75955,91
75985,93
76005,93
76034,91
76055,91
76074,95
76115,93
76154,93
76236,93
76256,95
76276,95
76285,95
76344,95
76394,97
76445,95
76515,93
76544,93
76614,91
76655,95
76705,93
76714,93
76794,91
76834,89
76886,91
76894,91
76905,91
76926,95
76965,95
77055,97
77066,99
77075,99
77134,97
77234,93
77244,93
77275,91
77315,87
77345,87
77355,91
77404,93
77435,93
77446,93
77526,93
77535,93
77574,91
77586,87
77594,87
77604,87
77675,87
77844,105
77857,105
77916,105
77926,97
78025,93
78034,93
78055,93
78066,93
78094,93
78105,93
78166,93
78185,93
78245,93
78256,91
78265,91
78274,91
78294,91
78315,93
78456,93
78474,93
78496,93
78515,93
78586,87
78594,87
78604,87
78625,87
78646,89
78665,89
78736,101
78745,101
78796,103
78887,99
78934,97
78966,97
79025,95
79074,93
79116,95
79176,99
79225,97
79256,97
79305,95
79326,93
79356,95
79385,95
79446,93
79474,91
79496,85
79514,85
79554,89
79575,89
79595,93
79635,93
79656,99
79715,97
79726,97
79774,95
79794,93
79804,93
79924,97
79934,107
79946,107
79955,107
79966,107
79974,107
79985,109
79995,109
80006,109
80018,109
80026,99
80034,99
80044,99
80075,95
80096,95
80105,95
80116,95
80127,91
80136,91
80196,89
80206,89
80216,91
80245,91
80255,91
80265,91
80286,91
80295,91
80305,91
80356,93
80366,99
80406,99
80456,97
80494,97
80504,95
80534,95
80576,93
80596,85
80625,85
80644,85
80656,85
80674,85
80686,91
80694,91
80704,91
80716,91
80805,97
80856,97
80865,97
80875,97
80885,97
80905,97
80926,97
80936,95
80994,97
81025,93
81035,93
81095,93
81105,93
81125,91
81145,91
81154,91
81167,91
81176,91
81186,91
81246,91
81316,95
81326,95
81345,95
81356,95
81375,95
81434,95
81446,95
81454,95
81495,95
81515,95
81535,95
81585,91
81614,87
81625,87
81654,89
81675,89
81686,91
81695,91
81704,91
81725,91
81745,91
81766,91
81806,89
81836,91
81866,91
81895,91
81905,91
81936,91
81955,91
81966,91
81975,91
81986,91
82006,91
82026,93
82034,93
82045,93
82065,93
82076,93
82095,93
82125,93
82144,93
82215,93
82245,93
82296,95
82306,105
82326,105
82346,109
82354,109
82366,109
82376,109
82425,105
82435,105
82486,97
82495,95
82505,95
82525,95
82545,91
82555,91
82575,91
82625,91
82654,93
82685,99
82726,99
82734,105
82746,105
82775,105
82784,97
82796,97
82834,95
82876,91
82896,91
82926,87
83035,93
83066,101
83125,99
83145,99
83166,97
83176,97
83186,97
83234,97
83264,93
83335,91
83395,93
83406,93
83464,93
83495,93
83514,93
83544,93
83576,93
83606,93
83615,93
83636,93
83665,93
83715,95
83726,95
83815,95
83856,91
83875,89
83886,89
83926,91
83945,91
83955,91
83966,95
83976,95
83986,95
83996,95
84006,95
84016,97
84045,97
84054,97
84065,97
84126,93
84155,93
84194,93
84225,91
84255,89
84266,89
84285,89
84297,89
84305,89
84326,89
84335,89
84394,91
84406,91
84446,95
84465,95
84486,91
84496,91
84565,89
84585,91
84605,91
84615,91
84625,93
84655,93
84666,93
84685,93
84715,93
84745,95
84765,95
84845,99
84926,95
84996,93
85006,93
85026,95
85036,95
85056,95
85065,91
85075,91
85085,91
85106,95
85157,99
85165,99
85206,97
85215,97
85225,97
85266,95
85325,95
85335,95
85405,93
85434,93
85476,93
85496,95
85516,95
85526,95
85536,93
85586,93
85606,93
85635,91
85664,91
85686,89
85695,89
85705,89
85725,89
85765,89
85825,93
85845,93
85865,97
85895,97
85916,103
85926,103
85935,103
85945,103
85966,105
86016,99
86026,99
86055,99
86096,97
86105,93
86165,93
86176,93
86206,93
86225,93
86255,93
86274,93
86286,93
86296,93
86325,93
86336,93
86346,93
86365,93
86375,93
86425,95
86435,95
86445,93
86464,93
86474,93
86495,93
86546,91
86556,91
86566,91
86595,91
86606,91
86616,91
86666,93
86685,93
86696,93
86735,99
86776,97
86785,97
86805,97
86815,97
86826,97
86864,97
86905,93
86916,93
86935,93
86945,93
86985,93
87025,99
87034,99
87064,97
87076,97
87096,97
87106,95
87115,95
87136,95
87145,95
87166,95
87195,95
87224,97
87235,97
87265,97
87275,97
87286,97
87296,97
87316,101
87325,101
87346,101
87394,103
87406,109
87464,99
87475,99
87497,97
87616,95
87625,95
87655,91
87666,91
87676,91
87716,89
87726,89
87805,87
87826,91
87834,91
87846,91
87856,91
87866,91
87876,93
87886,93
87896,93
87905,93
87914,93
87925,93
87936,93
87945,93
87955,93
87967,85
87976,85
87985,85
87995,85
88005,85
88016,85
88025,85
88035,85
88046,85
88056,83
88065,83
88074,83
88086,83
88095,83
88106,89
88116,89
88125,89
88136,89
88145,89
88166,91
88175,91
88185,91
88196,91
88206,93
88216,93
88225,93
88236,93
88246,95
88255,95
88264,95
88275,95
88285,95
88296,93
88305,93
88314,93
88326,93
88336,93
88346,99
88356,99
88366,99
88376,99
88385,99
88396,97
88406,97
88416,97
88425,97
88436,97
88446,97
88455,97
88465,97
88474,97
88486,97
88496,97
88505,97
88515,97
88525,97
88536,99
88546,99
88554,99
88566,99
88576,99
88586,97
88595,97
88606,97
88616,97
88625,97
88636,105
88646,105
88655,105
88665,105
88675,105
88685,109
88697,109
88726,109
88755,111
88766,111
88776,111
88784,105
88797,105
88806,105
88816,105
88826,105
88836,99
88846,99
88857,99
88866,99
88877,97
88886,97
88904,97
88915,97
88926,93
88936,93
88945,93
88954,93
88966,93
88976,85
88985,85
88995,85
89006,85
89017,81
89025,81
89035,81
89045,81
89055,81
89064,79
89076,79
89086,79
89096,79
89106,79
89116,89
89126,89
89136,89
89145,89
89157,91
89166,91
89186,91
89194,91
89206,93
89216,93
89225,93
89235,93
89246,93
89256,95
89266,95
89274,95
89286,95
89296,95
89305,91
89314,91
89325,91
89336,91
89346,85
89356,85
89366,85
89375,85
89386,85
89394,83
89406,83
89416,83
89425,83
89435,87
89446,87
89456,87
89475,87
89496,91
89505,91
89515,91
89536,95
89546,95
89555,95
89566,95
89575,95
89586,95
89596,95
89606,95
89616,95
89625,95
89634,97
89646,97
89655,97
89665,97
89676,95
89685,95
89696,95
89706,95
89716,95
89725,97
89736,97
89745,97
89756,97
89776,95
89796,95
89825,99
89836,99
89845,99
89855,99
89866,99
89875,97
89887,97
89896,97
89906,97
89915,97
89925,97
89936,97
89945,97
89956,97
89966,103
89976,103
89986,103
89996,103
90006,103
90016,99
90026,99
90036,99
90046,99
90055,99
90066,95
90075,95
90085,95
90095,95
90105,95
90116,95
90126,95
90135,95
90146,95
90155,95
90166,93
90175,93
90185,93
90195,93
90206,95
90216,95
90225,95
90235,95
90246,95
90256,95
90265,95
90275,95
90285,95
90295,95
90305,95
90315,95
90326,95
90335,95
90345,95
90355,93
90366,93
90375,93
90385,93
90397,89
90405,89
90416,89
90425,89
90435,89
90446,89
90455,89
90466,89
90475,89
90486,89
90495,85
90506,85
90515,85
90525,85
90536,89
90545,89
90555,89
90566,89
90575,89
90586,95
90596,95
90606,95
90615,95
90626,95
90636,93
90645,93
90656,93
90665,93
90675,93
90685,95
90695,95
90705,95
90715,95
90727,91
90735,91
90745,91
90755,91
90766,91
90775,91
90786,91
90796,91
90805,91
90815,91
90825,95
90836,95
90845,95
90856,95
90866,95
90875,97
90886,97
90896,97
90905,97
90915,97
90925,95
90936,95
90945,95
90955,95
90967,103
90975,103
90985,103
90995,103
91007,103
91017,103
91026,103
91035,103
91047,103
91056,103
91067,99
91076,99
91086,99
91096,99
91105,99
91116,97
91125,97
91135,97
91145,97
91156,97
91166,95
91176,95
91184,95
91194,95
91206,93
91216,93
91225,93
91236,93
91246,93
91256,95
91265,95
91275,95
91286,95
91295,95
91306,91
91315,91
91326,91
91336,91
91345,91
91355,93
91365,93
91376,93
91385,93
91395,93
91406,93
91416,93
91425,93
91435,93
91447,95
91456,95
91465,95
91476,95
91485,95
91496,95
91505,95
91516,95
91525,95
91535,95
91545,93
91556,93
91566,93
91575,93
91585,93
91596,91
91605,91
91615,91
91625,91
91636,89
91646,89
91656,89
91665,89
91676,89
91686,89
91695,89
91705,89
91716,89
91725,89
91735,87
91745,87
91756,87
91766,87
91776,89
91786,89
91795,89
91806,89
91815,89
91825,87
91835,87
91845,87
91856,87
91866,87
91876,91
91886,91
91895,91
91905,91
91915,95
91925,95
91935,95
91945,95
91954,95
91968,95
91976,95
91986,95
91994,95
92006,95
92017,97
92025,97
92035,97
92045,97
92055,97
92065,101
92076,101
92087,101
92096,101
92104,101
92115,99
92127,99
92136,99
92146,99
92156,99
92166,99
92176,99
92187,99
92196,99
92207,97
92216,97
92225,97
92235,97
92246,97
92257,97
92266,97
92275,97
92286,97
92296,97
92306,97
92316,97
92326,97
92335,97
92345,97
92355,95
92366,95
92375,95
92385,95
92395,95
92406,93
92415,93
92425,93
92436,93
92446,91
92456,91
92465,91
92476,91
92486,91
92495,93
92505,93
92515,93
92525,93
92535,93
92545,91
92556,91
92565,91
92575,91
92586,91
92596,97
92606,97
92616,97
92626,97
92636,97
92645,97
92655,97
92666,97
92675,97
92686,95
92695,95
92705,95
92715,95
92726,95
92736,95
92745,95
92756,95
92766,95
92776,95
92786,93
92795,93
92806,93
92816,93
92825,93
92836,93
92845,93
92856,93
92866,93
92876,93
92885,93
92896,93
92905,93
92916,93
92926,93
92935,93
92945,93
92955,93
92966,93
92975,91
92986,91
92996,91
93006,91
93017,91
93025,91
93035,91
93045,91
93055,91
93065,91
93076,91
93085,91
93096,91
93105,91
93115,93
93126,93
93136,93
93145,93
93155,89
93166,89
93175,89
93185,89
93195,89
93207,91
93216,91
93226,91
93236,91
93245,91
93255,93
93265,93
93276,93
93286,93
93296,93
93307,95
93315,95
93326,95
93336,95
93345,95
93355,97
93366,97
93376,97
93386,97
93396,97
93405,97
93415,97
93426,97
93435,97
93446,97
93456,97
93465,97
93476,97
93485,97
93496,97
93505,97
93516,97
93526,97
93535,97
93545,97
93555,97
93566,97
93576,97
93585,97
93596,97
93606,97
93615,97
93625,97
93637,93
93646,93
93655,93
93666,93
93676,93
93686,93
93696,93
93706,93
93716,93
93725,93
93736,91
93746,91
93756,91
93766,91
93776,91
93786,93
93796,93
93806,93
93816,93
93827,91
93835,91
93846,91
93856,91
93866,91
93876,93
93885,93
93896,93
93906,93
93915,93
93926,91
93936,91
93945,91
93956,91
93966,91
93976,93
93985,93
93995,93
94005,93
94016,95
94025,95
94035,95
94045,95
94056,95
94066,95
94076,95
94085,95
94096,95
94105,95
94116,93
94127,93
94136,93
94145,93
94156,91
94166,91
94176,91
94186,91
94195,91
94205,89
94215,89
94226,89
94235,89
94247,89
94257,93
94266,93
94275,93
94285,93
94297,93
94305,93
94316,93
94326,93
94335,93
94346,95
94356,95
94366,95
94376,95
94386,95
94395,95
94406,95
94416,95
94425,95
94436,95
94446,95
94456,95
94466,95
94476,95
94485,95
94496,91
94505,91
94515,91
94525,91
94536,93
94544,93
94556,93
94566,93
94576,93
94586,95
94596,95
94605,95
94615,95
94625,95
94635,93
94646,93
94656,93
94666,93
94675,93
94685,93
94695,93
94706,93
94716,93
94726,91
94735,91
94745,91
94756,91
94766,91
94776,93
94785,93
94796,93
94805,93
94815,93
94826,103
94835,103
94846,103
94855,103
94866,103
94876,97
94886,97
94896,97
94905,97
94915,97
94926,97
94935,97
94945,97
94955,97
94966,95
94976,95
94985,95
94996,95
95006,95
95015,93
95026,93
95035,93
95046,93
95056,93
95065,93
95076,93
95086,93
95095,93
95106,93
95116,91
95126,91
95136,91
95145,91
95155,97
95166,97
95175,97
95186,97
95195,97
95206,97
95216,97
95225,97
95235,97
95245,97
95257,99
95265,99
95275,99
95285,99
95296,99
95306,97
95316,97
95325,97
95336,97
95346,97
95355,97
95366,97
95375,97
95385,97
95396,97
95406,97
95417,97
95426,97
95435,97
95446,97
95457,93
95466,93
95476,93
95486,93
95497,95
95506,95
95516,95
95525,95
95536,95
95546,93
95556,93
95566,93
95576,93
95586,93
95596,93
95606,93
95615,93
95736,93
95875,97
95905,97
95935,93
95966,93
96016,93
96025,91
96035,91
96055,91
96066,93
96085,93
96105,93
96136,91
96185,93
96196,93
96205,93
96216,91
96235,91
96245,91
96266,105
96285,105
96295,105
96336,105
96358,99
96375,99
96395,99
96406,95
96416,95
96426,95
96448,95
96455,93
96466,93
96476,93
96486,93
96495,93
96505,93
96527,93
96535,93
96547,95
96556,95
96566,95
96576,95
96586,95
96596,97
96606,97
96626,97
96646,99
96675,99
96686,99
96696,97
96716,97
96746,97
96816,93
96826,93
96836,95
96855,95
96865,95
96886,91
96895,91
96926,91
96936,93
96946,93
96965,93
96977,91
96985,91
96995,91
97026,93
97065,93
97076,93
97086,93
97096,93
97116,93
97137,97
97155,97
97166,93
97185,93
97205,93
97226,85
97235,85
97246,85
97266,89
97276,89
97286,89
97346,91
97357,91
97375,91
97395,91
97445,97
97456,97
97467,97
97485,97
97525,97
97605,95
97625,95
97635,95
97666,93
97747,93
97796,93
97816,93
97835,93
97865,93
97897,97
97906,97
97946,97
98035,95
98146,87
98166,81
98205,81
98226,89
98286,91
98305,93
98406,93
98425,93
98456,93
98505,93
98525,93
98606,97
98615,97
98646,101
98665,101
98686,101
98707,101
98717,101
98735,101
98766,97
98796,95
98836,93
98876,93
98936,91
98985,93
98995,93
99006,93
99035,91
99116,95
99125,93
99136,93
99156,93
99166,93
99176,93
99185,93
99216,91
99246,91
99285,89
99295,89
99306,89
99325,91
99375,93
99385,93
99415,93
99436,93
99467,95
99486,95
99496,95
99516,93
99536,93
99596,91
99606,91
99675,91
99706,91
99725,91
99736,93
99786,93
99797,93
99835,97
99896,103
99905,103
99915,103
99926,99
99936,99
99945,99
99955,99
99966,99
99976,97
99985,97
100006,97
100025,95
100056,95
100065,95
100105,97
100136,105
100165,105
100205,109
100245,99
100275,95
100285,95
100355,93
100376,89
100406,89
100465,89
100475,89
100485,89
100495,89
100506,93
100536,93
100597,97
100646,93
100685,93
100695,91
100726,91
100796,87
100866,89
100896,93
100916,93
100927,97
100966,97
100977,97
100987,97
101025,93
101037,93
101065,93
101077,91
101096,91
101107,91
101185,93
101216,93
101295,93
101307,93
101356,93
101366,93
101386,93
101555,93
101595,91
101625,91
101646,95
101687,97
101726,97
101746,107
101766,107
101795,101
101895,95
101906,95
101916,95
101926,93
101945,93
101955,93
101976,93
101986,93
102036,91
102075,91
102085,91
102095,91
102125,91
102197,95
102216,97
102316,97
102386,95
102426,93
102446,93
102466,91
102485,91
102497,89
102505,89
102515,89
102525,89
102575,91
102646,93
102706,91
102716,91
102756,91
102775,91
102816,95
102896,97
102906,97
102916,97
102946,97
102966,97
103006,97
103035,97
103046,97
103056,97
103116,97
103156,99
103166,97
103186,97
103205,97
103216,95
103226,95
103235,95
103316,91
103346,91
103425,93
103435,93
103495,93
103516,93
103556,93
103575,93
103585,93
103606,93
103616,93
103626,93
103646,93
103676,93
103685,93
103716,99
103766,97
103805,97
103816,97
103826,97
103836,95
103886,95
103966,93
103995,93
104005,93
104016,93
104036,91
104045,91
104066,91
104075,87
104105,87
104115,87
104185,91
104205,91
104216,93
104226,93
104235,93
104256,93
104266,97
104275,97
104306,97
104316,97
104335,97
104395,95
104406,95
104426,95
104436,95
104446,95
104486,93
104495,93
104525,93
104535,93
104545,93
104556,95
104576,95
104586,95
104597,101
104625,101
104636,101
104696,105
104726,105
104756,105
104766,105
104775,105
104785,105
104826,97
104845,93
104866,93
104895,89
104926,89
104936,89
104966,89
105015,99
105065,97
105116,103
105135,97
105165,97
105186,93
105195,93
105205,93
105225,83
105235,83
105275,79
105306,79
105317,89
105325,89
105345,89
105356,89
105377,91
105386,91
105395,91
105405,91
105446,95
105457,93
105466,93
105476,93
105495,93
105506,95
105526,95
105535,95
105556,91
105575,91
105605,89
105615,89
105635,89
105646,89
105655,89
105675,89
105695,93
105716,93
105735,93
105766,93
105806,97
105856,93
105865,93
105876,93
105885,95
105896,95
105966,95
105975,95
106006,101
106055,99
106076,97
106085,97
106096,97
106126,95
106176,95
106216,95
106235,93
106285,93
106295,93
106335,91
106366,91
106417,91
106436,91
106446,91
106485,95
106495,95
106517,95
106546,95
106567,93
106576,93
106586,93
106596,93
106636,93
106725,93
106746,95
106805,93
106816,93
106836,89
106865,89
106886,89
106906,89
106935,91
106995,93
107005,93
107036,95
107045,95
107095,93
107155,91
107166,91
107186,91
107246,93
107255,93
107266,93
107296,93
107307,95
107336,95
107375,93
107386,93
107406,95
107447,93
107466,93
107527,93
107547,99
107557,99
107576,99
107615,99
107645,97
107686,97
107696,97
107706,97
107716,97
107726,97
107775,95
107835,93
107855,93
107895,91
107935,91
107977,93
107996,93
108005,93
108026,93
108085,93
108095,93
108105,93
108117,93
108175,95
108195,95
108206,95
108215,95
108226,95
108246,95
108266,93
108295,93
108306,93
108366,91
108386,91
108447,89
108475,89
108485,89
108525,89
108566,87
108575,87
108595,89
108605,89
108616,89
108626,89
108645,91
108665,91
108698,93
108716,93
108745,95
108765,95
108776,95
108786,97
108816,97
108836,103
108866,103
108935,99
108946,99
108956,99
108995,97
109075,93
109085,93
109096,93
109106,93
109125,93
109146,93
109166,95
109237,99
109245,99
109346,95
109356,95
109366,95
109385,95
109446,87
109485,87
109545,93
109586,93
109645,103
109715,107
109737,99
109775,99
109786,93
109795,93
109805,93
109867,85
109875,89
109906,89
109926,89
109986,89
109995,89
110026,93
110036,93
110075,91
110095,91
110146,89
110156,89
110175,89
110206,85
110266,89
110276,89
110355,93
110385,93
110425,97
110486,97
110496,97
110526,97
110626,95
110655,93
110666,93
110695,95
110726,95
110776,97
110866,103
110895,97
110935,93
110957,93
111006,93
111037,91
111075,95
111086,95
111117,95
111125,95
111146,95
111155,95
111186,97
111205,97
111216,95
111225,95
111245,95
111275,95
111295,95
111307,93
111326,93
111335,93
111346,93
111416,85
111466,91
111476,91
111506,91
111516,91
111536,91
111586,93
111596,91
111626,91
111637,89
111646,89
111655,89
111665,89
111686,91
111695,91
111836,95
111845,95
111855,95
111865,95
111946,95
111957,95
111986,95
111995,95
112007,95
112017,93
112035,93
112046,93
112055,93
112066,93
112126,93
112156,93
112226,95
112236,95
112257,95
112266,95
112306,97
112317,97
112366,95
112397,95
112406,95
112435,95
112455,93
112586,91
112595,95
112666,105
112715,103
112725,103
112746,97
112766,97
112795,93
112915,89
112935,89
113005,93
113015,93
113025,93
113035,93
113055,93
113146,97
113186,95
113235,93
113325,93
113336,93
113356,95
113375,95
113395,95
113406,99
113426,99
113485,101
113497,97
113525,97
113565,97
113586,97
113645,93
113655,93
113675,93
113705,91
113736,93
113765,93
113777,93
113786,91
113806,91
113816,91
113836,93
113866,93
113896,91
113927,95
113935,95
113965,95
113975,93
113995,93
114045,93
114095,93
114106,93
114136,95
114176,93
114257,97
114357,97
114455,93
114506,91
114515,91
114526,91
114536,91
114565,91
114575,91
114595,91
114607,91
114626,91
114686,89
114695,89
114706,89
114715,89
114735,89
114775,89
114795,89
114805,89
114827,87
114887,83
114975,61
114995,61
115016,61
115056,61
115085,71
115095,71
115125,83
115137,83
115146,83
115156,83
115186,91
115196,91
115216,95
115236,95
115265,95
115295,97
115306,97
115326,95
115336,95
115355,95
115366,95
115425,99
115465,99
115476,105
115496,105
115516,105
115526,109
115586,111
115595,111
115605,111
115627,113
115635,113
115647,113
115665,113
115676,115
115706,115
115727,117
115786,119
115795,119
115815,119
115826,119
115835,121
115857,121
115865,121
115875,121
115885,119
115906,119
115925,119
115935,119
116036,111
116047,111
116097,111
116115,111
116125,111
116135,109
116166,109
116215,107
116226,107
116235,107
116266,107
116296,107
116306,107
116325,107
116357,105
116376,101
116415,101
116465,103
116535,101
116605,99
116615,99
116645,97
116667,93
116686,93
116696,93
116706,93
116715,87
116735,87
116746,87
116775,83
116795,83
116806,81
116816,81
116836,81
116847,81
116856,81
116866,81
116875,81
116885,81
116896,83
116925,83
116936,83
116956,83
116966,83
116975,83
117036,83
117047,83
117066,83
117075,83
117116,83
117146,85
117166,85
117205,83
117245,83
117255,83
117276,83
117325,83
117336,83
117367,83
117375,83
117386,83
117406,85
117455,95
117475,95
117485,95
117506,107
117527,107
117546,115
117616,105
117626,105
117836,107
117845,107
117865,107
117915,103
117946,97
118056,93
118075,85
118086,85
118116,87
118195,83
118205,83
118216,91
118257,95
118275,95
118326,101
118346,101
118375,99
118386,99
118406,99
118447,99
118455,93
118487,93
118497,91
118515,91
118536,91
118546,85
118596,91
118616,91
118686,95
118707,95
118746,97
118756,97
118775,97
118965,99
118976,101
118986,101
118996,101
119055,99
119095,101
119106,101
119155,97
119176,95
119205,95
119256,95
119316,97
119326,97
119376,95
119386,95
119456,97
119515,97
119525,97
119535,97
119546,97
119566,97
119576,97
119605,97
119635,97
119655,95
119685,95
119707,87
119719,87
119727,87
119756,87
119776,87
119797,85
119847,91
119916,95
119986,97
119995,97
120016,97
120036,97
120065,97
120075,97
120106,97
120156,95
120167,95
120195,95
120205,95
120215,97
120246,97
120266,97
120277,97
120346,103
120405,111
120415,113
120426,113
120446,113
120457,113
120475,115
120496,115
120516,113
120557,111
120595,111
120616,103
120646,103
120686,97
120706,95
120767,91
120827,93
120897,93
120907,93
120938,93
120955,93
120985,91
121006,91
121026,91
121035,87
121065,87
121095,85
121106,85
121117,85
121125,89
121145,89
121175,93
121185,93
121197,93
121205,93
121217,95
121226,95
121295,95
121306,95
121316,99
121325,99
121346,99
121365,99
121386,99
121435,101
121466,99
121475,99
121506,97
121515,97
121535,97
121545,97
121575,99
121586,99
121616,103
121666,105
121687,105
121756,107
121775,107
121787,107
121835,101
121946,93
121965,93
121986,87
121995,87
122006,87
122016,87
122035,87
122046,87
122055,87
122065,87
122076,83
122095,83
122126,85
122196,85
122217,91
122235,91
122285,91
122315,93
122335,93
122345,93
122376,93
122386,93
122407,95
122426,95
122465,93
122486,93
122526,95
122546,95
122555,95
122575,95
122607,95
122617,95
122626,95
122666,95
122675,95
122696,95
122706,95
122726,95
122747,95
122755,95
122765,95
122775,95
122786,95
122796,95
122826,95
122835,99
122847,99
122876,107
122887,107
122895,107
122907,107
122915,107
122935,105
122947,105
122976,105
122995,105
123016,105
123066,99
123105,97
123116,97
123125,97
123266,107
123306,107
123326,107
123356,107
123366,97
123386,97
123475,95
123496,95
123585,83
123616,83
123626,83
123636,83
123645,87
123746,91
123775,91
123786,93
123876,93
123886,93
123896,93
123916,93
123927,93
123995,97
124017,97
124027,97
124107,99
124126,97
124146,97
124195,97
124217,97
124236,97
124245,97
124287,99
124295,99
124306,99
124366,97
124386,97
124426,95
124435,95
124445,95
124467,95
124496,95
124547,99
124597,109
124605,109
124727,107
124756,99
124766,99
124796,97
124837,97
124845,95
124856,95
124866,95
124875,95
124906,95
124915,95
124936,95
125006,95
125035,95
125046,95
125055,95
125085,97
125116,97
125127,95
125135,95
125146,95
125156,95
125166,95
125176,95
125196,95
125207,95
125226,95
125267,97
125316,103
125335,103
125356,103
125367,109
125436,103
125456,103
125466,99
125507,95
125527,95
125546,95
125556,93
125566,93
125585,93
125647,85
125705,91
125746,95
125776,95
125806,95
125906,99
125986,97
126045,97
126085,95
126106,95
126175,93
126186,93
126235,93
126256,93
126317,97
126327,97
126347,97
126365,95
126385,95
126515,93
126576,93
126647,109
126665,109
126765,103
126775,103
126786,103
126795,99
126837,95
126855,95
126887,93
126896,93
126955,89
126986,91
127006,91
127026,93
127036,93
127076,93
127105,93
127196,95
127206,95
127246,97
127265,97
127287,97
127328,95
127365,97
127415,95
127475,97
127486,97
127496,97
127567,107
127605,113
127626,113
127657,115
127726,103
127746,97
127766,97
127795,95
127875,93
127887,93
127895,93
127915,93
127925,93
127936,95
127945,95
127955,95
127967,95
128047,95
128085,97
128115,97
128126,95
128167,91
128205,91
128235,95
128256,95
128326,91
128386,93
128416,95
128437,95
128507,91
128517,91
128537,91
128557,85
128585,85
128595,91
128655,93
128837,101
129026,97
129035,97
129055,97
129106,95
129146,95
129168,95
129175,95
129186,95
129195,95
129205,95
129216,105
129235,105
129285,105
129306,105
129346,99
129356,99
129386,97
129405,97
129416,97
129426,97
129435,97
129457,95
129466,95
129487,95
129495,95
129525,97
129536,97
129587,95
129605,97
129617,97
129626,97
129646,93
129656,93
129667,93
129675,93
129767,93
129777,93
129786,91
129795,91
129826,91
129837,93
129857,93
129865,93
129875,93
129906,95
129915,95
129927,93
129977,87
130005,87
130015,87
130067,85
130106,85
130117,93
130126,93
130137,93
130176,95
130186,95
130195,95
130226,105
130245,105
130286,105
130295,105
130315,107
130327,107
130336,107
130346,107
130356,101
130406,97
130426,97
130435,97
130467,95
130516,93
130696,109
130756,105
130765,105
130786,105
130796,101
130807,101
130826,101
130875,99
130896,93
130915,93
130937,87
130957,87
130977,91
130985,91
131026,93
131046,93
131056,93
131075,93
131086,93
131106,93
131137,97
131197,95
131227,97
131235,97
131245,97
131256,97
131265,95
131366,93
131375,93
131405,95
131426,95
131445,95
131456,93
131487,93
131497,93
131556,93
131606,95
131635,95
131736,97
131786,97
131796,97
131806,97
131816,97
131865,95
131877,95
131886,95
131915,95
131976,97
131995,97
132015,97
132075,97
132146,95
132175,97
132186,97
132195,97
132255,97
132325,97
132386,99
132416,95
132426,95
132457,97
132466,97
132497,93
132535,93
132546,89
132556,89
132566,89
132575,89
132586,89
132595,87
132606,87
132616,87
132625,87
132636,91
132647,91
132655,91
132665,91
132688,91
132716,91
132725,91
132747,93
132756,93
132766,93
132797,91
132805,91
132887,89
132897,89
132916,93
132966,95
133006,95
133035,99
133045,99
133057,99
133076,99
133086,99
133135,103
133146,103
133165,99
133175,99
133195,99
133245,97
133256,97
133266,97
133285,97
133297,97
133306,95
133317,95
133327,95
133346,95
133356,95
133377,95
133386,95
133415,95
133426,95
133435,95
133447,95
133457,95
133466,95
133475,95
133495,93
133507,93
133516,93
133525,93
133536,93
133615,97
133637,95
133655,95
133666,95
133676,95
133688,97
133697,97
133706,97
133716,97
133807,95
133816,95
133827,95
133847,95
133857,95
133865,95
133875,97
133888,97
133896,97
133917,97
133927,95
133937,95
133946,95
133967,97
133995,97
134017,93
134035,93
134116,97
134127,97
134146,97
134167,97
134177,97
134206,95
134216,95
134245,95
134265,95
134277,95
134286,95
134306,93
134317,93
134336,93
134347,91
134356,91
134377,91
134386,91
134405,87
134417,87
134425,87
134435,87
134447,91
134456,91
134465,91
134475,91
134485,91
134497,95
134517,95
134537,103
134556,103
134576,103
134595,99
134616,99
134625,99
134637,97
134645,97
134655,97
134666,97
134676,97
134685,97
134736,95
134766,95
134777,95
134795,97
134817,97
134836,97
134856,97
134866,97
134885,103
134927,103
134946,103
134956,103
134967,103
134996,99
135005,99
135057,97
135067,97
135117,103
135126,101
135136,101
135196,99
135216,107
135226,107
135245,107
135256,107
135306,103
135356,99
135396,97
135416,95
135425,95
135437,95
135475,89
135486,89
135506,91
135516,91
135527,91
135606,87
135615,87
135626,87
135646,85
135706,91
135716,91
135726,91
135807,91
135927,97
135967,95
135976,95
136026,107
136035,107
136055,107
136117,115
136135,115
136167,115
136187,115
136207,115
136217,113
136247,113
136297,105
136355,97
136377,91
136415,95
136435,95
136458,93
136466,93
136487,93
136496,93
136506,95
136526,95
136535,95
136557,97
136615,95
136635,95
136646,89
136656,89
136666,89
136715,85
136726,85
136737,83
136746,83
136786,83
136796,83
136886,87
136907,87
136946,93
136967,93
136976,95
137006,95
137016,95
137026,95
137046,95
137056,95
137077,89
137107,89
137115,93
137146,93
137226,93
137235,93
137256,95
137275,95
137317,95
137327,95
137367,105
137425,107
137446,113
137506,113
137546,103
137557,103
137566,103
137577,103
137656,95
137665,95
137687,95
137727,95
137737,99
137745,99
137767,99
137806,97
137816,97
137836,97
137867,97
137877,97
137886,95
137916,95
137927,97
137937,97
137947,97
137957,97
137967,97
137996,97
138026,97
138036,97
138046,97
138076,91
138146,87
138156,87
138166,91
138177,91
138257,93
138266,93
138318,95
138346,91
138376,91
138385,91
138427,87
138457,91
138477,91
138537,95
138556,95
138575,95
138617,95
138656,95
138666,95
138687,103
138696,103
138706,103
138726,111
138807,103
138896,97
138917,97
138946,93
138986,95
139006,95
139025,91
139047,91
139066,91
139116,91
139146,91
139166,91
139177,91
139186,91
139197,91
139266,95
139287,95
139326,97
139356,99
139416,97
139426,97
139436,97
139456,97
139497,99
139538,97
139547,97
139606,99
139617,99
139657,97
139677,97
139696,97
139756,105
139767,105
139786,107
139795,107
139866,101
139906,97
139926,95
140006,91
140046,87
140057,87
140108,91
140115,91
140126,91
140167,95
140195,95
140235,95
140247,91
140256,91
140266,91
140275,91
140286,91
140296,89
140346,85
140387,91
140395,91
140417,91
140456,95
140466,95
140476,95
140516,97
140567,99
140595,99
140627,103
140636,103
140666,103
140688,101
140696,101
140716,101
140756,99
140776,97
140795,97
140816,97
140867,97
140886,97
140906,97
140917,99
140936,99
140946,99
140957,99
140985,101
140996,101
141017,103
141026,103
141066,99
141086,99
141106,99
141127,97
141167,95
141176,95
141186,95
141207,95
141216,95
141225,95
141246,95
141287,97
141316,97
141347,95
141367,95
141377,95
141386,95
141396,91
141417,91
141488,87
141497,87
141526,87
141566,85
141616,89
141628,89
141647,89
141657,89
141677,93
141687,93
141757,97
141807,97
141886,95
141897,95
141946,93
141956,95
141967,95
142025,95
142077,97
142106,99
142185,101
142197,99
142215,99
142227,99
142236,99
142247,101
142276,101
142297,99
142306,99
142326,99
142346,99
142357,99
142367,99
142377,99
142446,95
142456,95
142465,95
142475,95
142496,95
142506,95
142567,95
142597,97
142635,105
142646,105
142666,105
142675,105
142746,91
142755,91
142776,83
142836,81
142878,83
142886,83
142896,83
142926,83
142946,83
142976,81
142986,81
143027,81
143036,81
143047,81
143056,81
143106,83
143116,83
143126,83
143137,83
143156,89
143167,89
143197,95
143247,89
143257,89
143276,85
143286,85
143306,85
143316,85
143367,89
143467,95
143486,95
143506,95
143516,95
143546,95
143555,95
143577,95
143616,95
143626,95
143636,95
143676,93
143696,93
143717,93
143736,93
143755,87
143806,93
143846,95
143876,95
143886,95
143936,87
143947,87
144027,85
144046,85
144076,91
144087,91
144166,97
144187,95
144206,95
144217,97
144227,97
144276,97
144296,97
144376,85
144396,85
144406,91
144416,91
144457,93
144477,93
144507,93
144546,85
144585,85
144597,83
144626,83
144676,81
144697,81
144736,81
144858,91
144896,93
144926,85
144955,85
144967,89
144995,89
145036,93
145058,97
145066,97
145087,97
145096,97
145106,93
145116,93
145186,95
145217,101
145286,101
145306,103
145326,103
145336,103
145416,99
145437,99
145466,97
145546,93
145556,93
145586,93
145607,93
145637,93
145647,93
145666,93
145697,93
145726,93
145766,91
145806,93
145916,95
145937,89
145957,89
145968,87
145976,87
145986,87
146026,85
146036,85
146047,85
146056,85
146167,95
146207,97
146216,97
146226,97
146236,97
146246,97
146296,95
146336,89
146426,93
146456,93
146487,91
146497,91
146537,93
146596,95
146696,95
146706,95
146727,93
146747,93
146766,93
146807,93
146817,93
146827,93
146836,93
146867,95
146876,95
146886,95
146896,95
146926,95
146946,95
146956,95
146967,97
146977,97
146986,97
146996,97
147017,97
147046,97
147067,97
147076,97
147096,97
147107,97
147117,97
147126,97
147136,97
147147,97
147158,95
147167,95
147176,95
147186,95
147196,95
147207,95
147227,95
147237,95
147247,95
147276,95
147296,93
147317,93
147336,93
147347,93
147356,93
147367,93
147426,93
147436,93
147446,95
147467,95
147487,93
147527,93
147546,95
147596,91
147626,91
147636,93
147646,93
147656,93
147667,93
147677,93
147687,93
147696,93
147716,93
147727,93
147756,93
147776,87
147787,87
147796,87
147817,83
147827,83
147837,83
147846,83
147856,83
147867,87
147877,87
147887,87
147897,87
147907,87
147916,91
147927,91
147966,93
147976,93
147996,93
148007,93
148046,93
148076,93
148096,93
148107,95
148127,95
148136,95
148148,93
148156,93
148167,93
148176,93
148197,95
148207,95
148216,95
148227,95
148236,95
148258,95
148296,93
148315,93
148338,93
148397,103
148407,103
148417,103
148437,99
148506,97
148517,97
148537,99
148547,99
148556,99
148577,99
148586,97
148606,97
148626,95
148636,95
148667,95
148696,95
148707,95
148776,91
148787,91
148806,91
148817,89
148887,91
148896,91
148926,91
148946,91
148967,87
148987,87
148997,87
149009,89
149016,89
149027,89
149036,89
149047,89
149056,87
149067,87
149076,87
149086,87
149107,91
149116,91
149127,91
149167,89
149187,89
149207,89
149217,89
149237,89
149247,91
149277,91
149287,93
149296,93
149307,93
149316,93
149326,93
149338,97
149346,97
149376,97
149386,99
149406,99
149427,99
149586,109
149626,109
149656,111
149686,105
149706,105
149797,95
149806,95
149816,95
149826,95
149847,95
149876,93
149896,93
149957,91
149996,91
150076,87
150086,87
150126,87
150196,91
150246,97
150267,99
150316,93
150326,93
150336,93
150356,85
150367,85
150386,85
150406,83
150427,83
150467,83
150508,87
150527,87
150537,93
150637,95
150646,95
150707,95
150717,95
150726,95
150737,95
150806,91
150856,93
150867,87
150907,91
150936,91
150967,93
151026,95
151067,97
151077,97
151176,97
151196,97
151206,97
151226,97
151256,97
151267,97
151276,97
151286,97
151307,99
151316,99
151336,99
151367,99
151416,97
151426,97
151437,95
151476,95
151486,95
151547,93
151657,93
151687,97
151727,97
151766,97
151797,95
151806,95
151847,91
151877,85
151917,89
152036,99
152046,99
152067,97
152076,97
152086,97
152096,97
152236,93
152247,95
152266,95
152307,95
152346,97
152357,97
152367,97
152376,97
152396,93
152406,93
152427,93
152436,87
152447,87
152487,89
152496,89
152506,89
152536,93
152547,93
152566,93
152576,93
152596,93
152606,93
152628,95
152638,95
152687,97
152716,95
152727,95
152758,95
152776,95
152867,95
152877,95
152886,95
152896,95
152906,95
152937,95
152956,95
153006,91
153046,91
153056,91
153096,91
153167,91
153216,93
153226,93
153276,93
153327,93
153367,91
153397,89
153417,89
153467,89
153477,91
153486,91
153496,91
153507,91
153526,93
153537,93
153547,93
153577,95
153587,95
153596,95
153617,97
153626,97
153726,99
153736,99
153756,99
153768,97
153776,97
153787,97
153797,97
153808,93
153867,95
153877,95
153897,95
154017,107
154026,107
154036,107
154056,103
154096,97
154107,97
154117,97
154167,97
154176,97
154197,91
154206,91
154236,91
154246,91
154257,91
154297,91
154347,89
154356,89
154397,93
154617,93
154636,93
154657,93
154727,91
154737,91
154796,93
154816,97
154827,97
154858,95
154876,95
154957,93
154967,93
154976,93
155017,97
155056,95
155067,95
155096,97
155107,97
155126,97
155157,95
155166,95
155176,95
155196,97
155206,97
155226,97
155257,95
155267,95
155276,95
155286,93
155307,93
155336,91
155367,91
155377,93
155387,93
155407,93
155427,93
155446,93
155456,93
155467,93
155476,95
155497,95
155567,95
155607,95
155636,89
155667,85
155676,85
155686,85
155717,89
155768,93
155777,93
155787,93
155808,95
155816,95
155827,95
155839,95
155846,95
155866,95
155878,95
155906,95
155927,95
155977,95
156007,95
156016,95
156026,95
156036,95
156046,93
156057,93
156067,93
156127,91
156147,87
156246,87
156267,87
156287,89
156317,89
156337,93
156407,93
156417,95
156476,95
156487,95
156497,95
156557,95
156627,103
156657,99
156696,99
156716,97
156736,97
156747,97
156826,91
156847,89
156856,89
156866,89
156876,89
156896,89
156907,89
156916,89
156936,89
156947,91
156988,93
157018,93
157027,93
157137,89
157147,89
157166,89
157177,83
157196,83
157216,83
157246,91
157267,91
157307,95
157317,97
157326,97
157356,97
157387,95
157436,95
157466,95
157497,95
157507,93
157526,93
157557,93
157576,93
157587,93
157617,91
157636,91
157647,91
157697,93
157897,95
157906,95
157937,91
157958,91
157976,91
158098,97
158107,97
158128,101
158156,101
158187,97
158196,97
158207,97
158227,95
158247,95
158256,95
158267,95
158276,93
158288,93
158297,93
158307,93
158317,91
158337,91
158347,91
158367,83
158376,83
158387,83
158396,83
158407,83
158416,89
158446,89
158457,91
158487,91
158496,91
158508,93
158536,93
158546,93
158567,95
158577,95
158586,95
158606,93
158617,93
158626,93
158648,89
158657,89
158667,89
158676,89
158686,89
158706,91
158716,91
158757,95
158767,95
158776,95
158788,95
158807,105
158827,105
158836,105
158847,107
158856,107
158866,107
158886,107
158937,97
158977,97
158987,93
158996,93
159006,93
159017,93
159036,93
159047,93
159057,93
159067,93
159107,91
159128,97
159138,97
159156,97
159166,97
159178,97
159186,97
159207,97
159217,97
159228,103
159286,97
159296,97
159307,97
159316,97
159337,95
159347,95
159357,95
159366,95
159376,95
159386,95
159396,95
159426,93
159447,93
159467,89
159476,89
159516,91
159527,91
159558,91
159567,91
159576,91
159587,91
159596,91
159616,91
159646,91
159656,93
159686,93
159726,93
159736,93
159747,91
159766,91
159776,91
159787,91
159826,91
159837,91
159867,85
159888,85
159966,89
159986,91
159996,91
160007,91
160016,91
160036,95
160047,95
160057,95
160078,107
160106,107
160128,111
160136,111
160156,111
160167,111
160177,109
160187,109
160246,99
160289,95
160307,95
160318,95
160337,91
160346,91
160356,91
160367,89
160377,89
160387,89
160396,89
160437,91
160446,91
160467,97
160486,97
160496,97
160507,97
160528,99
160547,99
160557,95
160587,95
160596,95
160647,95
160657,95
160667,95
160677,95
160687,95
160696,95
160717,95
160726,95
160736,95
160766,93
160777,93
160786,93
160817,93
160857,95
160877,95
160896,93
160907,93
160938,91
160947,91
160957,91
160977,91
160987,93
161007,93
161026,93
161047,95
161056,95
161067,95
161076,95
161086,95
161096,95
161107,95
161117,95
161136,95
161147,95
161157,95
161167,95
161197,95
161206,95
161216,95
161226,91
161237,91
161287,89
161306,89
161328,81
161336,81
161346,81
161356,81
161366,81
161376,81
161408,91
161416,91
161436,91
161446,91
161457,103
161466,103
161497,103
161507,105
161517,105
161536,105
161617,99
161626,99
161676,93
161686,93
161698,85
161716,85
161736,85
161747,89
161766,89
161776,89
161797,91
161807,91
161826,91
161876,91
161887,93
161917,93
161947,95
161966,95
161976,95
162007,95
162056,93
162067,93
162086,97
162106,97
162116,97
162146,99
162156,99
162207,97
162236,95
162246,95
162256,95
162277,93
162286,93
162296,93
162307,93
162317,93
162326,93
162346,93
162377,91
162396,91
162408,91
162416,91
162426,91
162436,91
162448,91
162468,83
162478,83
162486,83
162498,83
162517,89
162547,89
162557,93
162597,93
162616,93
162627,93
162636,93
162657,93
162676,93
162686,93
162696,93
162707,93
162726,93
162737,93
162746,93
162767,93
162776,93
162807,95
162837,97
162846,97
162867,97
162886,95
162906,95
162916,95
162927,95
162937,95
162947,95
162956,95
163026,93
163037,93
163047,93
163096,91
163107,91
163118,91
163186,89
163216,89
163236,89
163247,89
163257,91
163277,91
163286,91
163297,91
163308,93
163407,101
163467,99
163516,97
163528,97
163538,97
163549,97
163556,97
163576,97
163599,101
163618,101
163636,101
163687,107
163707,101
163717,101
163726,101
163757,97
163787,97
163797,91
163816,91
163826,91
163838,91
163847,91
163857,91
163867,91
163876,91
163887,99
163946,97
163967,97
163976,97
163987,95
164007,95
164017,95
164026,95
164036,93
164047,93
164056,93
164067,93
164077,93
164087,93
164126,83
164147,83
164167,83
164187,87
164227,91
164236,91
164256,91
164277,93
164287,93
164307,93
164327,89
164346,89
164358,85
164397,85
164407,81
164417,81
164427,81
164446,81
164457,85
164476,85
164486,85
164497,91
164506,91
164517,91
164546,93
164556,93
164577,93
164587,93
164597,95
164609,95
164616,95
164636,95
164646,93
164656,93
164676,93
164687,97
164696,97
164708,97
164717,97
164727,97
164747,97
164767,97
164787,97
164817,97
164836,95
164887,95
164917,95
164927,97
164936,97
164947,97
164966,97
164978,99
164996,99
165006,99
165027,109
165037,109
165056,109
165066,109
165077,101
165096,101
165147,95
165157,95
165176,93
165196,93
165236,89
165246,89
165256,89
165266,91
165276,91
165286,91
165307,91
165317,89
165338,89
165357,89
165366,91
165376,91
165396,91
165407,93
165416,93
165427,93
165437,93
165457,93
165506,91
165547,91
165567,91
165587,91
165597,95
165616,95
165656,93
165667,93
165676,93
165708,95
165716,95
165726,95
165756,95
165788,95
165847,93
165867,93
165876,93
165907,91
165928,91
165947,91
165967,91
165977,95
165986,95
166007,95
166016,95
166027,97
166036,97
166047,97
166076,97
166097,97
166117,97
166186,95
166247,101
166268,97
166277,97
166286,97
166296,97
166306,97
166327,99
166368,99
166387,99
166396,99
166406,99
166436,97
166446,97
166457,93
166477,93
166486,93
166508,89
166526,89
166557,85
166576,85
166606,87
166627,87
166637,87
166717,89
166726,89
166747,93
166758,93
166766,93
166777,93
166787,91
166827,91
166857,93
166876,93
166897,91
166917,91
166936,91
166947,91
166956,91
166978,93
166986,93
167017,93
167036,99
167057,99
167067,99
167086,97
167097,97
167107,97
167117,97
167127,97
167138,97
167187,95
167196,95
167206,95
167246,93
167256,93
167268,93
167286,93
167307,93
167316,93
167327,93
167336,93
167366,93
167397,93
167426,93
167447,93
167477,93
167487,93
167507,97
167517,97
167527,97
167547,97
167556,97
167566,97
167587,97
167597,97
167617,95
167627,95
167647,95
167666,95
167707,93
167747,93
167766,93
167787,93
167797,93
167858,91
167887,91
167907,91
167937,91
167947,91
167958,91
168066,93
168077,95
168128,95
168136,95
168156,95
168166,95
168177,95
168196,95
168206,95
168216,95
168226,93
168237,93
168246,93
168256,93
168296,95
168318,93
168327,93
168336,93
168377,93
168387,93
168396,93
168406,93
168416,93
168427,93
168437,93
168447,93
168507,95
168516,95
168526,95
168537,95
168597,95
168617,93
168626,93
168677,91
168707,91
168717,91
168736,91
168806,91
168856,91
168896,87
168907,87
168948,89
168956,89
168988,93
168998,93
169018,93
169028,95
169038,95
169048,95
169056,95
169067,95
169077,97
169086,97
169098,97
169117,97
169167,95
169177,97
169187,97
169238,99
169256,99
169266,99
169287,97
169317,97
169326,101
169337,101
169396,97
169407,97
169466,95
169497,95
169517,101
169527,101
169547,101
169556,101
169577,97
169637,95
169657,93
169667,93
169677,93
169687,93
169696,93
169737,91
169787,91
169798,91
169827,91
169836,91
169856,91
169907,91
169917,91
169926,91
170027,93
170046,97
170067,97
170077,97
170087,95
170107,95
170167,95
170178,95
170186,95
170207,95
170297,93
170307,93
170347,93
170368,93
170377,93
170427,91
170477,89
170496,89
170507,89
170536,89
170627,93
170636,93
170647,93
170667,95
170676,95
170787,95
170867,93
170976,95
171017,105
171067,109
171077,109
171107,97
171188,91
171196,91
171228,89
171266,89
171287,89
171337,91
171356,91
171368,91
171427,91
171436,91
171446,91
171456,91
171467,93
171536,91
171557,93
171616,93
171627,93
171636,93
171646,93
171668,93
171676,93
171687,93
171698,93
171717,93
171726,93
171736,93
171747,93
171787,93
171796,91
171807,91
171827,91
171846,89
171867,89
171888,91
171916,91
171956,95
171996,97
172006,97
172037,107
172067,107
172076,107
172087,111
172108,111
172156,101
172168,101
172187,97
172196,97
172227,93
172256,93
172297,93
172328,93
172338,93
172367,93
172377,99
172436,95
172447,95
172486,95
172507,95
172516,93
172527,93
172567,89
172597,89
172627,89
172667,89
172676,89
172687,89
172717,87
172727,87
172736,87
172747,91
172766,91
172887,93
172896,89
172906,89
172916,89
173057,89
173067,89
173077,93
173087,93
173116,93
173137,97
173147,97
173156,97
173168,97
173188,101
173196,101
173217,101
173246,99
173267,99
173288,97
173337,95
173348,95
173396,93
173407,93
173427,105
173486,111
173496,111
173566,99
173587,99
173627,93
173636,93
173667,89
173676,89
173747,89
173767,91
173777,91
173798,93
173816,93
173837,93
173848,95
173857,95
173887,95
173897,93
173907,93
173916,93
173957,89
173998,89
174007,89
174026,89
174037,93
174086,95
174107,95
174117,95
174187,95
174256,95
174317,93
174327,95
174396,93
174427,93
174436,93
174457,93
174478,93
174488,93
174527,95
174547,95
174576,95
174597,95
174627,93
174636,93
174687,91
174716,93
174747,101
174756,101
174766,101
174807,99
174827,99
174836,99
174896,93
174937,93
174987,91
174996,91
175007,91
175016,91
175047,89
175057,89
175067,89
175087,93
175097,93
175107,93
175127,93
175137,91
175147,91
175227,99
175246,99
175256,99
175267,99
175296,97
175307,97
175326,93
175367,93
175387,91
175397,91
175446,103
175469,99
175488,99
175517,97
175526,97
175536,97
175547,97
175556,97
175587,97
175596,97
175616,97
175628,97
175638,97
175678,97
175697,97
175708,95
175717,95
175726,95
175736,95
175757,95
175776,95
175856,89
175887,89
175907,91
175926,91
175936,91
175967,93
175976,93
175987,93
176027,91
176088,91
176107,91
176117,91
176127,91
176147,91
176157,91
176167,91
176177,91
176187,93
176207,93
176216,93
176247,93
176278,93
176338,93
176356,93
176387,93
176406,93
176456,95
176468,97
176526,97
176537,97
176577,95
176659,93
176688,93
176718,95
176737,95
176758,97
176876,95
176926,95
176949,95
177006,95
177016,95
177036,95
177058,97
177067,97
177087,97
177096,97
177107,97
177116,97
177138,97
177167,95
177176,95
177227,95
177286,91
177307,91
177337,91
177347,91
177367,91
177397,89
177426,91
177437,91
177447,91
177526,89
177538,89
177547,89
177556,89
177567,91
177657,93
177667,93
177686,93
177696,93
177707,87
177756,89
177798,93
177826,93
177838,93
177848,93
177937,93
177988,97
178067,103
178138,99
178147,99
178156,99
178197,95
178227,95
178297,93
178316,93
178456,101
178487,95
178537,93
178587,93
178607,93
178617,95
178686,93
178706,93
178766,93
178777,93
178786,93
178809,95
178847,95
178857,91
178867,91
179018,93
179036,93
179067,95
179147,99
179177,99
179216,97
179276,97
179326,95
179336,95
179356,95
179376,95
179406,95
179428,93
179446,93
179496,91
179526,93
179577,91
179587,91
179597,91
179647,85
179657,85
179687,89
179707,91
179716,91
179827,93
179836,93
179877,93
179917,93
179958,93
179976,93
179987,93
180008,95
180026,95
180067,93
180128,97
180147,95
180168,95
180178,95
180187,95
180206,95
180236,91
180257,91
180267,91
180277,93
180297,93
180328,99
180407,109
180417,109
180428,115
180447,115
180516,117
180556,111
180577,101
180586,101
180607,101
180616,101
180638,93
180667,87
180677,87
180707,87
180737,85
180778,85
180797,85
180867,89
180876,89
180906,91
180927,91
180936,91
180946,91
180999,89
181006,89
181016,89
181026,89
181037,89
181057,89
181067,89
181076,89
181098,91
181126,91
181176,97
181187,107
181196,107
181208,107
181218,107
181267,101
181277,101
181307,97
181328,97
181338,87
181346,87
181367,87
181406,89
181438,87
181458,87
181476,89
181487,89
181537,103
181547,103
181566,103
181577,113
181607,113
181618,103
181627,103
181667,97
181678,97
181706,97
181737,85
181747,85
181777,81
181837,79
181867,87
181887,87
181916,91
181926,91
181967,93
181977,93
181986,93
182017,93
182046,91
182066,91
182138,87
182197,93
182206,93
182238,95
182256,95
182267,95
182277,95
182328,95
182337,95
182348,95
182368,95
182427,93
182438,93
182457,93
182466,91
182516,91
182527,91
182647,99
182677,99
182686,99
182697,99
182706,97
182716,97
182746,97
182798,93
182828,93
182858,93
182887,93
182907,97
182917,97
182956,97
183046,95
183088,93
183097,93
183107,93
183116,93
183227,93
183246,95
183256,95
183287,93
183327,91
183338,91
183368,91
183377,83
183406,83
183417,85
183427,85
183437,85
183458,85
183487,85
183497,85
183507,85
183527,89
183568,91
183656,95
183667,95
183717,97
183726,97
183737,97
183747,97
183757,97
183767,97
183788,97
183856,93
183867,93
183876,93
183887,93
183896,91
183916,91
184007,89
184027,89
184048,93
184057,93
184107,95
184118,95
184128,95
184137,97
184157,97
184166,97
184197,95
184217,95
184228,93
184246,93
184257,93
184267,93
184306,87
184347,81
184387,87
184416,89
184448,89
184478,93
184488,93
184498,93
184528,105
184547,105
184608,99
184636,99
184707,85
184716,85
184748,87
184766,87
184777,87
184797,91
184836,91
184867,93
184886,93
184896,97
184947,95
184957,95
185076,93
185107,91
185137,81
185206,89
185227,89
185237,89
185246,89
185277,93
185326,93
185336,93
185347,93
185356,93
185368,93
185387,93
185407,93
185417,93
185427,93
185448,93
185466,93
185508,93
185516,93
185547,93
185556,97
185596,97
185627,95
185638,95
185746,109
185757,113
185767,113
185778,113
185816,111
185907,93
185936,93
185957,93
185988,93
186048,93
186067,93
186076,93
186107,91
186116,91
186168,85
186177,87
186187,87
186217,87
186228,83
186266,83
186336,83
186347,83
186377,87
186428,91
186447,91
186478,91
186498,91
186526,93
186536,93
186546,93
186577,93
186597,93
186627,93
186647,91
186656,91
186716,93
186748,95
186777,95
186788,95
186807,95
186818,95
186847,95
186867,95
186976,93
186987,95
187008,95
187017,95
187048,97
187058,97
187087,109
187107,109
187116,109
187156,109
187197,105
187217,105
187227,97
187258,97
187296,95
187307,95
187316,95
187346,91
187396,87
187418,89
187427,89
187447,89
187466,93
187476,93
187487,93
187496,93
187527,93
187578,91
187626,81
187676,79
187699,85
187707,85
187727,85
187736,85
187747,91
187826,91
187839,95
187858,95
187927,95
187938,95
187946,95
187967,95
187978,95
187998,93
188089,89
188096,89
188107,89
188116,89
188127,91
188138,91
188156,91
188198,93
188236,93
188276,97
188298,97
188327,97
188337,97
188347,97
188387,93
188397,93
188438,93
188447,93
188457,93
188466,93
188497,93
188557,91
188587,91
188627,89
188647,91
188666,91
188697,95
188707,95
188717,95
188727,95
188777,97
188809,97
188827,97
188848,103
188858,103
188866,103
188896,97
188937,95
188968,95
188978,95
189007,93
189036,91
189047,91
189057,91
189088,93
189106,93
189136,89
189147,89
189178,91
189217,91
189226,95
189236,95
189247,95
189267,95
189296,97
189316,97
189347,95
189369,93
189417,91
189427,91
189457,91
189497,87
189516,89
189547,89
189567,89
189668,95
189697,99
189717,99
189727,99
189767,97
189797,93
189816,93
189837,93
189888,89
189937,93
189956,93
189968,93
189997,95
190017,95
190048,97
190068,97
190078,97
190088,95
190108,95
190167,99
190246,97
190277,95
190347,91
190366,91
190388,95
190407,95
190417,95
190437,95
190496,95
190506,95
190527,95
190588,93
190597,93
190628,93
190698,91
190717,89
190746,89
190778,89
190808,83
190908,93
190927,93
190947,97
190958,97
190967,97
190996,95
191017,95
191037,93
191057,93
191077,93
191088,89
191096,89
191108,89
191117,89
191126,89
191180,93
191188,93
191218,93
191258,93
191298,93
191308,93
191327,91
191358,91
191368,91
191397,95
191468,107
191477,111
191487,111
191507,111
191568,95
191597,95
191616,93
191628,93
191636,93
191646,93
191666,93
191676,93
191698,93
191708,91
191716,91
191727,91
191737,91
191758,91
191827,93
191848,93
191876,91
191888,91
191937,91
191997,93
192046,91
192057,91
192067,91
192106,83
192128,83
192137,87
192187,87
192217,87
192228,91
192236,91
192249,91
192287,107
192308,107
192358,111
192378,103
192437,97
192448,97
192468,93
192498,93
192506,93
192517,93
192568,91
192578,91
192618,103
192657,103
192677,105
192688,105
192707,105
192737,103
192787,97
192808,93
192818,93
192836,93
192848,93
192897,87
192906,89
192916,89
192937,89
192986,93
192998,95
193008,95
193018,95
193086,107
193098,101
193128,101
193147,95
193158,95
193208,83
193217,83
193227,83
193248,85
193288,87
193298,87
193329,89
193417,95
193468,95
193508,95
193528,87
193538,87
193547,87
193557,87
193618,89
193628,89
193647,89
193787,87
193836,89
193848,89
193858,89
193876,89
193937,91
193957,91
193967,91
193977,91
194027,93
194038,95
194046,95
194057,95
194127,95
194187,95
194277,93
194287,93
194327,91
194358,91
194426,101
194436,101
194468,97
194488,97
194497,97
194537,97
194568,95
194578,95
194598,95
194618,95
194628,95
194638,95
194647,95
194668,95
194688,95
194697,95
194717,95
194728,95
194746,95
194758,95
194768,95
194787,95
194798,95
194827,93
194847,93
194858,93
194868,93
194888,93
194898,93
194907,93
194977,93
194987,93
195007,101
195018,101
195078,97
195108,95
195117,95
195139,93
195147,93
195158,93
195197,91
195227,91
195238,83
195248,83
195258,83
195267,83
195278,85
195287,85
195297,85
195308,85
195358,89
195417,91
195519,93
195537,93
195556,93
195568,91
195588,91
195598,91
195609,91
195628,87
195669,89
195687,89
195708,91
195716,91
195738,91
195768,93
195778,93
195838,97
195847,97
195867,97
195878,97
195917,95
195948,97
195977,97
196057,95
196078,95
196097,93
196116,93
196128,93
196138,97
196147,97
196177,97
196189,105
196208,105
196218,105
196227,105
196258,105
196268,105
196377,101
196386,95
196408,95
196426,95
196438,93
196447,93
196488,89
196507,89
196528,89
196597,89
196619,93
196627,93
196658,93
196718,95
196737,95
196747,95
196756,95
196778,95
196798,95
196818,97
196838,97
196867,93
196898,93
196928,89
196938,89
196957,89
196968,89
196988,89
197038,95
197048,95
197068,95
197078,95
197106,95
197138,95
197148,95
197157,95
197168,95
197218,91
197227,91
197247,91
197257,91
197288,91
197307,91
197317,91
197348,91
197357,91
197407,89
197546,95
197568,95
197577,97
197618,97
197637,97
197657,97
197677,97
197688,97
197708,97
197768,97
197777,97
197789,97
197796,97
197836,93
197847,93
197858,93
197868,93
197889,93
197898,93
197908,89
197997,91
198017,89
198057,91
198077,91
198088,91
198097,91
198128,91
198168,93
198228,93
198267,95
198277,95
198288,93
198306,93
198327,93
198337,85
198356,85
198368,85
198378,87
198397,87
198488,89
198497,89
198506,89
198518,91
198547,91
198557,91
198578,91
198586,91
198608,91
198688,91
198718,97
198797,105
198818,99
198847,99
198897,95
198919,93
198927,93
198937,93
198968,93
198998,93
199117,93
199158,93
199177,93
199188,93
199207,93
199278,93
199297,95
199316,95
199328,95
199368,93
199378,93
199387,95
199427,95
199437,97
199448,97
199457,97
199466,97
199477,93
199488,93
199507,93
199517,93
199528,91
199537,91
199557,91
199568,91
199587,85
199597,85
199607,85
199638,81
199648,81
199697,81
199728,87
199738,87
199747,87
199757,91
199786,91
199797,91
199808,91
199827,91
199837,91
199858,93
199877,93
199888,93
199897,93
199906,93
199918,93
199938,93
199957,91
199967,91
199988,91
199997,91
200017,91
200067,91
200077,91
200097,99
200137,99
200147,109
200157,109
200177,109
200188,109
200197,109
200207,109
200228,109
200248,113
200259,113
200267,113
200277,113
200288,113
200298,101
200307,101
200328,101
200346,95
200408,93
200418,93
200427,93
200438,89
200448,89
200457,89
200478,89
200487,97
200498,97
200507,97
200517,97
200537,97
200548,97
200557,97
200568,97
200577,103
200587,103
200596,103
200608,103
200617,103
200628,97
200636,97
200647,97
200657,97
200667,97
200687,93
200698,93
200707,93
200718,93
200728,83
200737,83
200746,83
200758,83
200808,87
200838,91
200848,91
200897,91
200908,93
200928,93
200937,93
200968,91
200977,91
200987,91
200997,91
201007,89
201018,89
201028,89
201037,89
201057,91
201077,91
201088,91
201117,85
201137,85
201147,89
201159,89
201177,89
201188,89
201208,93
201217,93
201228,93
201239,93
201247,93
201268,93
201288,95
201298,95
201307,95
201318,95
201328,95
201346,95
201358,95
201368,95
201378,95
201387,95
201398,95
201427,95
201437,95
201448,95
201478,97
201497,97
201528,101
201537,101
201547,101
201557,101
201567,101
201578,103
201608,103
201627,105
201638,105
201647,105
201668,105
201688,101
201708,101
201717,101
201728,97
201747,97
201757,97
201769,91
201817,91
201828,91
201858,91
201888,91
201928,95
201998,93
202027,95
202038,95
202088,93
202157,93
202188,93
202247,95
202338,91
202408,87
202428,87
202488,87
202498,87
202537,89
202546,89
202718,95
202737,95
202747,95
202817,93
202837,93
202917,91
202928,91
202977,93
203027,91
203107,93
203227,91
203358,95
203387,95
203417,95
203427,95
203558,95
203568,95
203608,93
203737,93
203758,93
203767,91
203818,93
203837,93
203977,91
204106,93
204128,93
204147,95
204158,95
204168,95
204226,91
204267,91
204297,91
204348,91
204379,91
204387,91
204697,107
204797,97
204837,95
204917,93
204967,95
204997,95
205018,99
205047,99
205057,95
205087,95
205138,95
205267,91
205277,91
205357,91
205586,93
205598,93
205617,93
205697,93
205737,91
205877,95
205888,95
206107,93
206128,93
206178,91
206237,99
206258,103
206308,97
206348,95
206358,95
206398,93
206458,91
206468,91
206508,91
206537,93
206558,93
206718,89
206788,91
206848,95
206868,97
206877,97
207068,89
207097,89
207148,89
207158,89
207178,89
207188,89
207248,91
207288,91
207298,91
207307,91
207397,91
207418,91
207478,87
207527,89
207558,89
207647,93
207858,101
207868,97
207938,93
207947,93
208009,93
208027,93
208117,93
208128,93
208137,93
208147,93
208318,87
208338,91
208407,93
208438,91
208466,91
208649,93
208778,87
208798,87
208817,89
208827,89
208878,91
208888,91
208968,93
209068,93
209107,97
209117,97
209138,97
209148,95
209158,95
209168,95
209177,95
209188,95
209208,95
209217,95
209247,91
209257,91
209277,91
209287,91
209299,91
209308,91
209318,91
209348,89
209367,89
209408,91
209438,91
209457,91
209497,93
209507,93
209518,93
209528,93
209538,93
209557,93
209608,93
209638,93
209719,99
209728,99
209737,99
209748,99
209759,99
209777,109
209808,109
209837,117
209847,117
209878,109
209888,109
209898,109
209907,109
209918,97
209948,97
209987,93
209997,93
210028,89
210058,87
210068,87
210078,87
210148,91
210157,95
210207,99
210228,99
210237,99
210257,95
210288,95
210297,93
210338,91
210377,91
210388,85
210458,83
210498,83
210547,89
210568,89
210658,91
210687,93
210708,93
210737,95
210748,95
210978,97
211048,97
211067,97
211107,93
211137,93
211148,93
211168,93
211188,93
211208,89
211258,89
211288,91
211297,91
211327,91
211348,95
211367,95
211378,95
211386,95
211397,95
211408,95
211428,95
211438,99
211447,99
211458,99
211466,99
211477,99
211488,99
211498,99
211518,99
211529,97
211579,93
211588,93
211597,93
211608,93
211617,93
211627,89
211638,89
211647,89
211658,89
211677,89
211698,89
211707,89
211737,89
211747,89
211758,89
211767,91
211777,91
211817,95
211828,95
211838,95
211848,95
211858,95
211880,95
211928,95
211948,95
211958,93
211968,93
211977,93
211988,93
212008,89
212067,89
212098,87
212107,87
212118,87
212147,89
212157,89
212168,89
212197,95
212209,95
212217,95
212228,95
212237,95
212258,95
212267,95
212278,95
212288,95
212297,95
212308,95
212318,95
212328,95
212338,95
212348,95
212357,95
212368,95
212377,95
212388,97
212397,97
212408,97
212418,97
212427,97
212447,95
212457,95
212467,95
212477,95
212488,103
212498,103
212507,103
212518,103
212528,103
212537,97
212547,97
212558,97
212567,97
212577,95
212598,95
212608,95
212658,93
212668,93
212688,91
212697,91
212708,91
212717,91
212738,91
212748,91
212757,91
212768,91
212777,93
212788,93
212797,93
212808,93
212818,97
212828,97
212837,97
212848,97
212857,97
212868,101
212878,101
212889,101
212897,101
212909,101
212918,97
212927,97
212938,97
212948,97
212957,97
212969,93
212978,93
212987,93
212999,93
213009,85
213018,85
213028,85
213037,85
213048,85
213059,89
213068,89
213078,89
213087,89
213097,89
213108,91
213117,91
213127,91
213137,91
213148,91
213158,91
213168,91
213177,91
213187,91
213198,89
213208,89
213217,89
213237,89
213247,93
213257,93
213268,93
213277,93
213288,93
213307,91
213318,91
213327,91
213339,93
213347,93
213357,93
213368,93
213377,93
213388,93
213397,93
213408,93
213417,93
213427,93
213437,95
213458,95
213467,95
213477,95
213488,91
213497,91
213507,91
213517,91
213528,89
213538,89
213548,89
213577,91
213587,91
213597,91
213628,95
213647,95
213668,95
213678,97
213688,97
213697,97
213708,97
213718,97
213728,105
213768,105
213777,103
213787,103
213797,103
213807,103
213818,97
213828,97
213867,93
213887,93
213898,93
213907,93
213917,87
213937,87
213948,87
213959,89
213968,89
213977,89
213997,89
214009,89
214017,89
214028,89
214037,89
214047,89
214059,91
214068,91
214078,91
214088,91
214098,91
214107,91
214118,91
214127,91
214138,91
214148,91
214158,91
214167,91
214178,91
214187,91
214198,95
214208,95
214218,95
214227,95
214237,95
214248,95
214258,95
214268,95
214278,95
214288,95
214298,93
214308,93
214318,93
214328,93
214338,91
214347,91
214357,91
214368,91
214388,93
214397,93
214407,93
214428,93
214437,91
214448,91
214458,91
214468,91
214478,91
214497,91
214508,91
214517,91
214528,91
214537,91
214548,91
214557,91
214568,91
214577,91
214588,91
214597,91
214607,91
214618,91
214627,91
214648,91
214657,91
214698,95
214718,103
214728,103
214737,103
214747,103
214757,103
214767,97
214778,97
214788,97
214798,97
214807,97
214817,97
214828,97
214837,97
214847,97
214858,97
214867,95
214878,95
214887,95
214897,95
214918,93
214977,91
214998,91
215018,91
215028,91
215037,91
215057,91
215068,91
215078,91
215087,91
215107,93
215129,93
215139,93
215168,93
215177,93
215228,91
215248,87
215257,87
215268,87
215277,87
215288,89
215298,89
215308,89
215328,89
215338,99
215347,99
215357,99
215377,99
215428,101
215438,97
215458,97
215478,97
215487,95
215518,95
215528,93
215557,93
215568,93
215579,95
215588,95
215598,95
215607,95
215618,95
215628,97
215637,97
215648,97
215658,97
215668,97
215677,97
215688,97
215697,97
215707,97
215718,97
215727,95
215737,95
215747,95
215758,95
215769,95
215777,95
215788,95
215797,95
215808,95
215818,95
215838,95
215857,95
215867,95
215897,95
215907,95
215918,95
215927,95
215978,95
215987,95
215997,95
216009,91
216027,91
216087,89
216117,89
216139,89
216159,93
216228,91
216238,91
216258,89
216287,89
216317,89
216328,89
216358,87
216378,87
216407,89
216418,89
216427,89
216438,91
216448,91
216458,91
216468,91
216477,91
216488,93
216498,93
216508,93
216517,93
216528,97
216537,97
216548,97
216558,97
216567,97
216579,95
216588,95
216597,95
216607,95
216618,95
216637,95
216647,95
216658,95
216668,95
216707,91
216758,89
216768,89
216779,89
216788,89
216818,93
216828,93
216838,93
216848,93
216858,93
216878,93
216898,93
216909,97
216917,97
216927,97
216938,97
216948,97
216977,93
216988,93
217007,97
217018,97
217028,97
217038,97
217048,97
217067,95
217077,95
217088,95
217097,95
217138,101
217157,97
217177,97
217187,97
217207,95
217238,95
217249,93
217259,93
217268,93
217278,93
217287,93
217297,91
217308,91
217317,91
217368,101
217378,101
217388,101
217397,111
217407,111
217418,111
217428,111
217437,111
217448,109
217458,109
217467,109
217478,109
217508,101
217517,101
217538,95
217547,95
217558,95
217568,95
217577,95
217588,93
217598,93
217607,93
217617,93
217628,93
217637,91
217648,91
217658,91
217667,91
217688,93
217697,93
217717,93
217728,91
217748,91
217757,91
217768,91
217787,93
217808,93
217818,93
217828,89
217837,89
217847,89
217897,83
217907,83
217918,79
217928,79
217937,79
217948,79
217958,81
217968,81
217978,81
217988,81
217997,81
218008,87
218017,87
218028,87
218038,87
218048,87
218057,91
218068,91
218077,91
218087,91
218098,93
218108,93
218118,93
218168,93
218178,93
218198,93
218219,93
218248,95
218259,95
218268,95
218277,95
218308,93
218328,93
218339,93
218348,93
218368,93
218418,93
218428,93
218438,93
218448,93
218458,93
218468,93
218478,93
218488,93
218498,93
218508,93
218517,93
218529,93
218537,93
218548,93
218578,101
218587,101
218618,101
218628,99
218637,99
218647,99
218658,99
218667,99
218677,95
218698,95
218708,95
218728,95
218748,95
218758,95
218788,95
218798,95
218818,93
218828,93
218837,93
218847,93
218858,93
218868,91
218898,91
218918,93
218928,93
218937,93
218958,93
218968,93
218979,93
218988,93
218997,93
219009,93
219018,93
219028,93
219037,93
219047,93
219058,89
219067,89
219078,89
219088,89
219097,89
219108,89
219119,89
219138,89
219168,89
219178,89
219188,89
219197,89
219208,89
219218,89
219228,89
219238,89
219247,87
219258,87
219268,87
219278,87
219288,89
219297,89
219308,89
219318,89
219328,89
219338,91
219348,91
219358,91
219368,91
219377,91
219397,93
219419,93
219437,95
219459,95
219468,95
219497,93
219507,93
219518,93
219528,93
219538,93
219548,93
219558,93
219568,93
219579,93
219588,93
219598,93
219608,93
219618,93
219628,99
219647,99
219668,99
219677,97
219697,97
219728,95
219737,95
219748,95
219758,95
219769,93
219778,93
219788,93
219797,93
219847,97
219858,97
219868,101
219877,101
219887,101
219897,101
219907,101
219918,109
219927,109
219938,109
219958,109
219968,107
219978,107
219988,107
219997,107
220017,97
220028,97
220067,95
220078,95
220088,95
220098,95
220109,91
220117,91
220128,91
220138,91
220157,89
220167,89
220178,89
220187,89
220238,87
220267,87
220277,87
220298,87
220307,87
220398,91
220438,93
220488,95
220548,93
220557,93
220567,93
220619,91
220627,89
220660,89
220669,89
220678,91
220709,91
220718,91
220727,95
220738,95
220748,95
220758,95
220768,93
220778,93
220798,93
220807,93
220828,93
220838,93
220848,93
220857,93
220867,91
220877,91
220907,91
220917,93
220927,93
220938,93
220947,93
220958,95
220968,95
220978,95
220987,95
220998,95
221008,93
221017,93
221038,93
221068,93
221098,93
221118,91
221128,91
221138,91
221149,91
221188,91
221218,89
221228,89
221248,91
221267,91
221297,93
221338,95
221358,95
221378,95
221398,97
221438,97
221447,97
221468,97
221518,95
221538,93
221568,93
221628,97
221647,97
221677,95
221707,95
221718,95
221727,97
221758,97
221789,93
221808,93
221838,93
221848,93
221858,93
221898,91
221908,91
221938,91
221979,91
221988,91
222017,93
222048,93
222078,93
222108,95
222128,95
222138,95
222158,95
222169,95
222177,95
222207,95
222227,95
222248,93
222258,93
222268,93
222278,93
222297,93
222308,93
222328,93
222398,93
222418,93
222427,93
222448,93
222467,93
222478,93
222489,95
222507,95
222528,95
222538,97
222548,97
222578,97
222608,99
222627,99
222638,97
222658,97
222668,97
222688,93
222697,93
222708,93
222717,93
222747,91
222758,91
222769,91
222777,89
222797,89
222818,89
222848,87
222888,89
222908,89
222918,89
222938,89
222949,89
222968,93
222988,93
223008,93
223018,95
223027,95
223048,95
223058,95
223067,95
223097,95
223108,93
223118,93
223128,93
223137,93
223197,95
223219,93
223238,93
223248,93
223257,93
223268,93
223278,93
223288,93
223308,95
223317,95
223328,95
223337,95
223347,95
223357,95
223368,95
223408,93
223437,93
223458,95
223467,95
223477,95
223497,101
223517,101
223528,101
223539,101
223547,97
223557,97
223568,97
223578,97
223588,95
223598,95
223608,95
223618,95
223628,95
223638,87
223668,87
223677,87
223728,85
223768,85
223779,89
223788,89
223797,89
223808,89
223828,89
223839,89
223847,89
223857,89
223867,89
223879,89
223908,89
223918,93
223929,93
223939,93
223947,93
223988,91
223997,91
224008,91
224028,93
224038,93
224049,93
224058,93
224087,91
224108,99
224118,99
224128,99
224137,99
224147,99
224158,97
224168,97
224177,97
224187,97
224197,97
224208,95
224219,95
224228,95
224237,95
224247,95
224257,95
224268,95
224278,95
224288,95
224298,95
224307,95
224318,95
224328,95
224338,95
224349,93
224358,93
224367,93
224378,93
224388,93
224398,97
224408,97
224418,97
224437,97
224447,101
224457,101
224468,101
224518,95
224527,95
224558,97
224568,97
224618,95
224627,95
224638,95
224647,95
224657,95
224668,95
224678,95
224688,91
224708,91
224717,91
224728,91
224779,89
224808,89
224818,89
224828,91
224848,91
224857,91
224868,91
224878,91
224889,91
224898,91
224908,91
224928,93
224949,93
224959,93
224998,91
225018,93
225028,93
225058,93
225068,93
225098,93
225108,93
225138,99
225218,99
225238,99
225248,99
225258,95
225268,95
225277,95
225288,95
225298,95
225307,95
225318,95
225328,95
225337,95
225348,95
225358,91
225398,91
225407,91
225417,91
225427,91
225468,89
225478,89
225487,89
225498,87
225507,87
225518,87
225528,87
225539,89
225548,89
225558,89
225568,89
225578,89
225588,89
225598,89
225628,89
225638,93
225647,93
225657,93
225688,103
225697,103
225728,103
225748,97
225757,97
225768,97
225788,99
225807,99
225819,99
225837,99
225847,99
225858,99
225868,99
225877,97
225907,97
225947,93
225978,91
225998,91
226008,91
226027,91
226049,91
226059,91
226099,93
226118,93
226128,93
226158,93
226178,93
226218,89
226228,89
226237,89
226248,89
226258,85
226268,85
226277,85
226288,85
226308,83
226328,83
226338,83
226348,85
226358,85
226388,85
226408,89
226418,89
226428,89
226439,93
226448,93
226458,93
226477,93
226489,91
226497,91
226508,91
226518,91
226527,91
226538,91
226548,91
226578,91
226598,91
226679,91
226688,91
226698,91
226728,93
226748,93
226758,93
226768,91
226778,91
226788,91
226798,91
226808,91
226819,93
226828,93
226837,93
226847,93
226857,93
226868,91
226878,91
226888,91
226898,91
226907,91
226918,91
226929,91
226938,91
226948,91
226959,93
226968,93
226978,93
226987,93
226998,93
227017,95
227027,95
227038,95
227048,95
227058,95
227068,95
227078,95
227088,95
227098,95
227107,97
227117,97
227129,97
227139,97
227148,97
227158,95
227169,95
227179,95
227188,95
227199,95
227209,95
227219,95
227228,95
227239,95
227249,95
227259,95
227279,95
227288,95
227298,93
227308,93
227318,93
227327,93
227338,93
227348,93
227367,93
227388,93
227407,93
227428,93
227438,93
227478,93
227489,93
227497,93
227508,93
227517,93
227528,93
227537,95
227547,95
227558,95
227567,95
227577,95
227588,95
227597,95
227608,95
227617,95
227628,95
227638,95
227648,95
227657,95
227668,95
227678,95
227708,95
227717,95
227728,93
227738,93
227747,93
227758,93
227767,93
227818,93
227838,93
227857,93
227877,93
227888,93
227907,93
227919,91
227938,91
227947,91
227958,91
227978,93
228008,93
228018,93
228028,93
228048,93
228058,93
228068,93
228079,93
228097,93
228108,85
228148,85
228158,83
228169,83
228198,83
228208,83
228217,83
228229,83
228239,83
228250,89
228257,89
228298,99
228329,99
228338,99
228348,103
228388,103
228398,95
228408,95
228418,95
228428,95
228439,93
228457,93
228477,93
228499,83
228508,83
228528,83
228538,89
228588,97
228608,97
228618,97
228628,97
228638,105
228648,105
228657,105
228668,105
228678,103
228688,103
228698,103
228708,103
228717,103
228729,97
228737,97
228748,97
228758,97
228768,97
228778,93
228798,93
228828,91
228878,91
228888,91
228898,91
228928,93
228948,93
228968,93
228988,93
229008,93
229028,93
229039,93
229048,93
229059,93
229068,93
229077,93
229097,93
229148,91
229159,93
229188,93
229197,93
229208,103
229218,103
229228,103
229237,103
229259,107
229288,107
229297,107
229308,97
229329,97
229348,95
229398,93
229409,93
229419,93
229427,93
229439,93
229448,93
229468,93
229478,93
229488,93
229498,91
229507,91
229538,91
229548,95
229608,93
229617,93
229628,93
229639,95
229647,95
229658,95
229668,95
229688,93
229728,93
229738,93
229747,93
229758,93
229768,93
229778,93
229788,93
229798,93
229808,93
229818,93
229828,93
229837,93
229848,93
229859,93
229868,93
229879,93
229888,93
229898,93
229908,93
229959,93
229977,93
229988,93
229998,93
230007,93
230018,93
230027,93
230039,93
230048,93
230058,93
230069,93
230078,93
230088,93
230097,93
230107,93
230118,93
230128,93
230138,93
230148,93
230157,93
230168,91
230179,91
230187,91
230208,91
230228,91
230248,91
230277,93
230287,93
230298,93
230307,91
230317,91
230328,91
230377,91
230399,91
230408,91
230437,91
230467,89
230477,89
230499,89
230509,89
230538,89
230548,91
230557,91
230567,91
230578,91
230598,91
230609,91
230618,91
230629,91
230639,93
230648,93
230658,93
230668,93
230677,93
230688,93
230698,93
230707,93
230717,93
230727,93
230738,93
230748,93
230757,93
230768,93
230788,97
230797,97
230809,97
230819,97
230829,97
230838,97
230847,97
230858,97
230868,97
230878,95
230887,95
230898,95
230907,95
230918,95
230928,93
230938,93
230948,93
230957,93
230967,93
230978,93
230988,93
230997,93
231008,93
231019,93
231037,93
231048,93
231058,93
231068,95
231077,95
231087,95
231097,95
231118,97
231137,97
231168,97
231198,97
231218,95
231228,95
231237,95
231248,95
231257,95
231267,99
231277,99
231287,99
231298,99
231308,95
231328,95
231338,95
231348,95
231359,93
231368,93
231377,93
231387,93
231398,93
231407,91
231419,91
231437,91
231447,91
231458,91
231467,91
231479,91
231488,91
231498,91
231507,91
231518,91
231528,91
231538,91
231549,91
231567,91
231579,91
231599,93
231608,93
231649,91
231658,91
231689,91
231698,91
231727,91
231738,93
231747,93
231757,93
231767,93
231778,93
231787,93
231798,93
231808,93
231818,93
231828,93
231837,93
231858,93
231867,93
231897,99
231918,99
231928,105
231939,105
231948,105
231968,105
231978,105
231988,105
231997,105
232008,105
232037,97
232048,97
232057,97
232078,93
232098,93
232107,93
232148,93
232157,93
232169,93
232178,93
232208,93
232238,93
232248,93
232297,91
232308,91
232327,91
232339,91
232348,91
232359,91
232367,91
232377,91
232388,91
232398,91
232427,87
232457,83
232467,83
232478,83
232508,81
232517,81
232528,81
232578,85
232589,89
232599,89
232607,89
232647,91
232659,91
232669,91
232678,91
232689,93
232699,93
232709,93
232758,93
232767,93
232778,93
232788,93
232798,93
232817,93
232827,91
232838,91
232857,91
232868,91
232878,93
232889,93
232918,93
232928,93
232948,93
232958,93
232968,95
232978,95
232989,95
232998,95
233008,95
233018,95
233028,95
233037,95
233048,95
233057,95
233067,95
233078,95
233087,95
233098,95
233107,95
233117,97
233128,97
233139,97
233148,97
233158,97
233168,97
233178,97
233188,97
233197,97
233208,93
233217,93
233228,93
233237,93
233247,93
233258,93
233268,93
233278,93
233288,93
233297,93
233318,93
233327,93
233338,93
233348,93
233357,95
233369,95
233377,95
233387,95
233398,95
233408,97
233419,97
233428,97
233437,97
233488,95
233498,97
233508,97
233517,97
233527,97
233537,97
233689,91
233698,91
233708,91
233717,91
233729,91
233748,91
233759,91
233769,91
233779,91
233788,91
233819,91
233838,97
233849,97
233858,97
233868,97
233878,97
233888,95
233908,95
233917,95
233928,93
233948,93
233978,89
233987,89
233997,89
234009,89
234018,89
234028,87
234039,87
234048,87
234057,87
234069,85
234078,85
234088,85
234097,85
234108,85
234118,81
234128,81
234137,81
234148,81
234158,81
234168,87
234177,87
234188,87
234197,87
234208,91
234219,91
234227,91
234237,91
234259,93
234267,93
234278,93
234297,93
234308,93
234317,93
234329,93
234338,93
234348,93
234358,93
234368,93
234378,93
234388,93
234399,97
234409,97
234417,97
234428,97
234438,97
234508,93
234517,93
234528,93
234548,93
234558,93
234567,93
234578,93
234588,93
234597,91
234608,91
234618,91
234627,91
234658,93
234668,93
234688,101
234718,101
234758,97
234768,97
234789,103
234797,103
234819,103
234837,97
234857,97
234869,97
234889,99
234899,99
234928,99
234948,97
234957,97
234978,93
234988,93
234999,93
235017,93
235029,95
235037,95
235048,95
235057,95
235068,95
235078,93
235088,93
235099,93
235108,93
235118,93
235128,93
235138,93
235148,93
235159,93
235169,91
235178,91
235187,91
235218,89
235238,89
235248,89
235258,89
235267,89
235278,89
235288,89
235299,89
235308,89
235317,91
235328,91
235338,91
235348,91
235358,91
235368,91
235377,91
235388,91
235397,91
235409,91
235417,91
235428,91
235438,91
235447,91
235457,91
235468,91
235477,91
235488,91
235499,91
235507,91
235517,91
235528,91
235538,91
235549,93
235559,93
235567,93
235578,93
235588,93
235598,91
235608,91
235618,91
235628,91
235647,93
235678,93
235689,95
235698,95
235729,95
235747,95
235757,95
235767,95
235778,95
235788,95
235798,95
235808,95
235837,93
235849,93
235858,93
235877,93
235897,93
235908,93
235917,93
235937,91
235959,91
235968,91
235977,93
235998,93
236009,93
236028,91
236039,91
236048,91
236059,91
236068,91
236077,95
236089,95
236098,95
236108,95
236119,103
236128,103
236138,103
236147,103
236158,103
236169,105
236179,105
236188,105
236197,105
236237,107
236248,107
236257,107
236277,103
236287,103
236297,103
236308,103
236317,97
236328,97
236368,97
236378,97
236398,97
236407,97
236419,93
236427,93
236437,93
236449,93
236459,93
236468,93
236478,93
236488,93
236497,93
236509,97
236518,97
236527,97
236538,97
236547,97
236558,97
236567,97
236578,97
236588,97
236598,97
236608,93
236618,93
236628,93
236638,93
236649,91
236658,91
236668,91
236677,91
236687,91
236699,89
236708,89
236717,89
236728,89
236738,89
236747,87
236759,87
236768,87
236777,87
236789,85
236798,85
236808,85
236818,85
236827,85
236838,87
236847,87
236858,87
236868,87
236877,87
236887,91
236899,91
236908,91
236917,91
236928,91
236938,93
236948,93
236957,93
236967,93
236979,89
236988,89
236997,89
237009,89
237019,89
237029,83
237039,83
237049,83
237058,83
237067,83
237079,83
237089,83
237119,85
237127,85
237138,85
237149,85
237158,85
237179,89
237188,89
237259,93
237268,93
237277,93
237287,93
237298,93
237308,97
237317,97
237328,97
237337,97
237348,97
237368,97
237388,97
237437,107
237448,107
237458,111
237467,111
237477,111
237487,111
237499,111
237508,105
237517,105
237527,105
237538,105
237548,105
237557,97
237568,97
237578,97
237588,97
237598,93
237609,93
237618,93
237627,93
237637,93
237648,91
237658,91
237668,91
237697,91
237709,91
237717,91
237728,91
237738,91
237757,91
237779,91
237797,91
237837,91
237847,91
237858,91
237868,91
237877,91
237887,95
237899,95
237908,95
237918,95
237937,93
237947,93
237957,93
237967,93
237978,93
237988,93
238008,93
238018,93
238028,91
238039,91
238047,91
238058,91
238068,91
238077,91
238088,91
238099,91
238108,91
238157,89
238189,85
238197,85
238209,85
238219,89
238229,89
238239,89
238248,89
238269,91
238288,91
238298,91
238307,91
238318,91
238328,91
238337,91
238348,91
238357,95
238368,95
238378,95
238388,95
238397,95
238407,95
238418,95
238427,95
238437,95
238449,95
238458,95
238468,95
238477,95
238487,95
238508,95
238517,95
238527,95
238537,95
238548,97
238558,97
238569,97
238578,97
238587,97
238597,101
238607,101
238618,101
238628,101
238637,101
238647,101
238659,101
238668,101
238677,101
238689,101
238707,95
238797,91
238818,91
238827,91
238837,89
238867,89
238879,91
238929,93
238937,93
238957,93
238988,93
238997,93
239017,93
239027,93
239039,93
239048,93
239067,93
239077,93
239087,93
239097,93
239108,93
239118,95
239128,95
239137,95
239148,95
239158,95
239168,97
239179,97
239188,97
239197,97
239208,97
239218,95
239228,95
239237,95
239258,95
239267,93
239279,93
239327,91
239348,91
239378,93
239388,93
239397,93
239428,93
239437,93
239448,93
239469,93
239477,93
239487,93
239499,93
239508,93
239517,93
239527,93
239538,93
239567,91
239598,93
239607,93
239628,93
239637,93
239668,95
239677,95
239689,95
239697,105
239709,105
239717,105
239728,105
239739,105
239748,99
239757,99
239768,99
239777,99
239789,95
239797,95
239808,95
239818,95
239828,95
239838,93
239848,93
239857,93
239868,93
239878,93
239888,93
239917,93
239959,91
239967,91
239988,91
240028,91
240039,91
240057,91
240068,91
240077,91
240088,91
240097,91
240107,91
240127,93
240137,93
240149,93
240157,93
240170,95
240177,95
240188,95
240197,95
240207,95
240218,103
240227,103
240239,103
240277,97
240287,97
240359,93
240379,93
240389,93
240418,85
240459,81
240468,81
240478,81
240498,89
240518,89
240528,89
240537,89
240549,91
240557,91
240567,91
240577,91
240587,91
240599,95
240608,95
240617,95
240628,95
240637,95
240659,101
240668,101
240677,101
240717,99
240727,99
240738,95
240757,95
240767,95
240797,95
240817,95
240848,91
240857,91
240867,91
240877,91
240887,91
240898,91
240908,91
240918,91
240937,89
240947,89
240958,89
240988,91
240997,91
241019,91
241028,89
241039,89
241049,89
241058,89
241097,93
241108,93
241157,91
241168,89
241178,89
241188,89
241207,89
241219,89
241227,89
241237,89
241288,91
241337,91
241357,93
241369,93
241388,93
241397,93
241407,91
241418,91
241428,91
241459,93
241479,93
241488,93
241509,91
241529,91
241538,91
241548,97
241558,97
241578,97
241598,97
241617,97
241628,97
241637,97
241648,97
241658,97
241668,97
241677,97
241689,97
241698,97
241707,97
241718,97
241727,97
241748,95
241757,95
241767,95
241777,95
241787,93
241797,93
241807,93
241817,93
241828,93
241837,101
241849,101
241877,101
241899,95
241917,95
241929,95
241938,95
241957,95
241979,91
241988,91
242038,89
242047,89
242057,89
242068,89
242088,89
242098,89
242108,89
242127,91
242139,91
242158,91
242168,89
242188,89
242197,89
242207,89
242289,89
242297,89
242309,91
242317,91
242327,91
242338,91
242348,91
242358,93
242369,93
242378,93
242388,93
242398,93
242407,95
242417,95
242427,95
242437,95
242450,95
242457,95
242468,95
242479,95
242487,95
242500,95
242508,95
242519,95
242527,95
242537,95
242548,95
242560,95
242568,95
242577,95
242589,95
242599,95
242609,95
242619,95
242629,95
242639,95
242648,95
242659,95
242668,95
242679,95
242689,107
242698,107
242707,107
242719,107
242728,107
242739,101
242747,101
242758,101
242767,101
242778,101
242789,97
242797,97
242808,97
242818,97
242828,97
242837,95
242849,95
242857,95
242868,95
242877,95
242888,95
242898,95
242908,95
242917,95
242929,95
242937,97
242968,97
242979,97
242988,97
242997,97
243038,93
243049,93
243058,93
243068,93
243089,91
243098,91
243127,83
243138,83
243148,83
243157,83
243169,83
243177,83
243188,83
243197,83
243219,87
243268,89
243278,89
243289,89
243299,89
243309,93
243328,93
243378,91
243388,91
243397,91
243409,95
243418,95
243448,95
243479,95
243487,95
243548,93
243558,93
243577,93
243588,93
243598,93
243608,93
243617,93
243628,93
243650,93
243659,93
243669,93
243697,93
243709,93
243717,93
243727,93
243738,91
243789,91
243799,91
243838,93
243848,93
243859,93
243868,93
243878,93
243899,99
243908,99
243927,99
243968,105
243977,105
243997,99
244007,99
244037,95
244048,95
244079,95
244098,95
244108,95
244128,95
244138,95
244157,95
244178,101
244187,101
244207,101
244217,101
244228,95
244238,95
244268,95
244278,95
244287,95
244298,95
244308,95
244318,93
244327,93
244339,93
244347,93
244358,93
244369,93
244379,93
244398,93
244408,93
244429,93
244449,93
244459,93
244487,93
244518,93
244538,93
244548,93
244558,95
244577,95
244588,95
244597,95
244608,95
244628,95
244637,95
244658,93
244669,93
244699,91
244727,91
244737,91
244748,85
244817,87
244839,91
244847,91
244859,91
244868,91
244877,91
244889,93
244897,93
244908,93
244979,93
244988,91
245009,91
245068,93
245078,91
245097,91
245108,91
245117,91
245127,97
245139,97
245239,97
245348,97
245368,93
245377,93
245398,93
245409,93
245428,93
245437,93
245448,93
245498,91
245527,91
245548,91
245597,89
245617,89
245679,85
245689,85
245707,89
245717,89
245727,89
245828,97
245847,97
245888,95
245918,95
245948,93
245998,93
246018,93
246088,93
246148,93
246168,93
246188,93
246198,93
246208,93
246238,95
246247,95
246277,103
246297,103
246308,103
246318,97
246327,97
246349,97
246378,95
246429,99
246437,99
246447,99
246458,99
246479,97
246487,97
246499,97
246509,93
246517,93
246538,93
246608,89
246618,89
246628,89
246637,89
246677,91
246689,91
246699,93
246708,93
246717,93
246729,93
246737,93
246749,95
246758,95
246777,95
246788,95
246798,93
246817,93
246848,93
246858,93
246897,89
246908,89
246918,89
246967,89
246988,91
246999,91
247007,91
247019,91
247037,95
247059,95
247069,95
247079,93
247108,93
247129,95
247148,95
247158,95
247219,93
247238,95
247269,93
247318,95
247327,95
247337,95
247348,95
247357,95
247398,93
247429,93
247437,93
247448,93
247458,93
247468,93
247477,93
247489,93
247497,93
247508,93
247519,93
247529,93
247557,93
247569,93
247577,93
247598,93
247608,93
247619,93
247628,93
247657,93
247668,93
247699,91
247739,91
247758,91
247767,91
247777,91
247798,93
247807,93
247828,93
247839,89
247848,89
247858,89
247868,89
247878,89
247888,89
247898,89
247909,89
247918,89
247928,89
247938,89
247948,89
247957,89
247967,89
247980,91
247988,91
247997,91
248008,91
248018,91
248028,93
248048,93
248057,93
248068,93
248098,95
248107,95
248118,95
248128,103
248168,103
248179,97
248197,97
248207,97
248237,95
248258,95
248287,95
248297,95
248318,95
248337,95
248348,95
248357,95
248368,93
248379,93
248388,93
248398,93
248407,93
248418,93
248428,93
248439,93
248447,93
248460,93
248468,93
248478,93
248497,93
248508,91
248518,91
248528,91
248538,91
248548,91
248557,93
248568,93
248578,93
248588,93
248597,93
248628,97
248649,97
248708,93
248767,89
248778,89
248828,89
248848,91
248868,91
248877,91
248897,93
248908,93
248917,93
248929,93
248937,93
248948,93
248958,93
248968,93
248979,93
248997,93
249019,93
249030,91
249038,91
249097,91
249107,91
249117,91
249140,93
249149,93
249157,93
249168,93
249179,93
249197,93
249228,93
249237,93
249258,93
249269,95
249277,95
249298,95
249318,93
249329,93
249338,93
249348,93
249358,93
249368,95
249378,95
249398,95
249410,93
249419,93
249438,93
249447,93
249468,93
249477,93
249487,93
249497,93
249508,95
249518,95
249537,95
249548,95
249557,93
249569,93
249578,93
249588,93
249599,93
249607,93
249618,93
249648,91
249659,91
249668,91
249689,91
249697,91
249708,91
249718,91
249729,91
249738,91
249749,91
249759,91
249768,91
249779,91
249789,91
249799,91
249808,91
249828,91
249838,91
249848,91
249858,91
249868,91
249887,93
249908,93
249928,93
249939,93
249949,93
249958,93
249967,93
249979,93
249999,93
250008,93
250017,93
250029,91
250037,91
250048,91
250058,91
250067,91
250077,93
250089,93
250098,93
250108,93
250117,93
250129,93
250139,93
250149,93
250157,93
250169,95
250178,95
250189,95
250197,95
250229,95
250239,95
250249,95
250259,95
250269,95
250277,95
250289,95
250299,95
250308,95
250318,93
250339,93
250347,93
250358,89
250367,89
250378,89
250388,89
250397,89
250409,89
250417,89
250429,89
250437,89
250447,89
250458,85
250469,85
250477,85
250488,85
250499,87
250508,87
250518,87
250528,87
250539,87
250548,89
250558,89
250568,89
250578,89
250587,89
250598,91
250609,91
250617,91
250628,91
250638,91
250649,95
250659,95
250667,95
250678,95
250688,95
250697,95
250708,95
250739,91
250767,91
250789,91
250798,91
250807,91
250818,91
250828,91
250838,89
250849,89
250859,89
250868,89
250879,93
250888,93
250898,93
250908,93
250918,93
250930,95
250937,95
250947,95
250958,95
250968,95
250979,93
250988,93
250998,93
251008,93
251019,93
251028,95
251041,95
251049,95
251058,95
251067,95
251077,95
251090,95
251098,95
251108,95
251118,95
251127,101
251139,101
251149,101
251158,101
251168,107
251197,107
251209,107
251219,107
251229,107
251239,107
251249,107
251259,107
251269,99
251279,99
251288,99
251298,99
251308,99
251317,93
251328,93
251338,93
251348,93
251358,93
251367,93
251378,93
251388,93
251399,93
251410,89
251417,89
251428,89
251437,89
251447,89
251459,91
251468,91
251477,91
251488,91
251498,91
251508,91
251519,91
251528,91
251538,91
251548,91
251557,93
251567,93
251579,93
251588,93
251599,93
251609,93
251619,93
251628,93
251639,93
251649,91
251658,91
251668,91
251678,91
251687,91
251698,93
251709,93
251717,93
251729,93
251739,93
251748,93
251757,93
251768,93
251778,93
251789,93
251799,93
251858,89
251867,89
251879,89
251888,91
251898,91
251909,91
251919,91
251929,93
251939,93
251947,93
251967,93
251978,91
251997,91
252018,91
252029,91
252038,91
252047,91
252058,91
252067,91
252088,89
252108,89
252120,93
252129,93
252139,93
252148,93
252158,93
252179,93
252188,93
252197,93
252210,93
252218,95
252227,95
252249,95
252269,95
252298,95
252308,95
252317,95
252329,95
252338,95
252349,95
252359,93
252369,93
252379,93
252389,93
252398,93
252409,93
252428,93
252437,93
252449,93
252458,93
252489,93
252499,93
252508,93
252517,93
252529,93
252538,93
252549,93
252558,93
252569,93
252578,93
252588,93
252597,91
252609,91
252619,91
252628,91
252637,91
252648,93
252659,93
252668,93
252677,93
252689,93
252698,97
252708,97
252718,97
252729,97
252740,97
252747,97
252759,97
252767,97
252779,97
252788,93
252798,93
252808,93
252818,93
252828,93
252838,89
252849,89
252858,89
252868,89
252879,89
252890,89
252898,89
252908,89
252918,89
252929,85
252938,85
252948,85
252957,85
252968,85
252978,89
252988,89
252998,89
253008,89
253019,89
253049,93
253058,93
253069,95
253108,95
253137,93
253148,93
253159,93
253188,95
253238,93
253299,95
253308,91
253317,91
253357,89
253369,89
253419,89
253489,93
253517,91
253528,91
253539,91
253548,101
253599,109
253618,109
253628,109
253668,103
253679,103
253708,97
253757,95
253797,91
253809,91
253819,91
253839,93
253877,93
253888,97
253898,97
253908,97
253917,97
253929,97
253938,97
253968,97
253980,93
253988,93
253997,93
254008,93
254029,89
254037,89
254058,89
254078,85
254089,85
254098,85
254159,85
254169,89
254178,89
254189,89
254197,89
254209,89
254219,93
254229,93
254248,93
254259,93
254268,91
254278,91
254288,91
254328,93
254369,91
254388,91
254419,89
254428,89
254451,89
254459,89
254478,89
254488,89
254500,89
254508,89
254549,89
254558,89
254570,89
254578,89
254589,91
254598,91
254609,91
254638,93
254658,93
254707,95
254738,93
254748,93
254758,93
254779,95
254838,93
254859,93
254868,93
254888,97
254928,95
254938,95
254958,95
254968,95
254978,99
254999,99
255009,99
255028,97
255049,97
255069,95
255079,95
255098,95
255119,93
255128,93
255138,93
255148,93
255158,93
255179,93
255188,93
255267,91
255289,91
255388,89
255428,89
255438,89
255459,89
255469,89
255477,89
255488,89
255498,91
255509,91
255528,91
255548,91
255618,103
255640,99
255658,99
255678,99
255699,97
255717,97
255728,97
255759,93
255778,93
255788,93
255799,93
255808,93
255818,93
255828,93
255838,93
255868,93
255879,93
255888,93
255908,93
255997,93
256009,93
256019,93
256028,91
256049,91
256058,91
256069,91
256079,93
256089,93
256098,93
256119,93
256139,93
256148,93
256158,93
256178,93
256208,93
256219,93
256228,93
256249,93
256268,93
256278,93
256299,93
256309,89
256328,89
256348,89
256368,89
256388,89
256397,89
256408,89
256459,91
256477,91
256488,91
256499,91
256508,91
256518,91
256549,95
256568,95
256658,95
256668,95
256729,95
256759,93
256778,93
256788,91
256837,91
256848,91
256868,91
256898,91
256918,91
256980,105
256998,105
257008,105
257019,105
257029,101
257039,101
257048,101
257088,103
257108,103
257118,103
257128,97
257139,97
257178,93
257188,93
257198,93
257238,91
257258,91
257269,89
257279,89
257308,89
257318,91
257329,91
257347,91
257378,91
257388,91
257398,91
257418,93
257428,93
257448,93
257459,95
257498,95
257518,103
257529,103
257538,103
257548,103
257558,101
257569,101
257578,101
257588,101
257598,101
257609,97
257619,97
257629,97
257659,93
257668,93
257720,91
257730,91
257759,89
257768,89
257779,89
257788,89
257809,91
257828,91
257838,93
257849,93
257889,91
257988,91
258038,91
258077,93
258089,93
258107,93
258119,93
258138,93
258148,93
258179,87
258188,87
258248,83
258258,81
258278,81
258289,81
258358,91
258368,91
258388,91
258427,93
258468,97
258478,97
258498,99
258518,99
258549,97
258558,97
258568,97
258629,101
258638,101
258658,97
258698,101
258709,101
258717,101
258739,101
258748,97
258759,97
258778,97
258799,97
258808,97
258880,95
258899,93
258909,93
258919,93
258969,93
258999,91
259009,91
259029,91
259058,91
259068,91
259079,89
259088,89
259098,89
259108,89
259128,93
259139,93
259148,93
259169,93
259178,91
259199,91
259208,91
259219,93
259258,93
259268,91
259289,91
259298,91
259308,91
259348,93
259369,91
259378,91
259388,91
259399,91
259408,91
259458,89
259469,89
259489,89
259508,87
259549,89
259609,91
259637,91
259648,91
259659,91
259669,91
259677,91
259698,93
259709,93
259718,93
259728,93
259739,99
259778,99
259789,97
259808,97
259818,97
259828,97
259838,95
259878,95
259888,93
259898,93
259908,93
259918,93
259928,93
259938,95
259969,95
259998,95
260028,99
260069,99
260078,97
260089,97
260099,97
260108,97
260118,97
260138,105
260148,105
260158,105
260188,97
260228,95
260239,95
260258,95
260269,89
260289,89
260298,89
260308,89
260328,91
260338,91
260358,91
260378,93
260388,93
260398,93
260408,93
260418,93
260467,95
260478,95
260499,95
260528,95
260578,93
260588,93
260608,91
260628,91
260639,91
260648,91
260659,89
260678,89
260728,93
260739,93
260768,91
260778,91
260797,87
260809,87
260828,87
260849,85
260868,85
260889,89
260898,89
260949,91
260968,91
260988,93
260999,93
261008,93
261029,91
261038,91
261050,91
261059,91
261088,91
261098,91
261118,91
261128,93
261149,93
261159,93
261199,93
261258,93
261279,95
261289,95
261298,95
261319,93
261378,95
261388,95
261409,95
261438,95
261448,95
261489,97
261548,95
261558,95
261578,95
261589,95
261598,93
261609,93
261618,93
261627,93
261649,95
261658,95
261669,95
261678,95
261689,95
261699,93
261718,93
261728,93
261738,93
261748,95
261799,93
261809,93
261819,93
261839,93
261859,93
261869,93
261889,91
261958,91
261968,91
261978,91
261988,89
262008,89
262058,91
262068,91
262098,93
262108,93
262138,103
262168,103
262178,103
262209,103
262238,99
262249,99
262269,99
262349,93
262429,91
262438,91
262459,91
262468,91
262478,91
262509,91
262518,91
262598,85
262608,89
262628,89
262649,89
262689,89
262698,91
262759,93
262778,93
262788,93
262849,93
262858,93
262888,89
262899,89
262907,89
262919,89
262929,89
262939,85
262949,85
262969,85
263009,85
263019,85
263048,89
263089,91
263179,97
263219,97
263249,97
263318,95
263358,95
263368,91
263388,91
263398,91
263410,91
263419,91
263429,91
263438,91
263449,91
263459,91
263467,91
263528,91
263539,91
263548,91
263558,91
263588,91
263619,95
263649,95
263668,95
263698,95
263718,95
263798,93
263809,93
263819,93
263869,91
263889,89
263898,89
263918,89
263938,87
263958,87
263980,89
263988,89
263998,89
264009,89
264039,91
264078,91
264089,91
264099,91
264108,91
264119,95
264128,95
264139,95
264147,95
264158,95
264169,93
264189,93
264238,95
264249,95
264258,95
264278,93
264288,93
264308,93
264329,95
264348,95
264368,93
264440,93
264467,91
264478,91
264508,103
264538,103
264599,109
264619,103
264639,103
264649,103
264668,95
264679,95
264699,91
264718,91
264749,89
264759,89
264768,89
264779,89
264788,89
264798,93
264809,93
264838,93
264859,95
264878,95
264888,95
264908,93
264928,93
264979,93
264999,87
265008,87
265019,87
265049,83
265069,83
265089,87
265109,87
265129,89
265139,89
265199,87
265218,87
265228,87
265238,87
265268,87
265279,87
265299,87
265318,89
265329,89
265338,89
265359,89
265368,91
265388,91
265428,93
265449,93
265459,93
265468,93
265478,93
265488,93
265499,93
265507,93
265528,93
265558,89
265589,89
265599,91
265608,91
265618,91
265649,93
265729,93
265739,95
265749,95
265779,95
265848,95
265889,93
265899,93
265908,93
265918,93
265928,93
265938,93
265959,93
265969,93
265988,93
265999,93
266018,93
266038,103
266048,103
266058,103
266068,103
266079,107
266088,107
266098,107
266118,107
266129,97
266148,97
266158,97
266189,95
266198,95
266208,95
266219,95
266278,93
266338,91
266348,91
266368,91
266378,91
266388,91
266409,91
266418,91
266428,91
266438,91
266448,91
266459,93
266468,93
266478,93
266489,93
266498,93
266528,91
266578,89
266589,89
266600,87
266618,87
266638,87
266658,87
266678,87
266698,89
266709,89
266718,89
266728,89
266739,91
266759,91
266769,91
266789,91
266800,91
266888,95
266918,95
266949,95
266958,95
266979,93
266988,93
266998,93
267009,93
267029,95
267038,95
267058,95
267109,95
267119,95
267129,103
267138,103
267169,103
267178,103
267189,103
267198,103
267208,103
267218,103
267248,97
267258,97
267278,95
267288,95
267298,95
267308,95
267319,93
267329,93
267358,93
267379,93
267388,93
267398,93
267409,93
267419,91
267429,91
267438,91
267510,97
267538,97
267568,97
267578,97
267598,97
267608,95
267619,95
267659,93
267668,93
267709,87
267719,87
267739,87
267759,89
267778,89
267789,89
267798,89
267829,89
267858,89
267889,93
267898,93
267909,93
267928,93
267959,93
267968,93
267978,93
268008,95
268018,95
268038,95
268138,99
268149,99
268158,99
268168,99
268179,97
268198,97
268209,97
268219,97
268268,93
268279,93
268288,93
268309,93
268320,93
268369,95
268379,95
268419,95
268429,95
268439,95
268449,95
268458,95
268498,95
268508,95
268588,93
268598,93
268619,89
268628,89
268699,89
268718,89
268739,89
268788,93
268820,97
268829,97
268850,95
268860,95
268880,95
268920,95
268929,95
268939,95
268949,95
268969,95
268978,95
268989,93
269029,93
269039,93
269049,93
269059,93
269068,93
269079,93
269109,93
269119,93
269129,93
269148,93
269158,93
269168,93
269180,91
269189,91
269198,91
269208,91
269249,93
269330,93
269338,93
269349,93
269358,93
269378,91
269388,91
269428,93
269468,93
269478,93
269498,93
269509,89
269529,89
269568,87
269578,87
269589,87
269598,87
269608,85
269659,89
269678,89
269699,91
269748,93
269778,93
269788,93
269798,95
269829,95
269890,95
269928,95
269948,93
269968,93
269988,93
269998,93
270009,93
270029,93
270049,105
270058,105
270078,105
270108,103
270129,103
270139,97
270198,93
270309,91
270319,91
270328,93
270370,93
270389,97
270399,97
270408,97
270438,97
270448,97
270458,97
270469,95
270478,95
270488,95
270498,95
270509,95
270518,95
270529,95
270538,95
270558,95
270569,89
270588,89
270598,89
270609,85
270618,85
270628,85
270639,85
270649,85
270669,87
270678,87
270709,87
270758,89
270768,89
270778,89
270789,89
270818,91
270828,91
270838,91
270848,91
270859,91
270868,91
270898,93
270928,93
270968,91
270978,91
271008,95
271048,95
271059,95
271070,95
271080,93
271128,91
271140,91
271159,91
271180,87
271198,87
271209,87
271219,87
271228,89
271239,89
271248,89
271259,89
271278,91
271319,91
271328,91
271338,91
271549,89
271558,93
271569,93
271588,93
271618,95
271629,95
271638,95
271698,95
271759,93
271789,93
271798,99
271809,99
271818,99
271828,99
271838,99
271848,97
271859,97
271878,97
271889,95
271908,95
271919,95
271928,95
271939,93
271958,93
271968,93
271988,91
272019,91
272028,91
272038,93
272049,93
272059,93
272068,93
272079,93
272088,93
272098,93
272118,93
272130,97
272148,97
272198,103
272208,103
272238,107
272279,97
272288,97
272299,97
272309,97
272329,93
272338,93
272348,93
272359,93
272398,91
272408,91
272429,89
272439,89
272489,87
272499,87
272509,87
272518,89
272528,89
272538,89
272559,93
272578,93
272609,93
272638,93
272648,93
272658,89
272678,89
272688,89
272700,89
272719,89
272729,89
272738,89
272749,87
272758,87
272778,87
272789,87
272798,89
272819,89
272849,91
272878,91
272890,95
272898,95
272908,95
272918,95
272928,95
272939,95
272949,95
272958,95
272968,95
273008,95
273018,95
273029,95
273038,95
273049,95
273058,95
273078,95
273109,95
273118,95
273130,95
273138,95
273179,93
273218,93
273229,93
273298,91
273309,91
273339,99
273349,99
273370,97
273380,97
273388,97
273399,97
273420,95
273439,95
273469,95
273479,95
273489,95
273498,95
273508,95
273518,93
273528,93
273549,93
273568,93
273588,93
273609,91
273619,91
273628,91
273638,91
273689,93
273698,93
273719,91
273728,91
273738,91
273749,93
273758,93
273789,93
273838,93
273850,95
273888,95
273898,93
273909,93
273918,93
273938,93
273958,93
273990,89
274039,93
274058,93
274069,93
274098,93
274129,89
274158,89
274198,87
274248,89
274268,89
274299,91
274320,93
274338,93
274348,93
274358,93
274369,93
274378,93
274388,93
274398,93
274408,93
274418,95
274430,95
274469,95
274479,95
274488,95
274498,95
274510,95
274519,99
274529,99
274538,99
274549,99
274558,105
274589,105
274598,105
274619,105
274659,103
274678,103
274709,97
274728,97
274749,97
274769,93
274788,93
274808,91
274819,91
274829,91
274839,91
274849,91
274879,91
274928,93
274959,91
274998,87
275009,87
275018,87
275040,89
275049,89
275059,89
275069,89
275109,89
275138,89
275148,89
275168,89
275180,89
275189,89
275209,89
275218,89
275238,91
275258,91
275268,91
275308,91
275319,91
275349,91
275369,91
275388,91
275418,91
275430,91
275438,91
275450,91
275470,91
275480,91
275489,91
275498,91
275510,93
275538,93
275549,93
275559,93
275569,93
275599,93
275608,103
275619,103
275629,103
275648,103
275678,107
275719,109
275749,109
275759,105
275768,105
275778,105
275789,105
275800,97
275809,97
275819,97
275849,93
275898,93
275909,93
275919,93
275928,93
275938,93
275978,93
275998,95
276008,95
276040,95
276049,95
276059,95
276069,95
276078,95
276109,95
276118,95
276128,95
276138,93
276149,93
276189,95
276258,93
276269,93
276328,93
276349,93
276368,93
276378,93
276409,93
276438,91
276468,91
276488,91
276498,91
276518,87
276538,87
276560,87
276638,87
276709,87
276738,87
276749,91
276789,91
276839,89
276878,91
276898,95
276918,95
276958,97
276968,97
276989,105
276998,105
277038,107
277068,107
277098,107
277119,107
277139,97
277148,97
277219,93
277229,93
277288,91
277320,87
277338,87
277379,89
277429,91
277449,91
277479,91
277510,93
277528,93
277578,95
277628,95
277668,93
277699,93
277709,93
277748,91
277769,91
277829,85
277858,89
277918,93
277968,97
277978,97
277988,97
278018,97
278028,97
278038,93
278088,93
278098,93
278129,93
278138,93
278148,93
278168,93
278198,93
278238,91
278258,91
278278,87
278329,83
278369,85
278389,85
278409,89
278418,89
278429,89
278438,89
278449,89
278488,93
278518,99
278578,101
278589,101
278598,101
278618,97
278688,97
278719,93
278738,93
278760,93
278810,97
278820,97
278860,105
278890,97
278919,97
278940,93
278958,93
278969,93
279058,91
279118,91
279158,93
279178,95
279198,95
279208,95
279219,95
279229,93
279270,93
279279,93
279288,93
279298,93
279309,93
279318,87
279338,87
279358,87
279368,87
279418,87
279478,89
279489,89
279529,95
279538,95
279589,97
279608,97
279700,95
279709,95
279768,93
279778,93
279789,93
279809,91
279829,91
279839,91
279878,91
279890,93
279898,93
279978,87
279989,87
280029,89
280059,89
280149,89
280178,93
280198,93
280219,93
280249,93
280268,95
280409,95
280419,95
280428,95
280478,93
280509,91
280558,93
280618,91
280669,91
280738,91
280749,95
280839,95
280858,95
280889,93
280919,93
280958,91
280968,91
281060,91
281070,91
281089,95
281129,95
281149,95
281209,97
281229,95
281320,93
281328,93
281358,93
281378,93
281460,91
281469,91
281528,91
281618,89
281638,89
281649,89
281658,89
281669,89
281678,89
281709,91
281718,91
281789,91
281798,91
281809,91
281818,91
281829,91
281858,93
281869,93
281888,89
281899,89
281938,91
281958,91
281969,91
281989,89
282008,89
282038,93
282058,93
282098,91
282120,91
282128,93
282158,93
282238,97
282278,97
282318,97
282338,97
282368,101
282398,101
282448,97
282468,95
282478,95
282498,95
282529,95
282598,93
282619,93
282678,93
282688,93
282699,95
282728,95
282778,95
282809,93
282818,93
282838,93
282859,97
282918,97
282998,95
283038,93
283048,93
283078,93
283128,93
283150,91
283158,91
283239,83
283250,83
283288,83
283328,81
283340,81
283429,85
283439,85
283469,89
283498,89
283538,91
283549,91
283559,95
283578,95
283598,95
283608,95
283618,95
283650,95
283678,95
283699,93
283718,93
283778,93
283789,93
283818,91
283829,91
283858,95
283878,95
283918,99
283969,101
284018,105
284038,99
284049,99
284078,99
284119,95
284140,93
284158,93
284180,91
284208,91
284248,91
284259,91
284270,91
284278,99
284289,99
284299,99
284329,107
284368,107
284388,105
284419,97
284458,97
284488,87
284509,87
284549,85
284569,89
284578,89
284629,87
284648,87
284658,89
284678,89
284688,89
284709,89
284718,89
284729,89
284849,85
284968,87
285018,91
285050,87
285058,87
285069,87
285078,91
285090,91
285119,91
285128,93
285139,93
285158,93
285271,105
285278,105
285298,105
285319,113
285330,113
285358,113
285370,109
285389,109
285408,109
285419,107
285438,107
285469,97
285479,97
285568,93
285578,93
285598,93
285609,95
285618,95
285629,95
285658,95
285669,95
285688,95
285698,95
285728,93
285758,89
285789,89
285808,89
285848,89
285859,89
285869,89
285889,89
285899,87
285949,83
285960,83
285979,83
285989,85
286059,81
286088,87
286098,87
286109,87
286139,89
286158,89
286168,91
286178,91
286209,91
286219,89
286239,89
286249,89
286258,89
286279,87
286328,87
286349,87
286369,89
286380,89
286389,89
286398,89
286409,91
286429,91
286438,91
286489,93
286500,93
286509,103
286520,103
286528,103
286549,103
286559,103
286579,103
286629,99
286649,97
286669,97
286688,97
286698,93
286709,93
286718,93
286738,93
286769,93
286778,93
286789,97
286829,97
286858,97
286918,103
286928,103
286949,99
286959,99
286969,99
286988,95
287018,95
287050,95
287058,95
287069,95
287089,91
287108,91
287119,91
287130,89
287189,89
287198,89
287209,89
287218,89
287228,93
287248,93
287258,93
287278,89
287329,93
287368,91
287380,91
287398,91
287410,93
287418,93
287429,93
287439,93
287448,93
287478,89
287509,87
287520,87
287530,87
287538,87
287550,87
287568,87
287600,91
287609,91
287629,91
287638,91
287658,91
287669,91
287709,93
287719,93
287729,93
287739,93
287749,93
287759,93
287769,93
287778,93
287808,93
287828,93
287840,95
287848,95
287869,95
287878,95
287889,95
287928,95
287949,95
287958,95
287969,95
287980,95
288018,95
288030,93
288089,93
288098,93
288118,93
288140,93
288159,93
288188,93
288209,93
288220,91
288258,91
288279,91
288289,91
288358,89
288379,91
288429,91
288448,91
288469,93
288478,93
288528,89
288539,89
288550,89
288589,93
288600,93
288618,95
288638,95
288649,97
288670,97
288678,97
288708,95
288750,95
288758,95
288768,95
288778,95
288789,95
288798,95
288818,95
288829,95
288838,95
288899,93
288928,93
288949,91
288968,91
288978,91
288989,93
288998,93
289009,93
289049,97
289078,97
289089,95
289099,95
289109,95
289118,95
289138,99
289148,99
289158,99
289181,97
289189,97
289229,95
289238,95
289288,93
289298,93
289320,93
289369,91
289378,91
289389,91
289398,91
289408,91
289419,91
289438,91
289469,89
289480,89
289489,89
289498,89
289520,89
289569,87
289589,87
289598,87
289608,89
289638,89
289679,89
289709,91
289748,91
289768,91
289798,91
289810,91
289820,91
289829,91
289838,91
289849,97
289899,97
289929,97
289968,95
289989,97
289998,97
290009,97
290038,101
290048,101
290058,101
290078,101
290099,97
290138,93
290189,95
290239,97
290278,97
290288,97
290309,97
290318,97
290358,93
290369,93
290379,93
290389,93
290409,93
290419,91
290428,91
290438,91
290449,91
290489,93
290509,93
290530,91
290539,91
290569,97
290608,97
290619,97
290629,97
290648,97
290660,95
290669,95
290678,95
290688,95
290710,91
290719,91
290738,91
290749,91
290810,89
290838,89
290859,91
290869,91
290899,91
290920,91
290930,91
290938,91
290968,87
291019,89
291060,87
291100,89
291179,91
291208,91
291218,91
291229,95
291278,97
291299,97
291340,97
291349,97
291358,97
291478,95
291488,95
291499,95
291510,95
291539,101
291549,101
291588,101
291608,101
291638,101
291660,101
291689,97
291699,97
291710,91
291718,91
291729,91
291749,91
291758,87
291769,87
291778,87
291789,87
291798,87
291809,89
291819,89
291829,89
291869,91
291900,91
291958,93
291969,93
291978,93
292018,91
292029,91
292050,93
292079,93
292119,91
292128,91
292150,93
292159,93
292169,93
292230,87
292258,87
292269,87
292299,89
292378,93
292388,93
292448,97
292458,97
292469,99
292478,99
292498,99
292578,95
292598,95
292608,95
292619,93
292649,93
292660,93
292669,93
292679,93
292689,93
292699,93
292710,91
292748,91
292869,91
292909,91
292928,91
292938,91
292949,91
292958,91
292970,91
292978,91
293019,93
293058,93
293069,93
293078,93
293089,93
293109,93
293118,93
293158,93
293189,93
293210,93
293218,93
293229,93
293239,93
293248,93
293290,89
293298,89
293309,89
293318,89
293349,89
293378,91
293389,91
293408,91
293420,93
293448,93
293458,93
293488,93
293509,93
293539,95
293549,95
293559,95
293579,95
293648,93
293661,93
293679,93
293689,93
293790,89
293838,89
293869,91
293878,91
293888,91
293909,93
293958,91
293969,91
293979,91
294008,89
294029,89
294059,91
294099,91
294109,91
294119,91
294139,93
294179,95
294198,95
294221,95
294258,95
294280,95
294300,95
294369,91
294399,91
294439,91
294448,91
294458,91
294479,91
294509,91
294518,93
294589,101
294598,101
294648,97
294688,99
294698,99
294738,101
294749,101
294759,103
294768,103
294778,103
294810,97
294859,93
294879,93
294889,93
294899,91
294968,89
294978,89
294989,89
295008,87
295018,87
295029,87
295039,87
295149,93
295180,93
295189,93
295218,93
295239,93
295248,93
295278,93
295298,93
295318,93
295349,89
295358,89
295390,89
295420,91
295429,91
295448,91
295458,91
295488,89
295498,89
295509,89
295549,89
295559,87
295609,89
295688,95
295748,95
295778,95
295818,93
295839,93
295848,93
295858,93
295878,93
295898,91
295909,91
295949,95
295978,95
296029,97
296038,97
296069,97
296079,93
296129,95
296188,93
296198,93
296208,93
296218,93
296269,91
296298,91
296349,93
296370,91
296378,91
296398,91
296420,91
296451,91
296460,89
296489,89
296518,83
296589,87
296650,95
296759,93
296770,93
296808,95
296849,101
296869,101
296888,101
296998,93
297009,93
297039,95
297068,95
297079,95
297089,91
297109,91
297118,91
297169,91
297198,91
297229,91
297309,91
297320,91
297338,91
297358,91
297369,87
297379,87
297389,87
297418,91
297438,91
297530,97
297538,97
297550,97
297629,103
297638,103
297650,103
297669,95
297729,95
297738,95
297749,95
297758,97
297778,97
297789,97
297819,95
297858,97
297878,97
297888,97
297989,95
298069,93
298078,93
298098,95
298118,95
298128,95
298168,91
298190,91
298238,91
298288,93
298328,89
298389,87
298400,87
298429,85
298459,85
298480,83
298488,83
298510,81
298518,81
298538,81
298568,89
298578,89
298611,91
298670,97
298800,93
298808,93
298819,93
298848,93
298878,93
298898,91
299040,95
299088,93
299119,93
299130,93
299148,93
299181,91
299198,91
299208,91
299218,91
299278,91
299378,91
299389,91
299408,91
299420,93
299479,95
299490,95
299508,95
299559,93
299568,93
299618,93
299629,93
299638,93
299649,93
299688,93
299721,91
299728,91
299751,91
299800,91
299828,91
299880,91
299889,91
299919,91
299928,91
299940,93
299968,93
299989,91
300080,93
300129,97
300159,97
300168,97
300208,97
300250,93
300269,93
300278,93
300330,91
300338,91
300349,91
300388,91
300398,91
300460,91
300518,91
300548,91
300569,91
300599,91
300669,89
300678,89
300688,89
300709,93
300738,93
300799,95
300811,95
300818,95
300868,93
300878,93
300888,93
300899,93
300918,93
300941,91
300979,93
300999,93
301030,95
301080,95
301098,95
301140,95
301149,95
301178,93
301198,93
301269,93
301278,93
301288,93
301299,93
301359,97
301368,101
301398,101
301460,93
301469,93
301480,93
301490,93
301518,91
301539,91
301558,85
301618,85
301638,85
301650,89
301678,89
301708,93
301798,97
301839,95
301878,95
301891,93
301928,93
301949,93
301968,93
301980,93
301989,93
302019,93
302068,91
302088,91
302099,91
302109,91
302140,89
302190,91
302199,91
302218,91
302228,93
302248,93
302259,93
302269,93
302299,93
302309,93
302338,93
302348,93
302360,93
302399,91
302409,91
302469,91
302528,93
302578,93
302620,93
302628,93
302650,93
302659,95
302680,95
302688,95
302719,95
302780,91
302818,93
302829,93
302839,93
302849,91
302878,91
302918,95
302929,95
302950,95
302958,95
302968,95
302978,95
303000,95
303009,95
303059,97
303100,95
303119,95
303129,95
303138,93
303158,93
303179,93
303210,93
303239,89
303269,89
303340,89
303358,89
303470,95
303489,95
303500,95
303518,93
303528,93
303538,93
303579,91
303620,91
303639,91
303659,93
303678,93
303698,93
303718,93
303759,105
303789,105
303798,105
303818,107
303829,107
303889,99
303908,95
303919,95
304030,91
304049,91
304079,91
304099,93
304110,93
304130,93
304178,91
304219,85
304239,87
304250,87
304269,87
304298,85
304319,85
304338,89
304398,91
304408,91
304450,95
304459,95
304479,99
304519,97
304558,97
304570,95
304659,97
304669,91
304679,91
304749,93
304798,91
304839,93
304848,93
304909,95
304959,97
304978,97
304989,97
304999,95
305070,91
305119,89
305130,89
305139,89
305190,93
305219,93
305229,93
305258,93
305280,93
305310,93
305318,93
305358,91
305368,91
305389,93
305398,93
305408,93
305429,91
305449,91
305669,93
305680,93
305709,93
305770,93
305779,93
305808,91
305900,91
305919,91
306040,95
306079,95
306089,93
306149,93
306178,93
306199,93
306230,93
306289,93
306300,93
306398,93
306469,93
306479,93
306488,93
306498,93
306509,93
306519,91
306529,91
306549,91
306559,91
306569,91
306599,91
306699,89
306719,85
306758,89
306770,89
306800,93
306810,93
306898,95
306918,95
306930,95
306949,93
306959,93
307008,91
307039,89
307058,89
307080,89
307108,87
307159,89
307179,91
307189,91
307198,91
307230,99
307269,99
307310,109
307348,109
307380,97
307408,97
307449,95
307470,93
307478,93
307499,93
307509,93
307530,93
307539,93
307549,93
307558,93
307598,97
307618,95
307649,95
307728,93
307749,93
307760,91
307789,91
307869,91
307878,91
307889,91
307900,93
307909,93
307918,93
307940,93
307959,91
307979,91
308020,95
308029,95
308038,95
308078,91
308090,91
308119,91
308128,91
308140,89
308149,89
308160,89
308170,89
308199,85
308218,85
308279,89
308290,89
308318,89
308330,91
308338,91
308359,91
308379,99
308399,99
308449,95
308458,95
308498,93
308520,91
308528,91
308538,91
308549,91
308560,91
308569,89
308610,89
308618,93
308630,93
308688,93
308699,93
308709,93
308719,79
308768,73
308818,69
308860,71
308878,71
308898,71
308918,75
308929,75
308960,83
308979,83
309028,89
309049,89
309060,89
309139,91
309149,91
309159,91
309169,93
309180,93
309269,97
309328,103
309370,107
309379,107
309389,107
309431,107
309448,107
309520,107
309539,107
309579,111
309638,111
309670,111
309678,111
309720,111
309738,111
309749,111
309799,115
309829,115
309849,115
309890,115
309909,115
309919,113
309940,113
309949,113
309958,113
309998,111
310038,109
310049,109
310060,109
310109,109
310120,107
310130,107
310139,107
310159,107
310168,107
310210,107
310219,103
310229,103
310260,99
310310,97
310319,97
310339,97
310399,81
310409,81
310429,81
310449,77
310470,77
310480,77
310491,77
310518,77
310560,77
310610,81
310619,81
310749,93
310779,91
310788,91
310798,91
310809,91
310908,89
310958,89
310969,89
311029,91
311069,87
311119,87
311130,87
311149,85
311180,85
311189,85
311199,85
311238,89
311268,89
311349,99
311369,99
311389,97
311399,97
311519,89
311539,89
311560,91
311569,91
311589,91
311598,91
311630,89
311669,91
311719,93
311730,93
311739,93
311769,95
311878,99
311970,97
311980,97
312029,101
312040,107
312050,107
312090,99
312129,99
312139,97
312189,93
312199,93
312219,93
312250,93
312290,91
312308,91
312329,91
312379,93
312420,93
312438,93
312549,93
312560,93
312569,97
312661,97
312699,97
312721,95
312730,95
312750,91
312770,91
312790,91
312819,93
312859,93
312880,93
312920,95
312929,95
312959,95
312969,95
313000,95
313020,95
313039,95
313059,95
313069,95
313078,95
313129,97
313149,97
313190,95
313200,95
313210,95
313259,95
313279,93
313299,93
313308,93
313329,99
313339,99
313349,99
313358,99
313439,97
313519,89
313570,89
313598,89
313610,89
313629,89
313720,93
313788,93
313830,97
313860,95
313879,95
313960,97
314010,95
314039,95
314099,99
314158,97
314179,97
314190,99
314200,99
314209,99
314219,99
314250,97
314279,97
314299,97
314331,95
314349,95
314369,95
314379,95
314389,95
314429,93
314468,93
314480,93
314519,95
314539,95
314549,95
314559,95
314599,93
314609,93
314630,91
314639,91
314659,91
314669,91
314710,87
314719,87
314759,89
314770,89
314789,89
314800,95
314819,95
314870,95
314900,99
314949,97
314979,97
314998,99
315009,99
315019,99
315040,99
315049,99
315059,99
315069,99
315110,99
315119,99
315149,97
315169,97
315189,95
315239,103
315259,103
315299,107
315349,109
315369,109
315380,111
315388,111
315410,111
315439,115
315480,105
315489,105
315550,99
315558,99
315570,99
315598,95
315610,95
315629,91
315659,91
315670,91
315679,91
315709,91
315739,93
315749,93
315759,93
315780,91
315789,91
315829,87
315870,81
315889,81
315989,83
316099,95
316159,97
316219,97
316239,101
316290,97
316299,97
316359,95
316389,95
316450,93
316460,93
316470,93
316519,93
316540,93
316579,95
316639,95
316659,95
316679,97
316710,97
316810,95
316819,95
316850,95
316919,91
316930,91
316939,91
316980,91
316990,91
317049,95
317069,95
317090,93
317099,93
317129,93
317139,91
317149,91
317189,91
317290,95
317300,95
317318,95
317330,103
317359,103
317398,111
317438,101
317479,97
317559,91
317579,91
317589,91
317610,91
317689,91
317779,91
317789,91
317809,87
317839,87
317852,91
317859,91
317879,91
317909,91
317918,91
317930,91
317961,93
317999,91
318019,91
318079,95
318090,95
318109,95
318139,95
318220,97
318240,99
318249,99
318299,101
318339,99
318349,99
318420,95
318469,93
318479,93
318490,93
318499,93
318549,99
318570,101
318588,101
318609,101
318630,97
318640,97
318650,97
318689,95
318710,95
318730,95
318789,91
318810,89
318839,89
318849,91
318889,91
318949,93
318960,93
319010,95
319041,93
319049,93
319101,95
319119,95
319150,95
319179,93
319199,93
319230,95
319260,95
319269,95
319290,95
319299,95
319329,95
319349,95
319370,95
319379,95
319409,95
319420,101
319429,101
319459,101
319499,103
319540,103
319559,103
319569,105
319579,105
319589,105
319610,105
319630,107
319639,107
319660,99
319670,99
319680,99
319709,95
319740,95
319779,95
319820,93
319849,93
319860,95
319870,95
319880,95
319899,101
319980,99
319990,99
319999,95
320019,95
320090,91
320119,91
320129,91
320211,87
320249,83
320259,83
320269,83
320280,87
320290,87
320299,87
320330,93
320399,95
320410,95
320420,97
320439,97
320449,97
320479,95
320490,95
320499,95
320539,95
320549,95
320560,95
320610,89
320639,89
320649,89
320690,85
320720,87
320739,87
320779,93
320800,95
320869,97
320940,95
320949,95
320959,95
321009,95
321019,95
321030,95
321059,95
321099,95
321110,95
321120,95
321130,95
321139,95
321169,95
321179,95
321199,95
321219,95
321281,97
321289,97
321329,97
321340,97
321380,99
321430,109
321439,109
321449,109
321460,109
321468,111
321500,111
321510,111
321529,105
321610,93
321660,93
321669,93
321679,93
321690,93
321709,91
321729,91
321770,97
321780,97
321789,97
321799,97
321819,105
321829,105
321860,99
321880,99
321960,97
322020,95
322119,93
322130,93
322180,85
322210,85
322220,85
322240,81
322259,81
322269,81
322310,85
322339,85
322399,91
322479,99
322518,107
322530,107
322539,107
322569,101
322579,101
322599,101
322650,99
322659,93
322719,91
322730,91
322751,91
322769,91
322789,91
322810,93
322829,93
322839,93
322860,95
322960,95
322990,95
323039,97
323050,97
323069,97
323079,97
323089,95
323110,95
323139,97
323159,97
323169,97
323180,95
323209,95
323250,95
323259,95
323280,105
323331,97
323339,97
323359,97
323429,95
323440,95
323460,95
323490,91
323509,91
323529,93
323539,93
323549,93
323589,91
323639,95
323649,95
323659,95
323669,95
323679,95
323699,95
323709,95
323741,95
323789,93
323800,93
323809,95
323820,95
323869,89
323899,91
323920,91
323929,91
323950,93
323969,93
323979,93
323999,95
324010,95
324019,95
324069,95
324080,95
324100,95
324109,95
324139,97
324170,97
324239,95
324249,95
324379,95
324409,95
324449,97
324499,95
324590,105
324609,105
324629,99
324650,99
324679,97
324699,97
324729,97
324739,97
324769,103
324810,99
324869,103
324879,103
324920,99
324939,99
324950,95
324959,95
325079,95
325139,95
325229,93
325279,95
325290,91
325319,91
325330,89
325350,89
325369,89
325389,91
325400,91
325460,91
325470,91
325479,93
325490,93
325510,93
325520,95
325559,95
325609,95
325630,95
325670,95
325679,95
325719,95
325749,95
325809,93
325839,93
325869,95
325890,95
325959,103
325970,103
326009,101
326079,97
326099,95
326159,95
326169,95
326179,95
326280,89
326319,89
326390,89
326399,89
326409,89
326421,93
326440,93
326489,97
326540,95
326580,95
326620,93
326639,93
326739,91
326810,109
326819,109
326830,109
326869,103
326879,103
326909,101
326930,101
326949,97
326999,95
327029,95
327090,91
327100,91
327149,93
327230,93
327239,93
327309,91
327321,85
327350,85
327399,85
327409,85
327439,87
327479,91
327530,97
327599,99
327659,97
327710,97
327719,97
327760,95
327779,95
327819,95
327839,95
327870,93
327890,93
327919,93
327939,93
327970,93
328040,93
328060,93
328070,93
328100,107
328129,107
328159,109
328170,109
328210,109
328240,99
328379,93
328409,93
328421,91
328499,91
328531,91
328550,91
328561,93
328579,93
328599,93
328630,95
328650,95
328790,95
328870,95
328879,95
328891,95
328930,95
328940,97
329079,99
329099,97
329110,97
329119,97
329139,107
329179,99
329329,91
329359,91
329409,87
329419,91
329510,91
329520,91
329589,85
329629,83
329650,83
329659,83
329670,83
329699,89
329780,93
329810,97
329819,97
329830,97
329839,95
329909,97
329939,99
329959,99
329999,99
330059,101
330070,101
330140,99
330199,95
330230,95
330239,95
330249,95
330260,95
330299,105
330409,101
330439,97
330470,95
330530,95
330550,95
330560,91
330590,91
330691,87
330720,91
330750,95
330771,95
330790,95
330799,97
330879,97
330891,95
330899,95
330949,95
330990,87
330999,87
331069,83
331079,87
331099,87
331119,87
331130,91
331139,91
331159,91
331179,95
331199,95
331220,99
331230,99
331239,99
331249,99
331259,99
331279,99
331289,99
331299,99
331340,95
331350,95
331369,95
331399,95
331420,95
331460,97
331470,97
331479,97
331489,97
331500,95
331539,95
331550,95
331570,95
331609,95
331619,95
331779,95
331851,95
331860,95
331910,93
331920,93
331969,95
331999,97
332030,97
332059,97
332079,95
332090,95
332170,91
332179,91
332190,91
332209,91
332219,93
332229,93
332239,93
332339,95
332390,93
332399,93
332430,95
332479,91
332489,91
332501,93
332539,93
332549,87
332579,87
332590,87
332609,87
332650,89
332679,89
332730,95
332739,95
332790,97
332799,97
332839,103
332850,103
332910,99
332939,103
332999,101
333040,99
333090,97
333130,95
333160,95
333209,95
333239,93
333249,93
333319,91
333339,91
333389,93
333409,93
333430,93
333439,93
333569,91
333579,91
333591,95
333599,95
333619,95
333659,91
333689,93
333759,97
333769,97
333799,99
333809,99
333829,99
333870,99
333901,99
333909,99
333959,97
333970,97
333979,97
334011,97
334039,101
334050,101
334081,97
334109,97
334120,101
334180,101
334219,107
334299,97
334310,95
334360,93
334399,93
334409,91
334430,91
334459,93
334529,91
334539,91
334549,91
334599,93
334670,95
334679,95
334690,95
334699,95
334719,95
334739,95
334750,95
334819,97
334830,97
334869,97
334910,91
334949,87
335019,91
335029,91
335051,91
335090,95
335110,95
335130,99
335161,99
335210,97
335249,97
335259,95
335319,95
335360,93
335379,93
335390,93
335400,93
335470,93
335499,95
335519,95
335559,107
335580,107
335590,109
335610,109
335641,109
335659,109
335669,109
335679,109
335690,101
335699,101
335710,101
335730,101
335740,95
335769,95
335859,95
335882,95
335899,95
335939,95
335979,95
335990,95
335999,95
336010,95
336019,95
336059,95
336071,95
336089,95
336101,95
336139,95
336170,97
336180,97
336190,97
336230,87
336269,79
336280,79
336319,75
336419,77
336449,81
336470,81
336510,89
336530,89
336539,93
336550,93
336581,91
336609,91
336619,91
336670,89
336679,91
336710,91
336719,87
336781,83
336790,83
336800,83
336909,93
336939,93
337039,99
337069,97
337100,95
337110,95
337141,93
337180,93
337190,83
337230,83
337281,93
337290,93
337300,93
337350,93
337419,93
337429,97
337450,97
337489,93
337509,93
337519,85
337579,87
337589,87
337670,79
337679,79
337690,79
337729,83
337769,89
337879,87
337890,83
337910,83
337949,81
337980,85
337990,85
338059,93
338089,95
338109,95
338140,93
338182,85
338219,83
338231,83
338239,83
338279,85
338300,85
338320,89
338329,89
338349,89
338370,93
338389,93
338401,95
338420,95
338439,95
338479,95
338489,95
338500,97
338550,99
338560,99
338579,99
338590,99
338599,103
338619,103
338679,99
338691,95
338710,95
338750,93
338780,93
338790,91
338819,91
338830,91
338861,91
338870,91
338880,91
338919,91
338930,91
338950,91
338979,91
339021,91
339049,91
339099,87
339130,87
339139,87
339170,87
339239,91
339261,93
339311,95
339390,95
339410,95
339451,93
339479,93
339539,95
339579,93
339590,93
339600,95
339619,95
339641,95
339650,95
339699,95
339740,93
339750,93
339760,93
339779,93
339820,101
339830,101
339870,97
339970,95
339981,93
340030,91
340040,91
340129,81
340159,81
340170,79
340190,79
340289,87
340299,87
340429,95
340451,93
340459,93
340479,93
340501,87
340619,83
340659,87
340690,93
340730,93
340819,105
340870,103
340889,97
340930,91
340979,95
341060,95
341139,105
341159,105
341199,97
341209,97
341249,93
341270,87
341279,87
341319,83
341329,83
341359,89
341450,93
341470,93
341491,93
341510,91
341579,91
341630,89
341640,91
341689,95
341719,95
341759,101
341781,101
341790,97
341809,97
341859,95
341870,95
341879,87
341919,87
341930,87
341960,87
341971,89
341990,89
342010,89
342021,91
342039,91
342089,91
342119,93
342129,93
342139,93
342179,93
342190,93
342199,93
342220,93
342230,93
342239,93
342259,93
342279,93
342301,91
342310,91
342329,91
342350,89
342369,89
342419,93
342430,93
342469,95
342529,97
342540,95
342550,95
342569,95
342639,93
342651,93
342659,93
342670,93
342689,91
342750,91
342759,91
342769,91
342781,93
342799,93
342809,93
342841,101
342859,101
342879,97
342890,97
342899,97
342910,97
342929,95
342939,95
342959,95
342971,97
342979,97
342990,97
343021,97
343030,97
343050,97
343059,97
343069,95
343079,95
343100,95
343110,95
343119,93
343131,93
343140,93
343189,91
343209,91
343299,91
343310,91
343320,91
343340,91
343351,91
343369,91
343449,85
343459,85
343479,85
343499,81
343510,81
343520,81
343529,81
343539,81
343562,81
343589,87
343600,87
343630,93
343661,93
343671,93
343720,93
343730,97
343740,97
343750,97
343770,95
343780,95
343821,97
343830,97
343859,97
343879,97
343930,97
343959,97
343970,95
343990,95
343999,95
344011,95
344020,95
344030,95
344039,95
344061,101
344070,101
344100,101
344119,107
344139,107
344149,107
344170,99
344179,99
344189,99
344221,95
344230,95
344239,95
344259,91
344270,91
344290,91
344301,85
344310,85
344320,85
344340,85
344360,83
344390,83
344440,83
344449,83
344539,91
344599,93
344610,93
344650,91
344670,91
344679,83
344699,83
344710,83
344730,87
344759,87
344781,91
344811,91
344821,95
344840,95
344859,95
344870,95
344900,95
344910,95
344940,95
344961,93
344970,93
344980,93
344999,93
345009,91
345119,89
345149,93
345159,93
345170,93
345199,99
345219,99
345230,99
345250,113
345260,113
345279,113
345299,105
345310,105
345370,105
345379,105
345400,97
345460,93
345470,93
345489,89
345509,89
345530,89
345580,91
345620,91
345631,93
345689,93
345710,93
345719,93
345730,93
345739,93
345750,93
345759,93
345770,91
345799,91
345809,91
345851,91
345859,91
345870,83
345889,83
345901,83
345911,85
345992,89
346000,89
346012,99
346030,99
346060,97
346071,97
346100,97
346139,97
346151,95
346159,95
346181,95
346201,91
346210,91
346220,91
346240,91
346270,95
346290,95
346300,97
346310,97
346329,97
346339,97
346390,97
346470,93
346500,93
346509,93
346520,93
346560,91
346570,91
346580,91
346590,91
346630,87
346650,87
346670,87
346700,85
346710,85
346739,81
346790,89
346829,91
346840,91
346879,91
346891,91
346899,91
346921,85
346971,89
347019,97
347060,97
347079,97
347089,97
347100,95
347139,95
347189,95
347250,95
347290,99
347300,99
347310,99
347319,99
