timestamp,data_value
0,99
10,99
21,99
30,99
40,99
50,99
60,99
70,99
81,99
90,99
100,99
111,97
120,97
130,97
140,97
150,97
160,95
171,95
180,95
190,95
201,93
210,93
220,93
231,93
240,93
250,95
261,95
270,95
280,95
291,95
300,95
310,95
320,95
330,95
341,99
352,99
360,99
370,99
380,99
390,97
400,97
410,97
420,97
431,101
440,101
450,101
460,101
470,101
480,99
490,99
500,99
510,99
521,95
530,95
540,95
550,95
560,93
570,93
580,93
590,93
600,93
611,91
621,91
631,91
640,91
651,93
661,93
671,93
680,93
690,93
701,91
711,91
720,91
731,91
741,93
750,93
761,93
771,93
781,93
791,93
801,93
810,93
820,93
831,97
840,97
851,97
860,97
870,97
881,97
891,97
900,97
910,97
921,97
930,97
940,97
950,97
960,97
970,97
981,97
990,97
1000,97
1011,97
1020,97
1031,97
1040,97
1050,97
1060,95
1070,95
1080,95
1090,95
1101,95
1110,95
1120,95
1130,95
1140,95
1150,95
1160,95
1170,95
1180,95
1191,97
1200,97
1210,97
1220,97
1231,97
1240,97
1250,97
1260,97
1271,97
1281,97
1290,97
1300,97
1310,97
1320,97
1330,95
1340,95
1350,95
1360,95
1371,97
1380,97
1390,97
1400,97
1410,97
1420,95
1431,95
1440,95
1451,95
1461,95
1470,95
1480,95
1490,95
1500,95
1510,95
1520,95
1530,95
1540,95
1551,95
1560,95
1570,95
1580,95
1591,95
1600,93
1610,93
1620,93
1631,93
1640,91
1651,91
1660,91
1670,91
1682,93
1690,93
1700,93
1710,93
1720,93
1730,95
1741,95
1750,95
1760,95
1771,95
1780,95
1790,95
1800,95
1810,95
1820,95
1831,95
1840,95
1850,95
1861,95
1870,95
1880,95
1890,95
1900,95
1910,97
1920,97
1930,97
1940,97
1951,95
1960,95
1970,95
1980,95
1991,95
2000,95
2010,95
2020,95
2031,95
2041,95
2050,95
2060,95
2070,95
2080,95
2090,97
2100,97
2110,97
2120,97
2131,95
2142,95
2150,95
2160,95
2171,95
2180,95
2190,95
2200,95
2210,95
2222,95
2232,95
2240,95
2250,95
2262,95
2270,95
2280,95
2290,95
2300,95
2311,97
2320,97
2330,97
2340,97
2350,97
2360,97
2370,97
2380,97
2390,97
2402,97
2410,97
2420,97
2431,97
2441,97
2450,97
2460,97
2470,97
2480,97
2491,97
2500,97
2510,97
2520,97
2530,97
2540,95
2551,95
2561,95
2570,95
2581,95
2591,95
2601,95
2611,95
2621,95
2630,95
2640,95
2651,95
2661,95
2670,95
2681,95
2691,95
2701,95
2712,93
2721,93
2731,93
2741,93
2750,93
2761,95
2771,95
2780,95
2791,95
2801,95
2810,95
2821,95
2831,95
2841,95
2851,97
2860,97
2870,97
2880,97
2891,95
2901,95
2910,95
2921,95
2930,95
2941,97
2951,97
2961,97
2970,97
2982,95
2990,95
3001,95
3010,95
3020,95
3031,91
3041,91
3050,91
3060,91
3071,93
3080,93
3090,93
3100,93
3110,93
3120,91
3130,91
3140,91
3150,91
3161,95
3170,95
3180,95
3191,95
3200,95
3210,97
3220,97
3231,97
3240,97
3251,97
3260,97
3271,97
3280,97
3290,97
3300,97
3311,97
3320,97
3330,97
3341,97
3350,97
3360,97
3370,97
3380,97
3390,97
3400,97
3410,97
3420,97
3431,95
3440,95
3450,95
3461,95
3470,95
3480,97
3490,97
3500,97
3510,97
3520,95
3530,95
3540,95
3550,95
3561,95
3570,95
3580,95
3590,95
3600,95
3611,95
3620,95
3631,95
3640,95
3650,95
3660,95
3670,95
3680,95
3690,95
3701,95
3710,95
3720,95
3730,95
3740,95
3750,95
3760,95
3770,95
3780,95
3791,95
3800,95
3810,95
3820,95
3831,95
3840,95
3850,95
3860,95
3870,95
3880,95
3891,95
3900,95
3910,95
3921,93
3930,93
3940,93
3950,93
3960,93
3970,93
3980,93
3990,93
4000,93
4011,91
4020,91
4030,91
4040,91
4050,91
4060,93
4070,93
4080,93
4090,93
4101,93
4110,93
4120,93
4130,93
4140,93
4150,95
4160,95
4170,95
4180,95
4191,95
4200,95
4210,95
4220,95
4230,95
4240,99
4250,99
4260,99
4270,99
4281,97
4290,97
4300,97
4310,97
4320,97
4330,97
4340,97
4350,97
4360,97
4371,97
4380,97
4390,97
4400,97
4410,97
4420,97
4430,97
4440,97
4450,97
4461,95
4470,95
4480,95
4490,95
4500,93
4510,93
4520,93
4530,93
4540,93
4550,93
4561,93
4570,93
4580,93
4591,95
4600,95
4610,95
4620,95
4630,95
4640,95
4651,95
4660,95
4671,95
4681,95
4690,95
4700,95
4711,95
4720,95
4731,95
4741,95
4751,95
4760,95
4771,95
4781,95
4790,95
4800,95
4811,95
4821,97
4831,97
4841,97
4851,97
4861,97
4871,97
4881,97
4891,97
4900,97
4911,97
4920,97
4930,97
4940,97
4951,97
4961,97
4970,97
4980,97
4990,97
5000,95
5011,95
5020,95
5030,95
5041,95
5050,95
5060,95
5070,95
5080,95
5090,93
5101,93
5110,93
5120,93
5132,95
5140,95
5150,95
5160,95
5170,95
5180,95
5191,95
5200,95
5210,95
5222,97
5230,97
5240,97
5250,97
5260,97
5270,95
5281,95
5290,95
5300,95
5311,97
5320,97
5330,97
5340,97
5350,97
5360,95
5371,95
5380,95
5390,95
5401,95
5410,95
5420,95
5430,95
5440,95
5450,95
5461,95
5471,95
5480,95
5491,97
5500,97
5510,97
5520,97
5530,97
5540,95
5551,95
5560,95
5570,95
5581,95
5590,95
5600,95
5610,95
5620,95
5630,95
5641,95
5650,95
5660,95
5672,95
5680,95
5690,95
5700,95
5710,95
5720,95
5731,95
5740,95
5750,95
5761,95
5770,95
5780,95
5790,95
5800,95
5811,101
5820,101
5830,101
5840,101
5850,101
5860,97
5870,97
5880,97
5890,97
5901,95
5910,95
5920,95
5930,95
5941,93
5950,93
5960,93
5970,93
5980,93
5990,93
6001,93
6010,93
6020,93
6031,93
6040,93
6050,93
6060,93
6070,93
6080,93
6091,93
6100,93
6110,93
6122,95
6130,95
6140,95
6150,95
6160,95
6170,95
6182,95
6190,95
6200,95
6212,95
6220,95
6230,95
6240,95
6250,95
6260,95
6272,95
6280,95
6290,95
6302,93
6310,93
6320,93
6330,93
6340,93
6350,95
6360,95
6370,95
6380,95
6392,93
6400,93
6410,93
6420,93
6432,93
6440,93
6450,93
6460,93
6470,93
6480,93
6492,93
6500,93
6510,93
6522,95
6530,95
6540,95
6550,95
6560,95
6570,95
6581,95
6590,95
6601,95
6612,95
6621,95
6631,95
6641,95
6651,95
6661,97
6671,97
6681,97
6691,97
6701,97
6711,97
6721,97
6731,97
6740,97
6751,99
6761,99
6771,99
6781,99
6791,97
6801,97
6811,97
6820,97
6830,97
6840,97
6851,97
6861,97
6871,97
6880,97
6891,97
6900,97
6911,97
6920,97
6931,97
6940,97
6950,97
6961,97
6971,97
6980,95
6991,95
7001,95
7010,95
7020,95
7030,95
7040,95
7051,95
7060,95
7070,95
7080,95
7090,95
7100,95
7111,95
7120,95
7130,95
7140,95
7150,95
7160,95
7170,95
7180,95
7191,95
7201,93
7210,93
7220,93
7230,93
7240,93
7250,95
7260,95
7270,95
7280,95
7291,93
7301,93
7310,93
7320,93
7331,95
7340,95
7350,95
7360,95
7370,95
7380,93
7391,93
7400,93
7410,93
7421,95
7430,95
7440,95
7450,95
7460,95
7470,95
7480,95
7490,95
7500,95
7511,95
7520,95
7530,95
7540,95
7550,95
7560,93
7571,93
7580,93
7590,93
7601,95
7610,95
7620,95
7630,95
7640,95
7650,97
7661,97
7670,97
7680,97
7691,97
7700,97
7710,97
7720,97
7730,97
7740,95
7751,95
7760,95
7770,95
7781,107
7790,107
7800,107
7810,107
7820,107
7831,111
7840,111
7850,111
7860,111
7871,101
7880,101
7890,101
7900,101
7910,101
7920,97
7931,97
7940,97
7950,97
7961,93
7970,93
7980,93
7990,93
8000,93
8010,91
8020,91
8031,91
8040,91
8051,85
8060,85
8070,85
8080,85
8090,85
8100,89
8110,89
8120,89
8130,89
8141,93
8150,93
8160,93
8170,93
8180,93
8190,101
8201,101
8210,101
8220,101
8231,99
8240,99
8250,99
8260,99
8270,99
8280,97
8291,97
8300,97
8310,97
8321,95
8330,95
8340,95
8350,95
8360,95
8370,93
8380,93
8390,93
8400,93
8411,95
8420,95
8431,95
8440,95
8450,95
8460,93
8470,93
8480,93
8490,93
8501,95
8510,95
8520,95
8530,95
8540,95
8550,97
8560,97
8570,97
8580,97
8591,97
8600,97
8610,97
8620,97
8631,97
8640,97
8650,97
8660,97
8670,97
8680,97
8690,97
8700,97
8710,97
8720,97
8730,95
8740,95
8751,95
8760,95
8771,95
8781,95
8791,95
8800,95
8811,93
8821,93
8830,93
8841,93
8850,93
8860,93
8871,93
8881,93
8891,93
8901,95
8911,95
8921,95
8931,95
8941,95
8950,95
8961,95
8971,95
8980,95
8991,95
9001,95
9010,95
9020,95
9031,95
9040,95
9051,95
9060,95
9070,95
9081,97
9091,97
9100,97
9110,97
9120,97
9130,95
9141,95
9150,95
9160,95
9171,95
9180,95
9190,95
9200,95
9210,95
9220,95
9231,95
9240,95
9250,95
9261,95
9270,95
9280,95
9290,95
9300,95
9310,95
9320,95
9330,95
9340,95
9351,95
9360,95
9370,95
9380,95
9390,95
9400,95
9410,95
9420,95
9431,95
9441,97
9450,97
9460,97
9470,97
9480,97
9491,95
9500,95
9510,95
9520,95
9531,97
9540,97
9550,97
9560,97
9570,97
9580,95
9590,95
9600,95
9610,95
9621,97
9631,97
9640,97
9650,97
9660,97
9670,95
9680,95
9690,95
9700,95
9711,95
9720,95
9730,95
9740,95
9751,93
9760,93
9770,93
9780,93
9790,93
9800,93
9811,93
9820,93
9831,93
9841,89
9850,89
9860,89
9870,89
9880,89
9890,89
9901,89
9910,89
9920,89
9931,91
9940,91
9950,91
9960,91
9970,91
9980,93
9990,93
10000,93
10010,93
10021,95
10031,95
10040,95
10050,95
10060,95
10070,97
10080,97
10090,97
10100,97
10111,99
10120,99
10130,99
10140,99
10150,99
10160,99
10171,99
10180,99
10190,99
10201,97
10210,97
10220,97
10231,97
10240,97
10250,97
10260,97
10270,97
10280,97
10292,95
10300,95
10310,95
10320,95
10330,95
10340,97
10352,97
10360,97
10370,97
10382,95
10390,95
10400,95
10410,95
10420,95
10431,95
10440,95
10450,95
10460,95
10472,95
10480,95
10490,95
10500,95
10510,95
10520,95
10531,95
10540,95
10550,95
10562,95
10570,95
10580,95
10590,95
10600,95
10610,95
10622,95
10631,95
10640,95
10651,95
10660,95
10670,95
10680,95
10690,95
10700,97
10711,97
10721,97
10731,97
10742,95
10751,95
10761,95
10771,95
10781,95
10790,95
10801,95
10811,95
10821,95
10831,93
10841,93
10850,93
10861,93
10870,93
10881,95
10891,95
10900,95
10911,95
10921,93
10931,93
10941,93
10951,93
10960,91
10971,91
10981,91
10990,91
11001,91
11011,91
11020,91
11031,91
11040,91
11051,93
11061,93
11070,93
11081,93
11090,93
11100,93
11111,93
11120,93
11130,93
11141,93
11150,93
11161,93
11170,93
11180,93
11190,95
11201,95
11210,95
11220,95
11231,95
11240,95
11250,95
11260,95
11270,95
11280,95
11290,95
11301,95
11310,95
11321,95
11330,95
11340,95
11350,95
11360,95
11370,97
11380,97
11390,97
11401,97
11411,97
11420,97
11431,97
11440,97
11451,97
11460,97
11470,97
11480,97
11490,97
11501,95
11511,95
11520,95
11530,95
11541,95
11550,95
11560,95
11570,95
11580,95
11591,97
11600,97
11610,97
11620,97
11631,95
11640,95
11650,95
11660,95
11670,95
11681,97
11690,97
11700,97
11710,97
11720,97
11730,101
11740,101
11750,101
11760,101
11771,99
11780,99
11790,99
11800,99
11810,99
11820,95
11831,95
11840,95
11850,95
11860,95
11870,95
11880,95
11890,95
11900,95
11910,95
11920,95
11930,95
11940,95
11951,95
11960,95
11970,95
11980,95
11990,95
12000,95
12010,95
12020,95
12030,95
12041,95
12050,95
12060,95
12070,95
12080,95
12090,93
12100,93
12110,93
12120,93
12131,95
12141,95
12150,95
12160,95
12171,93
12180,93
12190,93
12200,93
12210,93
12220,89
12231,89
12240,89
12250,89
12261,91
12270,91
12280,91
12290,91
12300,91
12310,93
12320,93
12330,93
12340,93
12351,95
12360,95
12370,95
12380,95
12390,95
12400,95
12411,95
12420,95
12430,95
12441,99
12450,99
12460,99
12470,99
12480,99
12490,99
12501,99
12510,99
12520,99
12532,97
12540,97
12550,97
12560,97
12570,97
12580,95
12591,95
12600,95
12610,95
12621,95
12630,95
12640,95
12650,95
12660,95
12670,95
12681,95
12690,95
12700,95
12711,97
12720,97
12730,97
12740,97
12750,97
12760,95
12771,95
12780,95
12790,95
12801,95
12810,95
12820,95
12831,95
12840,95
12850,95
12861,95
12871,95
12880,95
12891,93
12901,93
12911,93
12921,93
12931,93
12940,95
12951,95
12960,95
12970,95
12981,95
12991,95
13001,95
13011,95
13020,95
13030,95
13040,95
13051,95
13060,95
13071,93
13081,93
13090,93
13101,93
13112,93
13120,93
13130,93
13140,93
13150,93
13160,93
13171,93
13180,93
13190,93
13202,93
13210,93
13220,93
13230,93
13240,93
13250,91
13261,91
13270,91
13280,91
13291,93
13300,93
13310,93
13320,93
13331,93
13340,95
13350,95
13360,95
13370,95
13381,95
13390,95
13400,95
13411,95
13420,95
13431,97
13440,97
13450,97
13460,97
13471,95
13480,95
13490,95
13500,95
13510,95
13520,97
13530,97
13540,97
13550,97
13561,95
13570,95
13580,95
13590,95
13600,95
13610,95
13620,95
13630,95
13640,95
13651,97
13660,97
13670,97
13680,97
13690,97
13700,101
13711,101
13720,101
13730,101
13741,105
13750,105
13760,105
13770,105
13780,105
13790,99
13801,99
13810,99
13820,99
13831,95
13840,95
13850,95
13860,95
13870,95
13880,95
13891,95
13900,95
13910,95
13921,93
13930,93
13940,93
13950,93
13960,93
13970,95
13980,95
13990,95
14000,95
14011,93
14020,93
14030,93
14040,93
14050,93
14060,97
14071,97
14080,97
14090,97
14101,101
14110,101
14120,101
14130,101
14140,101
14150,99
14161,99
14170,99
14180,99
14193,97
14200,97
14210,97
14220,97
14230,97
14240,99
14251,99
14260,99
14270,99
14281,99
14290,101
14300,101
14310,101
14320,101
14330,97
14342,97
14350,97
14360,97
14372,95
14380,95
14390,95
14400,95
14410,95
14420,95
14432,95
14440,95
14450,95
14462,95
14470,95
14480,95
14490,95
14501,95
14510,93
14521,93
14530,93
14540,93
14552,93
14561,93
14570,93
14580,93
14590,93
14600,93
14612,93
14620,93
14630,93
14642,95
14650,95
14660,95
14670,95
14680,95
14690,95
14701,95
14710,95
14720,95
14731,95
14740,95
14750,95
14761,95
14770,95
14781,91
14791,91
14801,91
14811,91
14821,89
14831,89
14841,89
14851,89
14861,91
14871,91
14881,91
14891,91
14901,91
14911,93
14921,93
14931,93
14940,93
14951,99
14960,99
14971,99
14981,99
14990,99
15001,99
15011,99
15020,99
15031,99
15040,99
15050,99
15060,99
15070,99
15081,99
15091,95
15101,95
15111,95
15120,95
15131,95
15140,95
15151,95
15160,95
15171,95
15180,95
15191,95
15201,95
15210,95
15221,95
15230,95
15240,95
15250,95
15260,95
15270,93
15281,93
15290,93
15300,93
15311,95
15321,95
15330,95
15340,95
15350,95
15360,95
15371,95
15380,95
15390,95
15401,97
15410,97
15421,97
15431,97
15440,97
15450,95
15461,95
15470,95
15480,95
15491,97
15500,97
15510,97
15520,97
15530,97
15540,97
15551,97
15560,97
15570,97
15581,95
15590,95
15600,95
15610,95
15620,95
15630,93
15640,93
15650,93
15660,93
15670,91
15681,91
15690,91
15700,91
15711,91
15720,91
15730,91
15740,91
15750,91
15760,85
15771,85
15780,85
15790,85
15800,89
15810,89
15820,89
15830,89
15840,89
15850,91
15860,91
15870,91
15880,91
15891,95
15900,95
15910,95
15920,95
15930,95
15940,95
15950,95
15960,95
15970,95
15981,97
15990,97
16000,97
16010,97
16020,97
16030,97
16040,97
16050,97
16060,97
16071,99
16080,99
16090,99
16100,99
16110,99
16120,97
16130,97
16140,97
16150,97
16161,95
16170,95
16180,95
16190,95
16200,95
16210,95
16220,95
16231,95
16240,95
16251,95
16260,95
16270,95
16280,95
16290,95
16300,95
16310,95
16320,95
16330,95
16341,95
16350,95
16360,95
16370,95
16380,95
16390,95
16400,95
16410,95
16420,95
16431,95
16440,95
16450,95
16460,95
16470,95
16480,95
16490,95
16500,95
16510,95
16521,93
16530,93
16540,93
16550,93
16560,95
16570,95
16580,95
16590,95
16600,95
16610,93
16621,93
16631,93
16640,93
16652,95
16660,95
16670,95
16680,95
16690,95
16700,93
16711,93
16720,93
16730,93
16741,97
16750,97
16760,97
16770,97
16780,97
16790,95
16801,95
16810,95
16820,95
16831,93
16840,93
16850,93
16860,93
16870,93
16880,93
16890,93
16901,93
16910,93
16921,95
16930,95
16941,95
16951,95
16961,95
16971,95
16981,95
16990,95
17001,95
17011,97
17021,97
17031,97
17041,97
17050,97
17060,95
17071,95
17080,95
17091,95
17101,95
17110,95
17121,95
17130,95
17140,95
17150,95
17160,95
17170,95
17180,95
17191,93
17200,93
17210,93
17220,93
17231,93
17240,93
17250,93
17260,93
17271,93
17280,93
17291,93
17300,93
17310,93
17321,95
17331,95
17340,95
17350,95
17360,95
17370,95
17381,95
17390,95
17400,95
17410,95
17420,95
17431,95
17440,95
17450,95
17461,97
17471,97
17480,97
17490,97
17500,97
17510,99
17520,99
17530,99
17540,99
17551,97
17560,97
17571,97
17580,97
17590,97
17600,95
17610,95
17620,95
17631,95
17641,95
17650,95
17660,95
17670,95
17680,95
17690,95
17700,95
17710,95
17720,95
17731,95
17741,95
17750,95
17760,95
17771,95
17780,93
17790,93
17800,93
17810,93
17821,95
17831,95
17840,95
17850,95
17860,95
17870,97
17880,97
17890,97
17900,97
17911,97
17920,97
17930,97
17940,97
17950,97
17960,95
17970,95
17980,95
17991,95
18001,97
18010,97
18020,97
18031,97
18040,97
18050,97
18061,97
18070,97
18080,97
18091,97
18100,97
18110,97
18120,97
18130,97
18140,95
18151,95
18160,95
18170,95
18181,95
18190,95
18200,95
18210,95
18220,95
18231,95
18241,95
18250,95
18260,95
18272,95
18280,95
18290,95
18300,95
18310,95
18320,93
18330,93
18340,93
18350,93
18361,93
18370,93
18380,93
18390,93
18400,93
18410,93
18420,93
18431,93
18440,93
18450,93
18460,93
18470,93
18480,93
18492,93
18500,93
18510,93
18520,93
18530,93
18540,95
18552,95
18560,95
18570,95
18580,97
18590,97
18601,97
18610,97
18620,97
18631,97
18640,97
18650,97
18660,97
18672,97
18680,97
18690,97
18700,97
18710,97
18721,97
18730,97
18740,97
18750,97
18761,97
18770,97
18780,97
18790,97
18801,97
18811,97
18820,97
18831,97
18841,97
18850,97
18861,99
18871,99
18881,99
18891,99
18901,101
18911,101
18921,101
18930,101
18941,101
18951,99
18961,99
18970,99
18981,99
18991,97
19001,97
19011,97
19021,97
19031,97
19041,95
19051,95
19061,95
19071,95
19081,95
19090,95
19101,95
19110,95
19121,95
19130,93
19140,93
19150,93
19160,93
19171,93
19181,93
19190,93
19201,93
19211,93
19221,93
19231,93
19241,93
19250,93
19260,93
19270,93
19281,93
19290,93
19301,93
19310,93
19320,93
19330,93
19341,93
19350,93
19361,93
19370,93
19380,93
19391,93
19401,93
19410,93
19420,93
19431,93
19441,95
19451,95
19460,95
19470,95
19481,101
19490,101
19500,101
19510,101
19520,101
19530,99
19541,99
19550,99
19560,99
19572,99
19580,99
19590,99
19601,99
19610,99
19620,97
19631,97
19640,97
19650,97
19661,95
19670,95
19680,95
19691,95
19700,95
19710,93
19721,93
19730,93
19740,93
19751,91
19760,91
19770,91
19780,91
19790,91
19801,91
19810,91
19820,91
19831,91
19841,93
19850,93
19860,93
19870,93
19880,93
19890,95
19900,95
19910,95
19920,95
19931,95
19940,95
19950,95
19960,95
19970,95
19980,95
19990,95
20001,95
20010,95
20021,95
20031,95
20040,95
20050,95
20061,93
20070,93
20080,93
20090,93
20100,93
20110,95
20121,95
20130,95
20140,95
20151,93
20160,93
20170,93
20180,93
20190,93
20201,97
20211,97
20220,97
20230,97
20241,95
20250,95
20260,95
20270,95
20280,95
20290,97
20301,97
20310,97
20320,97
20331,95
20340,95
20350,95
20360,95
20370,95
20380,97
20391,97
20401,97
20410,97
20421,95
20430,95
20440,95
20450,95
20460,95
20470,97
20480,97
20490,97
20500,97
20511,95
20520,95
20530,95
20540,95
20550,95
20560,95
20570,95
20580,95
20591,95
20600,93
20611,93
20620,93
20630,93
20641,93
20650,93
20660,93
20670,93
20680,93
20690,93
20701,93
20710,93
20720,93
20732,95
20740,95
20750,95
20760,95
20770,95
20780,95
20791,95
20801,95
20810,95
20821,95
20830,95
20840,95
20850,95
20860,95
20870,95
20881,95
20890,95
20900,95
20911,97
20920,97
20930,97
20940,97
20950,97
20960,97
20970,97
20981,97
20991,97
21000,95
21011,95
21021,95
21030,95
21041,95
21051,97
21060,97
21071,97
21081,97
21091,95
21101,95
21111,95
21121,95
21131,95
21140,93
21151,93
21160,93
21171,93
21181,93
21190,93
21201,93
21210,93
21220,93
21230,95
21241,95
21250,95
21260,95
21271,97
21280,97
21290,97
21300,97
21310,97
21320,95
21331,95
21340,95
21351,95
21361,97
21370,97
21380,97
21390,97
21401,97
21410,95
21421,95
21430,95
21440,95
21451,97
21460,97
21470,97
21480,97
21490,97
21500,95
21511,95
21520,95
21530,95
21541,95
21550,95
21560,95
21570,95
21580,95
21590,97
21601,97
21610,97
21620,97
21631,99
21640,99
21650,99
21660,99
21670,99
21680,99
21691,99
21701,99
21710,99
21721,97
21730,97
21740,97
21750,97
21760,97
21770,95
21781,95
21790,95
21801,95
21812,95
21820,95
21830,95
21840,95
21850,95
21860,89
21871,89
21880,89
21890,89
21901,91
21910,91
21920,91
21930,91
21940,91
21950,93
21960,93
21970,93
21980,93
21991,95
22001,95
22010,95
22020,95
22030,95
22040,95
22050,95
22070,95
22080,95
22090,95
22100,95
22110,95
22120,95
22130,95
22140,95
22150,95
22160,95
22170,95
22181,95
22190,95
22201,95
22212,95
22220,95
22230,95
22240,95
22250,95
22260,93
22271,93
22280,93
22301,95
22310,95
22320,95
22330,95
22340,95
22350,97
22361,97
22370,97
22380,97
22391,97
22400,97
22410,97
22420,97
22430,97
22440,95
22451,95
22460,95
22470,95
22482,97
22490,97
22500,97
22510,97
22520,97
22530,95
22542,95
22550,95
22560,95
22571,95
22580,95
22590,95
22600,95
22610,95
22620,95
22632,95
22640,95
22650,95
22670,97
22680,97
22690,97
22700,97
22710,97
22721,97
22730,97
22740,97
22752,95
22780,95
22790,95
22800,93
22812,93
22820,93
22830,93
22842,95
22850,95
22860,95
22880,95
22890,93
22901,93
22911,93
22921,93
22932,93
22941,93
22951,93
22961,93
22980,93
22991,93
23001,93
23012,93
23021,95
23041,95
23051,95
23061,95
23071,97
23081,97
23091,97
23101,97
23111,95
23121,95
23130,95
23141,95
23151,95
23161,97
23171,97
23180,97
23191,97
23211,95
23220,95
23231,95
23241,95
23260,97
23280,97
23291,95
23300,95
23310,95
23320,95
23330,95
23340,97
23351,97
23361,97
23381,97
23390,97
23400,97
23410,97
23420,97
23430,95
23441,95
23450,95
23460,95
23471,95
23480,95
23490,95
23500,95
23510,95
23520,95
23531,95
23540,95
23550,95
23562,95
23570,95
23580,95
23590,95
23600,95
23610,95
23621,95
23630,95
23640,95
23651,95
23660,95
23670,95
23680,95
23690,95
23700,95
23711,95
23720,95
23730,95
23741,97
23750,97
23760,97
23770,97
23780,97
23790,99
23801,99
23810,99
23820,99
23831,99
23840,99
23850,99
23860,99
23870,99
23880,97
23890,97
23900,97
23910,97
23921,97
23931,97
23940,97
23950,97
23960,97
23970,95
23981,95
23990,95
24000,95
24012,95
24020,95
24030,95
24040,95
24050,95
24060,93
24071,93
24080,93
24090,93
24101,93
24110,93
24120,93
24130,93
24140,93
24150,93
24161,93
24170,93
24180,93
24191,95
24200,95
24210,95
24220,95
24230,95
24240,93
24250,93
24260,93
24270,93
24281,93
24290,93
24300,93
24310,93
24320,93
24330,95
24340,95
24350,95
24360,95
24370,89
24381,89
24390,89
24400,89
24411,89
24420,89
24431,89
24440,89
24450,89
24460,91
24471,91
24480,91
24490,91
24501,93
24510,93
24520,93
24530,93
24540,93
24550,93
24560,93
24570,93
24580,93
24591,95
24600,95
24610,95
24620,95
24630,95
24640,97
24650,97
24660,97
24670,97
24681,99
24690,99
24700,99
24710,99
24720,99
24730,99
24740,99
24750,99
24760,99
24771,97
24780,97
24790,97
24800,97
24810,97
24820,97
24831,97
24840,97
24850,97
24861,95
24870,95
24880,95
24890,95
24901,95
24910,95
24920,95
24930,95
24940,95
24951,93
24960,93
24970,93
24980,93
24991,95
25000,95
25010,95
25020,95
25031,95
25040,97
25050,97
25061,97
25071,97
25080,97
25090,97
25101,97
25111,97
25120,97
25131,97
25140,97
25151,97
25161,97
25171,97
25181,99
25191,99
25200,99
25210,99
25221,99
25231,99
25240,99
25251,99
25260,99
25270,97
25280,97
25290,97
25301,97
25311,95
25320,95
25330,95
25340,95
25350,95
25360,95
25371,95
25380,95
25390,95
25401,93
25410,93
25420,93
25431,93
25440,93
25450,93
25460,93
25470,93
25480,93
25490,91
25501,91
25510,91
25520,91
25550,93
25560,93
25570,93
25580,95
25591,95
25601,95
25610,95
25621,93
25631,93
25650,93
25660,93
25670,95
25690,95
25711,95
25720,95
25730,95
25740,95
25750,95
25760,97
25770,97
25780,97
25790,97
25801,93
25810,93
25820,93
25831,93
25841,93
25850,93
25860,93
25870,93
25910,93
25920,93
25931,91
25940,91
25950,91
25960,91
25970,91
25980,91
25990,91
26001,91
26010,91
26021,93
26031,93
26040,93
26050,93
26060,93
26070,95
26080,95
26090,95
26100,95
26111,97
26120,97
26130,97
26140,97
26150,97
26160,97
26170,97
26180,97
26190,97
26201,97
26210,97
26220,97
26231,97
26240,97
26250,97
26260,97
26270,97
26280,97
26291,95
26301,95
26310,95
26320,95
26332,95
26340,95
26350,95
26360,95
26370,95
26381,95
26391,95
26400,95
26410,95
26422,97
26431,97
26440,97
26450,97
26460,97
26471,95
26480,95
26490,95
26501,95
26512,95
26520,95
26530,95
26540,95
26550,95
26560,95
26570,95
26580,95
26590,95
26600,95
26610,103
26620,103
26631,103
26640,103
26652,107
26660,107
26670,107
26680,107
26690,107
26712,99
26720,99
26730,99
26742,95
26750,95
26760,95
26770,95
26780,95
26790,93
26800,93
26810,93
26820,93
26832,93
26841,93
26850,93
26860,93
26870,93
26880,93
26890,93
26902,93
26910,93
26920,93
26930,93
26940,93
26951,93
26960,93
26970,93
26981,93
26991,93
27001,93
27011,95
27021,95
27030,95
27040,95
27051,93
27061,93
27071,93
27081,93
27091,93
27101,93
27111,93
27121,93
27131,93
27141,91
27150,91
27161,91
27171,91
27180,91
27191,95
27200,95
27210,95
27221,95
27231,95
27241,95
27251,95
27260,95
27270,95
27281,97
27291,97
27301,97
27310,97
27321,95
27330,95
27341,95
27350,95
27360,95
27370,97
27380,97
27390,97
27401,97
27411,95
27420,95
27431,95
27440,95
27450,95
27460,95
27470,95
27480,95
27490,95
27501,95
27510,95
27520,95
27530,95
27540,95
27550,95
27560,95
27570,95
27580,95
27591,95
27601,95
27610,95
27620,95
27632,95
27640,95
27650,95
27660,95
27670,95
27680,95
27691,95
27701,95
27710,95
27721,95
27730,95
27740,95
27750,95
27760,95
27770,95
27781,95
27790,95
27800,95
27811,95
27820,95
27831,95
27840,95
27850,95
27860,95
27871,95
27880,95
27890,95
27901,95
27910,95
27920,95
27930,95
27940,95
27950,97
27961,97
27970,97
27980,97
27991,97
28000,97
28010,97
28020,97
28031,97
28040,99
28050,99
28060,99
28070,99
28080,99
28090,99
28101,99
28110,99
28120,99
28131,97
28141,97
28150,97
28160,97
28171,95
28180,95
28190,95
28200,95
28210,95
28220,95
28231,95
28240,95
28250,95
28262,93
28270,93
28280,93
28290,93
28301,93
28310,93
28321,93
28330,93
28340,93
28351,93
28360,93
28370,93
28380,93
28390,93
28400,93
28411,93
28420,93
28430,93
28441,95
28450,95
28460,95
28470,95
28480,95
28490,95
28501,95
28510,95
28520,95
28531,97
28540,97
28550,97
28560,97
28570,97
28580,95
28591,95
28600,95
28610,95
28621,97
28630,97
28640,97
28650,97
28660,97
28670,95
28681,95
28690,95
28701,95
28712,97
28720,97
28730,97
28740,97
28750,97
28760,97
28771,97
28780,97
28790,97
28801,97
28810,97
28820,97
28830,97
28840,97
28850,95
28861,95
28870,95
28880,95
28892,95
28901,95
28910,95
28920,95
28930,95
28940,95
28950,95
28960,95
28970,95
28981,95
28990,95
29000,95
29010,95
29020,95
29030,95
29050,95
29060,95
29071,95
29080,95
29090,95
29101,95
29111,95
29120,95
29131,95
29141,95
29151,95
29161,95
29170,95
29180,95
29190,95
29200,95
29211,95
29221,95
29231,95
29241,95
29251,93
29261,93
29270,93
29280,93
29290,93
29300,95
29310,95
29321,95
29330,95
29341,95
29350,95
29361,95
29370,95
29381,95
29391,95
29400,95
29410,95
29420,95
29430,95
29441,95
29450,95
29460,95
29472,95
29480,95
29490,95
29501,95
29510,95
29520,95
29531,95
29540,95
29550,95
29561,95
29570,95
29580,95
29590,95
29600,95
29610,93
29621,93
29630,93
29640,93
29651,93
29660,93
29670,93
29680,93
29690,93
29701,93
29711,93
29720,93
29730,93
29741,93
29750,93
29760,93
29770,93
29780,93
29790,93
29801,93
29810,93
29820,93
29831,95
29840,95
29850,95
29860,95
29870,95
29880,95
29891,95
29901,95
29910,95
29921,97
29930,97
29940,97
29950,97
29960,97
29970,95
29981,95
29990,95
30000,95
30012,97
30020,97
30030,97
30040,97
30050,97
30060,103
30070,103
30080,103
30091,103
30101,103
30110,99
30120,99
30130,99
30140,99
30151,95
30160,95
30170,95
30180,95
30190,95
30200,93
30210,93
30220,93
30230,93
30240,95
30250,95
30260,95
30270,95
30280,95
30290,91
30301,91
30310,91
30320,91
30331,93
30340,93
30350,93
30360,93
30370,93
30380,93
30390,93
30400,93
30410,93
30421,95
30430,95
30440,95
30450,95
30460,95
30470,95
30480,95
30490,95
30501,95
30512,95
30520,95
30530,95
30540,95
30550,95
30560,95
30570,95
30580,95
30590,95
30602,95
30610,95
30620,95
30630,95
30640,95
30650,91
30660,91
30670,91
30680,91
30692,93
30702,93
30710,93
30720,93
30730,93
30740,95
30750,95
30760,95
30770,95
30782,95
30790,95
30800,95
30810,95
30820,95
30830,93
30840,93
30850,93
30860,93
30872,93
30880,93
30890,93
30902,93
30910,93
30920,95
30932,95
30940,95
30950,95
30962,95
30970,95
30980,95
30990,95
31001,95
31011,97
31021,97
31031,97
31041,97
31052,97
31061,97
31071,97
31081,97
31091,97
31101,97
31110,97
31121,97
31131,97
31141,97
31151,97
31161,97
31171,97
31181,97
31190,97
31200,97
31211,97
31220,97
31230,97
31240,97
31250,97
31261,97
31271,97
31281,97
31290,97
31301,97
31311,97
31320,97
31331,95
31341,95
31351,95
31361,95
31371,95
31380,95
31391,95
31401,95
31410,95
31421,95
31430,95
31440,95
31451,95
31460,95
31470,95
31481,95
31490,95
31500,95
31511,95
31520,95
31530,95
31540,95
31550,95
31560,95
31571,95
31580,95
31590,95
31601,95
31610,95
31620,95
31630,95
31640,95
31650,95
31661,95
31670,95
31680,95
31691,95
31701,95
31710,95
31720,95
31730,95
31741,93
31751,93
31760,93
31770,93
31780,93
31790,93
31800,93
31810,93
31820,93
31831,93
31841,93
31850,93
31860,93
31872,93
31880,93
31890,93
31900,93
31910,93
31920,91
31931,91
31940,91
31950,91
31961,93
31970,93
31980,93
31990,93
32000,93
32010,95
32021,95
32030,95
32040,95
32051,95
32060,95
32070,95
32080,95
32090,95
32100,95
32111,95
32120,95
32130,95
32140,95
32150,95
32160,95
32170,95
32180,95
32191,95
32200,95
32210,95
32220,95
32230,95
32240,95
32250,95
32260,95
32270,95
32281,97
32290,97
32300,97
32310,97
32320,97
32330,95
32341,95
32350,95
32360,95
32371,97
32380,97
32390,97
32400,97
32410,97
32420,95
32431,95
32440,95
32450,95
32461,95
32470,95
32480,95
32490,95
32500,95
32510,93
32521,93
32530,93
32540,93
32551,95
32560,95
32570,95
32580,95
32591,95
32601,95
32610,95
32620,95
32631,95
32640,95
32650,95
32660,95
32670,95
32680,95
32691,93
32700,93
32710,93
32720,93
32730,93
32740,93
32750,93
32760,93
32770,93
32781,95
32790,95
32800,95
32810,95
32820,95
32831,95
32841,95
32850,95
32860,95
32872,101
32880,101
32890,101
32900,101
32910,101
32920,103
32930,103
32940,103
32950,103
32960,103
32970,99
32980,99
32990,99
33000,99
33011,95
33020,95
33031,95
33040,95
33050,95
33060,95
33070,95
33080,95
33090,95
33102,93
33110,93
33120,93
33130,93
33140,93
33151,95
33161,95
33170,95
33181,95
33191,95
33200,95
33211,95
33221,95
33230,95
33240,95
33251,95
33260,95
33271,95
33281,95
33291,95
33301,95
33310,95
33321,95
33331,93
33341,93
33350,93
33360,93
33371,91
33380,91
33390,91
33401,91
33410,91
33420,93
33431,93
33440,93
33450,93
33462,91
33470,91
33480,91
33490,91
33500,91
33510,93
33521,93
33530,93
33540,93
33552,93
33560,93
33570,93
33580,93
33590,93
33600,95
33611,95
33620,95
33631,95
33641,95
33650,95
33660,95
33670,95
33680,95
33691,95
33701,95
33710,95
33720,95
33731,95
33740,95
33750,95
33760,95
33770,95
33781,95
33790,95
33800,95
33810,95
33820,95
33831,97
33840,97
33850,97
33860,97
33871,95
33880,95
33890,95
33900,95
33910,95
33920,95
33931,95
33940,95
33950,95
33961,95
33970,95
33980,95
33990,95
34000,95
34010,95
34021,95
34031,95
34040,95
34050,95
34060,99
34071,99
34080,99
34090,99
34102,99
34110,99
34120,99
34130,99
34140,99
34150,97
34161,97
34170,97
34180,97
34190,97
34200,97
34210,97
34220,97
34231,97
34241,97
34250,97
34260,97
34270,97
34280,97
34290,95
34300,95
34310,95
34320,95
34331,93
34340,93
34350,93
34360,93
34370,93
34380,95
34391,95
34400,95
34410,95
34421,93
34431,93
34440,93
34450,93
34460,93
34471,91
34480,91
34490,91
34500,91
34512,91
34520,91
34531,91
34540,91
34550,91
34560,93
34571,93
34580,93
34590,93
34602,93
34610,93
34620,93
34631,93
34640,93
34650,95
34662,95
34670,95
34680,95
34692,95
34700,95
34710,95
34720,95
34730,95
34740,95
34752,95
34760,95
34770,95
34780,95
34790,95
34800,95
34810,95
34821,95
34831,95
34842,95
34850,95
34860,95
34870,95
34880,95
34890,95
34900,95
34910,95
34921,95
34930,95
34940,95
34950,95
34960,95
34970,97
34980,97
34991,97
35000,97
35011,95
35020,95
35031,95
35040,95
35050,95
35060,95
35071,95
35081,95
35090,95
35102,95
35111,95
35121,95
35131,95
35141,95
35151,97
35161,97
35171,97
35181,97
35191,97
35201,97
35211,97
35221,97
35231,97
35241,97
35250,97
35261,97
35270,97
35281,97
35291,95
35300,95
35311,95
35321,95
35331,95
35341,95
35350,95
35361,95
35371,95
35380,95
35391,95
35400,95
35411,95
35421,95
35431,95
35441,95
35450,95
35461,95
35471,95
35481,95
35490,95
35500,95
35511,93
35520,93
35530,93
35540,93
35550,93
35561,91
35571,91
35580,91
35590,91
35601,91
35610,91
35620,91
35631,91
35640,91
35650,93
35661,93
35670,93
35680,93
35690,95
35700,95
35710,95
35720,95
35730,95
35740,95
35751,95
35760,95
35770,95
35781,93
35791,93
35800,93
35810,93
35820,93
35831,95
35840,95
35850,95
35860,95
35870,95
35880,95
35890,95
35900,95
35910,95
35921,95
35930,95
35940,95
35950,95
35960,95
35970,93
35980,93
35990,93
36000,93
36011,95
36020,95
36031,95
36040,95
36050,95
36060,95
36071,95
36080,95
36090,95
36101,95
36110,95
36120,95
36130,95
36140,95
36150,93
36161,93
36170,93
36180,93
36191,95
36200,95
36210,95
36220,95
36231,95
36240,95
36251,95
36260,95
36271,95
36281,95
36290,95
36300,95
36310,95
36320,95
36330,93
36341,93
36350,93
36360,93
36371,95
36380,95
36390,95
36400,95
36410,95
36421,97
36431,97
36440,97
36450,97
36460,97
36470,95
36480,95
36490,95
36500,95
36511,95
36520,95
36530,95
36540,95
36550,95
36560,95
36571,95
36580,95
36590,95
36601,95
36610,95
36620,95
36631,95
36640,95
36650,93
36661,93
36670,93
36680,93
36691,93
36700,93
36710,93
36720,93
36730,93
36740,95
36751,95
36760,95
36770,95
36781,95
36790,95
36800,95
36810,95
36820,95
36831,95
36840,95
36850,95
36860,95
36870,95
36880,95
36890,95
36900,95
36910,95
36921,95
36930,95
36940,95
36950,95
36960,95
36970,95
36981,95
36990,95
37000,95
37011,95
37020,95
37030,95
37040,95
37050,95
37060,93
37071,93
37080,93
37090,93
37102,93
37110,93
37120,93
37130,93
37140,93
37150,95
37161,95
37170,95
37180,95
37191,93
37200,93
37210,93
37220,93
37231,93
37250,93
37261,93
37271,93
37280,93
37290,93
37301,93
37310,93
37320,93
37331,95
37341,95
37351,95
37361,95
37370,95
37381,97
37391,97
37400,97
37411,97
37421,95
37431,95
37440,95
37450,95
37460,95
37470,97
37481,97
37490,97
37500,97
37512,95
37520,95
37530,95
37540,95
37550,95
37560,95
37571,95
37580,95
37590,95
37601,93
37610,93
37620,93
37631,93
37640,93
37651,95
37661,95
37670,95
37680,95
37690,95
37700,95
37710,95
37720,95
37730,95
37741,95
37750,95
37760,95
37770,95
37780,95
37790,93
37800,93
37810,93
37820,93
37831,95
37840,95
37850,95
37860,95
37870,95
37880,95
37891,95
37900,95
37910,95
37921,93
37930,93
37940,93
37950,93
37960,93
37970,93
37981,93
37990,93
38000,93
38011,95
38020,95
38031,95
38040,95
38050,95
38060,95
38071,95
38080,95
38090,95
38101,95
38110,97
38120,97
38130,97
38140,97
38151,97
38160,97
38170,97
38180,97
38190,97
38200,97
38211,97
38220,97
38230,97
38241,95
38250,95
38260,95
38271,95
38280,95
38290,95
38301,95
38310,95
38320,95
38332,95
38340,95
38350,95
38360,95
38370,95
38381,95
38390,95
38400,95
38410,95
38420,95
38431,95
38440,95
38450,95
38460,95
38471,95
38480,95
38490,95
38500,95
38510,95
38520,93
38531,93
38540,93
38550,93
38562,93
38570,93
38580,93
38591,93
38600,93
38610,93
38621,93
38631,93
38640,93
38651,91
38660,91
38671,91
38680,91
38690,91
38700,93
38712,93
38720,93
38730,93
38741,93
38750,93
38760,93
38771,93
38780,93
38790,93
38802,93
38810,93
38820,93
38832,89
38840,89
38850,89
38860,89
38870,89
38880,91
38892,91
38900,91
38910,91
38922,93
38930,93
38940,93
38950,93
38961,93
38970,93
38981,93
38991,93
39000,93
39012,95
39020,95
39031,95
39041,95
39050,95
39060,93
39072,93
39080,93
39090,93
39101,95
39110,95
39120,95
39130,95
39140,95
39151,101
39161,101
39170,101
39181,101
39191,101
39201,99
39211,99
39221,99
39231,99
39241,99
39251,99
39260,99
39271,99
39281,99
39291,97
39300,97
39311,97
39321,97
39331,95
39341,95
39351,95
39360,95
39371,95
39381,95
39390,95
39401,95
39411,95
39421,95
39430,95
39441,95
39450,95
39460,95
39472,97
39481,97
39491,97
39500,97
39511,97
39520,99
39531,99
39540,99
39550,99
39560,97
39571,97
39580,97
39590,97
39600,97
39611,93
39621,93
39631,93
39640,93
39651,93
39660,95
39670,95
39680,95
39690,95
39701,93
39710,93
39720,93
39730,93
39740,93
39750,95
39760,95
39770,95
39780,95
39791,91
39800,91
39810,91
39820,91
39831,91
39840,95
39850,95
39860,95
39870,95
39881,93
39890,93
39900,93
39910,93
39920,93
39930,93
39940,93
39950,93
39960,93
39971,93
39980,93
39990,93
40000,93
40010,93
40020,93
40031,93
40040,93
40050,93
40061,95
40070,95
40080,95
40090,95
40100,95
40110,93
40121,93
40130,93
40140,93
40151,95
40160,95
40170,95
40180,95
40190,95
40200,95
40211,95
40220,95
40231,95
40240,97
40250,97
40260,97
40270,97
40280,97
40291,97
40300,97
40310,97
40320,97
40330,97
40340,97
40350,97
40360,97
40370,97
40381,95
40390,95
40400,95
40410,95
40420,95
40431,95
40441,95
40450,95
40460,95
40471,93
40480,93
40490,93
40500,93
40510,93
40520,95
40531,95
40540,95
40550,95
40561,95
40570,95
40580,95
40591,95
40600,95
40610,95
40621,95
40631,95
40640,95
40651,91
40660,91
40671,91
40680,91
40690,91
40700,91
40711,91
40720,91
40730,91
40740,93
40750,93
40760,93
40770,93
40780,93
40791,95
40800,95
40810,95
40820,95
40830,95
40840,95
40850,95
40860,95
40871,95
40881,95
40891,95
40900,95
40910,95
40920,95
40930,97
40941,97
40951,97
40960,97
40972,97
40980,97
40991,97
41000,97
41010,97
41020,97
41031,97
41040,97
41050,97
41071,95
41080,95
41090,95
41100,95
41120,97
41130,97
41140,97
41150,97
41171,95
41180,95
41191,95
41201,95
41210,95
41220,95
41231,95
41240,95
41250,91
41260,91
41270,91
41280,91
41290,95
41300,95
41311,95
41320,95
41331,95
41341,95
41351,95
41360,95
41371,95
41380,95
41391,95
41401,95
41411,95
41421,95
41432,95
41441,95
41451,95
41461,95
41471,95
41480,99
41491,99
41500,99
41510,99
41521,97
41530,97
41540,97
41550,97
41560,97
41570,95
41581,95
41591,95
41600,95
41611,95
41620,93
41631,93
41640,93
41650,93
41661,93
41671,93
41680,93
41690,93
41700,93
41710,93
41720,93
41730,93
41740,93
41751,93
41760,93
41770,93
41780,93
41790,93
41800,95
41811,95
41820,95
41831,95
41842,93
41850,93
41860,93
41871,93
41880,93
41890,95
41900,95
41910,95
41920,95
41931,93
41940,93
41950,93
41960,93
41970,93
41980,95
41991,95
42000,95
42010,95
42021,91
42031,91
42040,91
42050,91
42060,91
42071,91
42081,91
42090,91
42100,91
42111,91
42120,91
42130,91
42140,91
42150,91
42160,93
42171,93
42180,93
42191,93
42202,95
42210,95
42220,95
42231,95
42240,95
42250,95
42261,95
42271,95
42280,95
42291,97
42300,97
42310,97
42320,97
42330,97
42341,97
42350,97
42360,97
42370,97
42380,97
42391,97
42401,97
42410,97
42420,97
42432,97
42440,97
42450,97
42460,97
42471,97
42480,97
42491,97
42500,97
42510,97
42520,95
42530,95
42540,95
42550,95
42560,95
42570,95
42581,95
42591,95
42600,95
42610,95
42620,95
42631,95
42640,95
42650,95
42661,97
42671,97
42680,97
42690,97
42700,97
42710,95
42721,95
42730,95
42740,95
42751,95
42760,95
42770,95
42780,95
42790,95
42800,93
42811,93
42820,93
42831,93
42842,95
42850,95
42860,95
42871,95
42880,95
42890,93
42900,93
42910,93
42920,93
42931,93
42940,95
42950,95
42960,95
42970,95
42982,95
42992,95
43000,95
43011,95
43022,95
43031,93
43041,93
43050,93
43060,93
43071,89
43081,89
43090,89
43100,89
43112,91
43120,91
43130,91
43140,91
43150,91
43160,93
43170,93
43180,93
43191,93
43200,93
43210,95
43220,95
43231,95
43241,95
43251,95
43261,95
43271,95
43281,95
43291,95
43301,97
43311,97
43321,97
43330,97
43341,97
43351,97
43361,97
43371,97
43381,97
43390,95
43400,95
43411,95
43421,95
43432,93
43441,93
43450,93
43461,93
43471,93
43481,93
43491,93
43501,93
43510,93
43521,93
43530,93
43540,93
43550,93
43560,93
43570,93
43581,93
43591,93
43601,93
43611,95
43621,95
43631,95
43640,95
43650,95
43660,95
43671,95
43681,95
43690,95
43700,95
43710,95
43720,95
43730,95
43740,95
43751,95
43760,95
43770,95
43780,95
43790,95
43800,95
43811,95
43820,95
43831,95
43840,97
43850,97
43860,97
43871,97
43880,97
43890,97
43901,97
43910,97
43920,97
43931,97
43940,95
43950,95
43960,95
43970,95
43981,95
43991,95
44000,95
44010,95
44020,95
44031,95
44041,95
44050,95
44060,95
44071,95
44080,95
44090,95
44100,95
44110,95
44120,93
44131,93
44140,93
44150,93
44160,93
44170,93
44180,93
44191,93
44200,93
44211,95
44220,95
44231,95
44240,95
44250,95
44260,95
44271,95
44280,95
44290,95
44301,95
44310,95
44320,95
44330,95
44340,95
44350,95
44361,95
44370,95
44380,95
44391,95
44400,95
44410,95
44420,95
44431,95
44440,93
44451,93
44460,93
44471,93
44482,91
44490,91
44500,91
44510,91
44520,91
44530,91
44540,91
44550,91
44560,91
44571,93
44580,93
44590,93
44600,93
44610,93
44620,93
44631,93
44640,93
44650,93
44661,95
44670,95
44680,95
44690,95
44700,95
44710,93
44721,93
44730,93
44740,93
44751,95
44760,95
44770,95
44780,95
44790,95
44800,95
44811,95
44820,95
44831,95
44840,95
44850,95
44860,95
44870,95
44881,95
44891,95
44900,95
44910,95
44920,95
44930,95
44940,99
44950,99
44960,99
44970,99
44982,97
44990,97
45000,97
45010,97
45020,97
45031,97
45041,97
45050,97
45060,97
45072,95
45081,95
45090,95
45100,95
45110,95
45120,95
45131,95
45140,95
45150,95
45161,95
45170,95
45180,95
45190,95
45200,95
45211,95
45220,95
45231,95
45240,95
45250,95
45260,93
45270,93
45280,93
45290,93
45301,93
45310,93
45320,93
45330,93
45340,93
45350,95
45361,95
45371,95
45380,95
45391,101
45400,101
45410,101
45421,101
45430,101
45441,101
45451,101
45461,101
45471,101
45480,101
45490,101
45500,101
45511,101
45521,101
45531,99
45541,99
45550,99
45560,99
45570,99
45581,95
45591,95
45601,95
45610,95
45621,93
45631,93
45641,93
45650,93
45660,93
45670,91
45681,91
45690,91
45700,91
45711,91
45720,95
45730,95
45740,95
45750,95
45761,95
45770,95
45780,95
45790,95
45800,95
45810,95
45820,95
45831,95
45840,95
45851,95
45860,95
45870,95
45880,95
45890,95
45900,95
45911,95
45920,95
45930,95
45941,93
45950,93
45960,93
45970,93
45980,93
45990,93
46001,93
46010,93
46020,93
46031,93
46040,93
46050,93
46060,93
46070,93
46080,95
46091,95
46100,95
46110,95
46121,91
46130,91
46140,91
46150,91
46160,91
46170,93
46181,93
46190,93
46200,93
46211,95
46220,95
46231,95
46240,95
46250,95
46260,97
46271,97
46280,97
46290,97
46302,97
46310,97
46320,97
46330,97
46340,97
46350,95
46361,95
46370,95
46380,95
46391,95
46400,95
46410,95
46420,95
46431,95
46440,93
46451,93
46460,93
46470,93
46481,95
46490,95
46500,95
46510,95
46520,95
46531,93
46540,93
46550,93
46560,93
46570,93
46580,95
46590,95
46600,95
46610,95
46621,93
46631,93
46640,93
46650,93
46660,93
46670,93
46680,93
46690,93
46700,93
46711,91
46720,91
46730,91
46740,91
46750,91
46760,95
46771,95
46780,95
46790,95
46802,97
46810,97
46820,97
46831,97
46840,97
46850,97
46860,97
46871,97
46880,97
46892,97
46900,97
46910,97
46920,97
46930,97
46941,97
46950,97
46960,97
46970,97
46980,97
46990,97
47000,97
47010,97
47020,97
47032,95
47040,95
47050,95
47060,95
47070,95
47081,95
47091,95
47100,95
47110,95
47121,93
47130,93
47140,93
47150,93
47161,93
47170,95
47182,95
47190,95
47201,95
47212,91
47220,91
47231,91
47241,91
47250,91
47260,91
47271,91
47280,91
47290,91
47302,93
47311,93
47321,93
47331,93
47341,93
47351,95
47361,95
47371,95
47380,95
47391,95
47401,95
47411,95
47421,95
47431,95
47441,95
47451,95
47461,95
47471,95
47482,93
47491,93
47500,93
47511,93
47521,93
47530,93
47540,93
47551,93
47561,93
47571,89
47581,89
47590,89
47601,89
47611,89
47620,91
47631,91
47641,91
47650,91
47661,95
47670,95
47680,95
47691,95
47700,95
47710,97
47721,97
47730,97
47740,97
47751,95
47760,95
47770,95
47780,95
47790,95
47800,95
47811,95
47820,95
47831,95
47841,95
47850,95
47860,95
47870,95
47880,95
47891,97
47900,97
47910,97
47920,97
47930,97
47940,95
47950,95
47960,95
47970,95
47982,95
47990,95
48000,95
48010,95
48020,95
48031,95
48041,95
48050,95
48060,95
48071,95
48080,95
48090,95
48100,95
48110,95
48120,95
48131,95
48140,95
48150,95
48160,93
48170,93
48180,93
48190,93
48200,93
48210,95
48220,95
48231,95
48240,95
48252,95
48260,95
48270,95
48280,95
48290,95
48300,91
48311,91
48320,91
48330,91
48342,91
48350,91
48360,91
48370,91
48380,91
48390,93
48401,93
48410,93
48420,93
48432,95
48440,95
48450,95
48460,95
48470,95
48480,95
48490,95
48500,95
48510,95
48520,95
48530,95
48541,95
48550,95
48560,95
48571,97
48580,97
48591,97
48600,97
48610,97
48620,95
48631,95
48640,95
48650,95
48661,93
48671,93
48680,93
48690,93
48700,93
48710,93
48721,93
48730,93
48740,93
48751,93
48760,93
48770,93
48780,93
48791,93
48800,95
48810,95
48820,95
48831,95
48840,95
48850,97
48860,97
48871,97
48880,97
48891,101
48900,101
48910,101
48920,101
48930,101
48940,101
48951,101
48960,101
48970,101
48980,97
48991,97
49000,97
49010,97
49020,97
49031,95
49040,95
49050,95
49060,95
49072,95
49080,93
49090,93
49100,93
49110,93
49121,93
49130,93
49140,93
49151,93
49160,93
49170,93
49180,93
49191,93
49200,93
49211,91
49220,91
49231,91
49240,91
49250,91
49260,91
49271,91
49280,91
49290,91
49301,91
49310,91
49320,91
49330,91
49340,91
49350,93
49360,93
49371,93
49380,93
49391,93
49400,93
49410,93
49420,93
49431,93
49440,93
49451,93
49461,93
49471,93
49480,93
49491,93
49501,93
49510,93
49520,93
49531,97
49541,97
49551,97
49561,97
49572,95
49581,95
49591,95
49601,95
49610,95
49620,95
49631,95
49640,95
49650,95
49661,95
49671,95
49681,95
49690,95
49700,95
49711,95
49721,95
49730,95
49740,95
49751,95
49760,95
49770,95
49780,95
49791,95
49800,93
49811,93
49820,93
49831,93
49840,93
49850,95
49860,95
49871,95
49880,95
49891,95
49900,95
49910,95
49920,95
49930,95
49940,95
49950,95
49960,95
49970,95
49981,93
49991,93
50000,93
50010,93
50020,93
50031,95
50041,95
50050,95
50060,95
50071,95
50080,95
50090,95
50100,95
50111,95
50120,95
50131,95
50140,95
50150,95
50161,93
50170,93
50180,93
50191,93
50200,93
50211,95
50220,95
50231,95
50240,95
50250,95
50260,95
50271,95
50280,95
50290,95
50301,95
50310,95
50320,95
50330,95
50340,95
50351,93
50360,93
50370,93
50380,93
50391,95
50400,95
50410,95
50420,95
50431,95
50440,93
50451,93
50460,93
50471,93
50481,95
50490,95
50500,95
50511,95
50520,95
50530,95
50541,95
50551,95
50560,95
50571,93
50580,93
50591,93
50600,93
50610,93
50620,95
50631,95
50640,95
50650,95
50661,91
50671,91
50680,91
50690,91
50700,91
50710,93
50721,93
50730,93
50740,93
50751,93
50760,93
50770,93
50780,93
50791,93
50800,95
50810,95
50820,95
50831,95
50840,95
50850,93
50860,93
50871,93
50880,93
50891,95
50900,95
50911,95
50920,95
50930,95
50940,97
50952,97
50960,97
50970,97
50982,97
50991,97
51000,97
51010,97
51020,97
51031,97
51040,97
51050,97
51060,97
51072,95
51080,95
51090,95
51100,95
51110,95
51120,95
51130,95
51140,95
51151,95
51160,95
51170,95
51180,95
51190,95
51201,95
51211,95
51220,95
51231,95
51240,95
51250,95
51260,93
51271,93
51280,93
51290,93
51301,93
51310,93
51320,93
51330,93
51340,93
51351,95
51361,95
51371,95
51381,95
51392,95
51401,95
51411,95
51421,95
51431,95
51441,95
51450,95
51461,95
51471,95
51481,95
51490,95
51501,95
51511,95
51521,95
51531,95
51540,95
51551,95
51561,95
51571,93
51580,93
51591,93
51601,93
51610,93
51621,93
51631,93
51641,93
51651,93
51661,93
51671,93
51680,93
51690,93
51701,93
51711,93
51721,93
51730,93
51741,93
51751,93
51761,93
51770,93
51780,93
51791,93
51801,93
51811,93
51820,93
51831,93
51841,95
51850,95
51860,95
51871,95
51880,95
51890,93
51901,93
51911,93
51920,93
51931,95
51940,95
51950,95
51960,95
51970,95
51981,93
51990,93
52000,93
52010,93
52020,93
52031,95
52041,95
52050,95
52060,95
52071,95
52080,95
52090,95
52100,95
52111,95
52120,97
52131,97
52140,97
52150,97
52160,95
52170,95
52181,95
52191,95
52200,95
52210,97
52221,97
52231,97
52240,97
52251,97
52260,97
52271,97
52280,97
52290,97
52300,95
52310,95
52320,95
52330,95
52340,95
52351,95
52360,95
52370,95
52380,95
52391,93
52400,93
52410,93
52420,93
52431,93
52440,93
52450,93
52460,93
52471,93
52480,91
52490,91
52500,91
52510,91
52520,91
52530,87
52540,87
52550,87
52560,87
52571,91
52580,91
52591,91
52600,91
52610,91
52620,93
52631,93
52640,93
52650,93
52660,91
52671,91
52680,91
52690,91
52700,91
52710,93
52720,93
52730,93
52740,93
52751,95
52760,95
52770,95
52780,95
52790,95
52800,95
52811,95
52820,95
52831,95
52841,93
52850,93
52860,93
52870,93
52880,93
52890,93
52900,93
52911,93
52920,93
52931,93
52940,93
52950,93
52960,93
52970,93
52980,95
52991,95
53000,95
53010,95
53021,95
53031,95
53040,95
53050,95
53060,95
53071,93
53081,93
53090,93
53100,93
53111,95
53120,95
53130,95
53140,95
53150,95
53160,93
53171,93
53180,93
53190,93
53201,93
53210,93
53220,93
53231,93
53240,93
53250,91
53260,91
53270,91
53280,91
53291,95
53300,95
53311,95
53320,95
53330,95
53341,95
53350,95
53360,95
53370,95
53380,95
53391,97
53400,97
53410,97
53420,97
53431,95
53440,95
53450,95
53460,95
53471,95
53480,97
53491,97
53500,97
53511,97
53521,97
53531,97
53541,97
53550,97
53561,97
53571,97
53581,97
53591,97
53600,97
53611,97
53620,101
53631,101
53641,101
53650,101
53661,103
53670,103
53680,103
53691,103
53700,103
53710,97
53721,97
53730,97
53740,97
53751,95
53761,95
53770,95
53780,95
53790,95
53800,93
53810,93
53820,93
53831,93
53840,93
53850,93
53860,93
53870,93
53880,93
53891,93
53900,93
53910,93
53920,93
53930,93
53940,93
53950,93
53960,93
53970,93
53981,93
53990,93
54000,93
54010,93
54020,93
54031,95
54040,95
54050,95
54060,95
54071,95
54080,95
54090,95
54100,95
54110,95
54120,95
54130,95
54140,95
54150,95
54160,93
54170,93
54180,93
54190,93
54200,93
54210,93
54220,93
54231,93
54240,93
54251,93
54260,93
54270,93
54280,93
54290,93
54300,91
54310,91
54320,91
54330,91
54341,91
54350,91
54360,91
54370,91
54381,91
54390,93
54400,93
54410,93
54420,93
54431,95
54440,95
54450,95
54460,95
54470,95
54480,97
54491,97
54501,97
54510,97
54522,97
54530,97
54540,97
54550,97
54560,97
54570,97
54581,97
54590,97
54600,97
54612,95
54620,95
54631,95
54640,95
54650,95
54660,93
54671,93
54680,93
54690,93
54701,93
54710,95
54720,95
54730,95
54740,95
54751,101
54760,101
54770,101
54781,101
54790,101
54800,103
54811,103
54820,103
54831,103
54840,99
54850,99
54861,99
54870,99
54880,99
54891,97
54901,97
54910,97
54920,97
54930,97
54940,95
54950,95
54960,95
54970,95
54982,95
54990,95
55000,95
55010,95
55021,95
55031,93
55041,93
55050,93
55061,93
55072,93
55080,93
55090,93
55101,93
55110,93
55120,95
55132,95
55140,95
55150,95
55162,95
55170,95
55181,95
55190,95
55201,95
55210,93
55222,93
55231,93
55241,93
55252,93
55261,93
55270,93
55281,93
55290,93
55301,93
55312,93
55320,93
55330,93
55341,91
55350,91
55361,91
55370,91
55381,91
55390,89
55401,89
55410,89
55441,91
55450,91
55461,91
55471,91
55481,93
55491,93
55501,93
55511,93
55522,93
55531,93
55541,93
55551,93
55561,93
55571,93
55581,93
55591,93
55601,93
55611,93
55620,93
55631,93
55641,93
55651,93
55661,95
55671,95
55681,95
55691,95
55701,95
55711,95
55720,95
55731,95
55740,95
55781,93
55792,93
55800,93
55810,93
55820,93
55831,93
55840,95
55850,95
55860,95
55870,95
55880,95
55890,95
55901,95
55910,95
55920,95
55931,95
55941,95
55950,95
55960,95
55970,95
55981,95
55991,95
56000,95
56010,95
56021,97
56031,97
56050,97
56061,97
56070,95
56081,95
56101,95
56120,95
56130,95
56141,95
56150,95
56160,93
56171,93
56180,93
56190,93
56201,95
56210,95
56220,95
56231,95
56240,95
56250,93
56261,93
56271,93
56281,93
56291,93
56301,93
56310,93
56320,93
56330,93
56341,95
56350,95
56360,95
56370,95
56381,95
56390,95
56400,95
56410,95
56420,95
56432,97
56440,97
56450,97
56461,97
56470,97
56480,95
56491,95
56510,95
56520,95
56530,95
56541,95
56550,95
56560,95
56571,95
56581,95
56590,95
56600,95
56610,95
56620,95
56631,95
56650,95
56661,95
56670,95
56681,95
56690,95
56701,95
56710,93
56720,93
56731,93
56741,93
56751,95
56760,95
56770,95
56790,95
56800,95
56811,95
56820,95
56831,95
56850,95
56861,95
56871,95
56880,95
56890,93
56901,93
56910,93
56920,93
56931,95
56950,95
56960,95
56970,95
56981,95
56991,95
57010,95
57021,95
57031,95
57040,95
57050,95
57061,95
57071,93
57080,93
57090,93
57100,93
57112,95
57120,95
57130,95
57141,95
57150,95
57160,93
57180,93
57191,93
57201,93
57210,93
57220,93
57231,93
57240,93
57260,93
57271,93
57281,93
57301,95
57310,95
57320,95
57330,95
57350,95
57360,95
57370,95
57381,95
57391,97
57401,97
57410,97
57420,97
57432,95
57450,95
57461,95
57471,95
57481,95
57491,95
57501,95
57510,95
57520,97
57530,97
57541,97
57551,97
57560,97
57570,95
57581,95
57591,95
57600,95
57610,95
57621,95
57631,95
57640,95
57651,95
57661,99
57671,99
57681,99
57690,99
57701,99
57711,97
57721,97
57731,97
57740,97
57751,95
57760,95
57770,95
57780,95
57790,95
57801,93
57811,93
57820,93
57831,93
57841,93
57851,93
57861,93
57871,93
57881,93
57891,95
57901,95
57910,95
57920,95
57930,95
57941,93
57950,93
57960,93
57970,93
57981,93
57991,93
58001,93
58010,93
58020,93
58031,93
58040,93
58050,93
58061,93
58071,93
58081,93
58090,93
58101,93
58110,93
58120,93
58130,93
58141,93
58150,93
58160,93
58170,93
58181,93
58191,93
58200,93
58210,95
58221,95
58231,95
58241,95
58251,95
58260,95
58271,95
58280,95
58290,95
58300,97
58311,97
58320,97
58330,97
58342,95
58350,95
58360,95
58370,95
58380,95
58391,95
58401,95
58410,95
58420,95
58431,93
58440,93
58450,93
58460,93
58471,93
58480,91
58491,91
58500,91
58510,91
58520,91
58530,91
58541,91
58550,91
58560,91
58571,95
58580,95
58591,95
58600,95
58610,95
58620,95
58631,95
58640,95
58650,95
58661,95
58671,95
58680,95
58690,95
58700,95
58710,93
58720,93
58730,93
58741,93
58751,93
58760,93
58770,93
58780,93
58790,93
58800,93
58811,93
58820,93
58831,93
58841,95
58850,95
58860,95
58871,95
58880,95
58890,95
58900,95
58910,95
58920,95
58931,97
58941,97
58950,97
58960,97
58970,97
58981,97
58990,97
59000,97
59010,97
59020,97
59031,97
59040,97
59050,97
59060,97
59072,95
59080,95
59090,95
59102,95
59110,95
59120,95
59131,95
59140,95
59150,95
59162,97
59170,97
59182,97
59191,97
59200,97
59211,97
59220,97
59231,97
59240,97
59250,97
59260,95
59272,95
59280,95
59290,95
59301,95
59310,95
59321,95
59330,95
59340,95
59350,95
59362,95
59370,95
59380,95
59391,93
59400,93
59410,93
59420,93
59431,93
59440,95
59450,95
59460,95
59471,95
59481,95
59490,93
59501,93
59511,93
59521,93
59530,95
59541,95
59550,95
59561,95
59571,95
59581,91
59591,91
59601,91
59610,91
59621,91
59630,91
59641,91
59651,91
59661,91
59671,91
59681,91
59691,91
59701,91
59711,91
59721,91
59731,91
59741,91
59750,91
59761,91
59771,91
59781,91
59791,91
59801,91
59810,91
59821,91
59831,91
59841,91
59850,93
59861,93
59871,93
59881,93
59891,95
59900,95
59910,95
59920,95
59930,95
59941,95
59951,95
59961,95
59971,95
59981,101
59991,101
60000,101
60010,101
60020,101
60031,99
60041,99
60050,99
60061,99
60072,97
60081,97
60090,97
60101,97
60110,97
60121,95
60131,95
60140,95
60150,95
60161,95
60171,93
60181,93
60191,93
60201,93
60211,95
60220,95
60231,95
60240,95
60250,95
60260,95
60271,95
60280,95
60290,95
60301,95
60310,95
60320,95
60330,95
60340,95
60350,93
60361,93
60370,93
60381,93
60391,95
60400,95
60410,95
60420,95
60431,95
60440,93
60451,93
60460,93
60471,93
60481,91
60490,91
60500,91
60510,91
60520,91
60530,91
60541,91
60551,91
60560,91
60571,93
60580,93
60590,93
60600,93
60610,93
60620,93
60631,93
60640,93
60650,93
60661,93
60670,93
60681,93
60690,93
60700,93
60710,93
60720,93
60730,93
60740,93
60751,97
60760,97
60770,97
60780,97
60790,97
60801,95
60811,95
60820,95
60831,95
60840,97
60850,97
60860,97
60870,97
60881,97
60891,95
60901,95
60910,95
60920,95
60930,95
60940,97
60950,97
60960,97
60970,97
60981,97
60990,97
61001,97
61010,97
61020,97
61031,97
61041,97
61050,97
61060,97
61071,95
61081,95
61090,95
61100,95
61110,95
61120,95
61131,95
61141,95
61150,95
61160,95
61170,93
61180,93
61190,93
61201,93
61211,93
61220,93
61231,93
61240,93
61250,93
61261,93
61270,93
61281,93
61290,93
61302,95
61310,95
61320,95
61330,95
61341,95
61350,95
61361,95
61370,95
61380,95
61391,97
61401,97
61410,97
61420,97
61431,97
61440,97
61451,97
61460,97
61470,97
61481,95
61490,95
61500,95
61511,95
61520,95
61531,95
61541,95
61551,95
61560,95
61571,91
61580,91
61591,91
61600,91
61611,91
61621,91
61631,91
61640,91
61650,91
61661,91
61670,91
61680,91
61691,91
61700,91
61711,93
61720,93
61730,93
61741,93
61750,93
61761,95
61770,95
61780,95
61790,95
61801,95
61810,95
61820,95
61831,95
61841,95
61850,97
61861,97
61870,97
61880,97
61891,95
61900,95
61910,95
61920,95
61930,95
61941,95
61951,95
61960,95
61970,95
61981,95
61990,95
62000,95
62010,95
62020,95
62031,97
62040,97
62050,97
62060,97
62071,95
62080,95
62091,95
62100,95
62110,95
62120,95
62131,95
62140,95
62150,95
62160,93
62170,93
62181,93
62190,93
62200,93
62211,95
62221,95
62231,95
62241,95
62250,95
62260,95
62270,95
62280,95
62290,95
62301,95
62310,95
62320,95
62350,93
62360,93
62380,93
62391,95
62410,95
62420,95
62431,95
62441,99
62451,99
62470,99
62481,97
62490,97
62500,97
62510,97
62521,97
62531,95
62550,95
62561,95
62570,95
62580,97
62590,97
62610,97
62621,95
62631,95
62640,95
62650,95
62661,95
62681,95
62690,95
62700,95
62711,93
62721,93
62730,93
62741,93
62750,93
62780,95
62790,95
62800,95
62810,95
62820,95
62831,95
62840,95
62851,95
62860,95
62880,95
62890,95
62900,93
62910,93
62921,93
62930,93
62950,95
62960,95
62990,95
63001,95
63010,95
63020,95
63032,95
63041,95
63050,95
63060,95
63070,95
63080,93
63092,93
63110,93
63121,91
63130,91
63141,91
63150,91
63190,91
63200,91
63212,91
63220,91
63231,91
63241,91
63250,91
63260,93
63290,93
63301,95
63310,95
63321,95
63330,95
63341,95
63350,97
63361,97
63370,97
63392,95
63400,95
63410,95
63421,95
63440,95
63451,95
63471,95
63480,95
63501,95
63511,95
63521,95
63531,93
63541,93
63551,93
63580,93
63601,93
63611,93
63621,93
63631,93
63640,93
63651,93
63671,95
63690,95
63700,95
63711,95
63720,95
63741,95
63751,95
63761,95
63771,95
63790,95
63810,95
63831,95
63850,95
63881,95
63910,95
63920,95
63930,95
63941,95
63951,95
63960,95
63990,95
64000,95
64010,95
64020,95
64031,95
64050,95
64060,95
64070,95
64091,97
64101,97
64110,97
64121,97
64130,97
64140,97
64150,97
64160,97
64190,95
64201,95
64212,95
64220,95
64231,95
64240,95
64250,95
64261,95
64270,95
64301,95
64310,95
64320,95
64330,95
64340,95
64351,97
64360,97
64390,97
64401,103
64411,103
64420,103
64431,103
64441,103
64491,97
64501,97
64510,97
64521,97
64530,97
64540,95
64550,95
64560,95
64570,95
64590,93
64601,93
64610,93
64620,93
64641,95
64650,95
64680,91
64690,91
64701,91
64710,91
64720,93
64730,93
64740,93
64750,93
64761,91
64770,91
64791,91
64801,91
64810,95
64821,95
64831,95
64841,95
64851,93
64871,93
64890,93
64901,95
64911,95
64920,95
64930,95
64941,95
64950,95
65001,95
65010,95
65021,95
65031,91
65040,91
65050,91
65071,91
65081,93
65091,93
65100,93
65110,93
65121,93
65130,93
65140,93
65150,93
65160,93
65170,95
65201,95
65231,95
65240,95
65250,95
65261,95
65271,95
65290,95
65302,95
65310,95
65320,95
65330,95
65340,95
65370,95
65390,95
65410,95
65441,95
65450,95
65461,95
65471,95
65490,95
65501,95
65510,95
65520,95
65531,95
65540,95
65550,95
65560,95
65571,95
65591,95
65601,95
65610,95
65630,95
65651,95
65661,95
65671,99
65690,99
65711,99
65721,97
65731,97
65741,97
65751,97
65770,95
65781,95
65801,95
65810,95
65831,95
65841,95
65851,95
65860,95
65871,95
65901,95
65911,95
65920,95
65930,95
65950,95
65961,95
65970,95
65980,95
65990,93
66001,93
66010,93
66021,93
66032,93
66040,93
66061,93
66080,93
66091,93
66110,93
66121,95
66130,95
66141,95
66150,95
66160,95
66170,93
66190,93
66221,97
66240,97
66250,97
66261,97
66281,97
66290,97
66300,97
66320,97
66341,97
66351,95
66360,95
66370,95
66380,95
66391,95
66411,95
66421,95
66431,95
66441,97
66450,97
66460,97
66471,97
66480,97
66491,97
66501,97
66510,97
66520,97
66530,97
66540,97
66550,97
66561,97
66570,97
66591,95
66601,95
66610,95
66640,95
66650,95
66660,95
66681,91
66700,91
66710,91
66720,89
66730,89
66740,89
66750,89
66761,89
66770,89
66801,89
66810,91
66820,91
66831,91
66841,91
66851,91
66860,91
66871,91
66880,91
66900,93
66911,93
66920,93
66930,93
66941,93
66961,93
66970,93
66980,93
66991,95
67000,95
67020,95
67050,93
67060,93
67071,93
67080,93
67090,93
67100,93
67110,93
67120,93
67130,93
67140,93
67150,93
67161,93
67172,95
67190,95
67200,95
67210,95
67220,95
67232,95
67241,95
67250,95
67262,95
67271,95
67280,95
67290,95
67300,95
67320,93
67330,93
67340,93
67370,93
67380,93
67391,93
67401,93
67410,93
67420,93
67431,93
67450,93
67461,93
67471,93
67481,93
67491,95
67501,95
67520,95
67531,95
67541,93
67551,93
67561,93
67571,93
67581,93
67601,95
67631,93
67641,93
67650,93
67661,93
67671,93
67681,95
67691,95
67711,95
67721,95
67731,97
67740,97
67750,97
67761,97
67771,97
67780,97
67800,97
67810,97
67822,95
67831,95
67841,95
67850,95
67861,95
67871,97
67881,97
67890,97
67900,97
67910,97
67920,95
67931,95
67940,95
67950,95
67960,95
67970,95
67981,95
67990,95
68001,95
68011,93
68020,93
68031,93
68040,93
68050,93
68061,95
68071,95
68081,95
68090,95
68100,95
68110,95
68121,95
68130,95
68141,95
68151,93
68161,93
68170,93
68181,93
68191,93
68201,91
68211,91
68220,91
68231,91
68240,93
68250,93
68261,93
68271,93
68280,93
68291,93
68300,93
68310,93
68320,93
68330,93
68340,93
68351,93
68361,93
68370,93
68380,91
68391,91
68400,91
68410,91
68420,91
68431,93
68440,93
68451,93
68460,93
68471,93
68480,91
68491,91
68500,91
68510,91
68521,93
68530,93
68540,93
68550,93
68561,93
68571,93
68580,93
68590,93
68600,93
68610,93
68620,95
68631,95
68641,95
68650,95
68661,93
68671,93
68680,93
68691,93
68700,93
68711,95
68720,95
68730,95
68740,95
68750,95
68760,97
68771,97
68780,97
68790,97
68800,97
68810,97
68820,97
68830,97
68840,97
68851,97
68860,97
68870,97
68880,97
68890,97
68901,97
68910,97
68920,97
68930,97
68940,97
68950,95
68961,95
68970,95
68980,95
68991,97
69000,97
69010,97
69020,97
69031,97
69042,103
69050,103
69060,103
69070,103
69080,103
69091,97
69100,97
69110,97
69120,97
69130,97
69140,95
69151,95
69160,95
69170,95
69182,93
69190,93
69200,93
69210,93
69220,93
69231,93
69240,93
69250,93
69260,93
69270,93
69280,91
69291,91
69300,91
69310,91
69321,91
69330,91
69340,91
69350,91
69360,91
69371,91
69380,91
69390,91
69400,91
69410,91
69420,95
69431,95
69440,95
69450,95
69462,95
69470,95
69480,95
69490,95
69500,95
69511,93
69520,93
69530,93
69540,93
69550,93
69560,93
69571,93
69580,93
69590,93
69600,93
69610,93
69620,93
69631,93
69640,93
69650,93
69661,93
69671,93
69680,93
69691,93
69701,93
69711,93
69720,93
69731,93
69741,93
69751,93
69761,93
69771,93
69780,93
69790,93
69800,93
69811,93
69820,93
69831,93
69840,91
69850,91
69861,91
69870,91
69881,91
69890,91
69901,91
69910,91
69920,91
69930,93
69941,93
69950,93
69961,93
69970,93
69981,93
69990,93
70001,93
70010,93
70021,95
70031,95
70040,95
70050,95
70061,95
70071,95
70081,95
70090,95
70101,95
70110,95
70120,95
70131,95
70141,95
70150,95
70161,95
70170,103
70182,103
70190,103
70200,103
70211,103
70220,103
70230,103
70241,103
70250,103
70261,101
70270,101
70280,101
70290,101
70301,101
70310,99
70321,99
70330,99
70340,99
70350,99
70360,95
70370,95
70380,95
70390,95
70401,95
70410,95
70420,95
70431,95
70441,95
70450,93
70461,93
70470,93
70480,93
70490,93
70500,93
70511,93
70520,93
70530,93
70541,93
70550,93
70560,93
70571,93
70580,93
70591,93
70600,93
70610,93
70620,93
70631,93
70640,93
70650,93
70660,93
70670,93
70681,93
70690,93
70700,93
70710,93
70720,93
70730,93
70741,93
70750,93
70760,93
70770,93
70780,91
70790,91
70800,91
70810,91
70820,91
70831,91
70840,91
70850,91
70860,91
70870,93
70881,93
70890,93
70900,93
70911,93
70920,95
70930,95
70940,95
70950,95
70961,93
70970,93
70980,93
70990,93
71000,93
71010,95
71022,95
71030,95
71040,95
71050,95
71060,97
71072,97
71080,97
71090,97
71102,97
71110,97
71120,97
71130,97
71140,97
71152,95
71160,95
71170,95
71180,95
71190,95
71200,95
71212,95
71220,95
71231,95
71241,95
71250,95
71260,95
71270,95
71280,95
71292,95
71300,95
71310,95
71320,95
71330,95
71340,95
71352,95
71361,95
71370,95
71382,91
71390,91
71400,91
71410,91
71420,91
71432,93
71441,93
71450,93
71460,93
71470,93
71480,93
71492,93
71500,93
71510,93
71521,95
71530,95
71540,95
71551,95
71561,95
71571,95
71581,95
71591,95
71601,95
71611,95
71621,95
71631,95
71641,95
71651,95
71660,95
71671,93
71681,93
71691,93
71701,93
71711,93
71721,93
71731,93
71741,93
71750,93
71760,93
71771,93
71781,93
71791,93
71800,93
71811,95
71821,95
71830,95
71841,95
71851,95
71860,95
71871,95
71881,95
71890,95
71901,95
71911,95
71920,95
71931,95
71941,95
71950,93
71961,93
71970,93
71981,93
71991,93
72001,93
72010,93
72020,93
72031,93
72041,93
72050,93
72061,93
72070,93
72081,93
72090,93
72101,93
72111,93
72120,93
72131,95
72141,95
72150,95
72161,95
72170,95
72182,95
72190,95
72200,95
72210,95
72220,95
72231,95
72241,95
72250,95
72260,95
72270,95
72281,95
72290,95
72300,95
72310,95
72321,95
72330,95
72340,95
72350,95
72360,95
72371,95
72380,95
72390,95
72400,95
72410,95
72420,95
72431,95
72441,95
72450,95
72461,95
72470,95
72480,95
72490,95
72500,95
72511,93
72520,93
72530,93
72540,93
72550,93
72560,95
72571,95
72580,95
72590,95
72600,95
72610,93
72620,93
72631,93
72641,93
72651,93
72660,93
72670,93
72680,93
72691,93
72700,91
72711,91
72720,91
72730,91
72741,91
72750,93
72760,93
72770,93
72780,93
72791,93
72800,93
72810,93
72820,93
72831,93
72841,95
72851,95
72860,95
72870,95
72880,95
72890,95
72900,95
72910,95
72920,95
72931,95
72940,95
72950,95
72960,95
72970,95
72980,95
72991,95
73000,95
73010,95
73020,95
73031,93
73040,93
73050,93
73060,93
73072,93
73080,93
73090,93
73100,93
73110,93
73120,91
73131,91
73140,91
73150,91
73160,91
73170,93
73180,93
73191,93
73200,93
73211,93
73220,93
73231,93
73239,93
73250,93
73261,95
73270,95
73280,95
73290,95
73300,95
73310,97
73321,97
73330,97
73340,97
73351,97
73360,97
73370,97
73380,97
73390,97
73400,95
73410,95
73420,95
73431,95
73441,95
73450,93
73461,93
73471,93
73480,93
73491,93
73500,93
73510,93
73520,93
73530,93
73541,93
73550,93
73560,93
73570,93
73580,93
73590,91
73601,91
73610,91
73620,91
73631,93
73641,93
73650,93
73660,93
73670,93
73681,95
73690,95
73701,95
73711,95
73720,95
73731,93
73741,93
73751,93
73760,93
73770,93
73780,95
73791,95
73800,95
73811,95
73821,97
73831,97
73841,97
73850,97
73861,97
73871,97
73880,97
73890,97
73900,97
73910,97
73920,95
73931,95
73941,95
73950,95
73961,95
73970,95
73980,95
73990,95
74000,95
74011,93
74020,93
74031,93
74040,93
74050,93
74060,93
74071,93
74080,93
74090,93
74101,91
74110,91
74121,91
74130,91
74141,91
74151,93
74160,93
74170,93
74182,93
74191,93
74201,91
74211,91
74220,91
74231,91
74242,95
74250,95
74260,95
74271,95
74280,95
74291,95
74300,95
74310,95
74320,95
74330,95
74340,95
74351,95
74360,95
74370,95
74381,95
74391,95
74400,95
74410,95
74420,95
74431,95
74440,95
74450,95
74460,95
74471,95
74480,95
74491,95
74500,95
74510,95
74520,95
74530,95
74540,95
74550,95
74560,95
74571,95
74580,95
74590,95
74600,95
74610,95
74620,95
74631,95
74641,95
74650,95
74660,95
74671,93
74680,93
74690,93
74700,93
74711,91
74720,91
74730,91
74740,91
74750,91
74760,91
74771,91
74780,91
74790,91
74801,93
74811,93
74820,93
74831,93
74841,93
74851,93
74860,93
74870,93
74880,93
74890,93
74900,95
74911,95
74920,95
74930,95
74940,95
74950,95
74961,95
74970,95
74980,95
74991,97
75000,97
75010,97
75020,97
75031,97
75040,95
75050,95
75060,95
75070,95
75080,95
75090,95
75101,95
75110,95
75120,95
75132,93
75140,93
75150,93
75161,93
75170,93
75182,95
75190,95
75200,95
75210,95
75220,95
75231,95
75241,95
75250,95
75261,95
75272,95
75280,95
75290,95
75300,95
75310,95
75322,93
75330,93
75340,93
75350,93
75361,93
75370,95
75382,95
75391,95
75400,95
75410,95
75420,93
75432,93
75440,93
75450,93
75461,93
75470,93
75481,93
75490,93
75500,93
75510,91
75521,91
75531,91
75540,91
75551,91
75561,93
75570,93
75580,93
75591,93
75602,91
75610,91
75620,91
75631,91
75640,91
75651,91
75661,91
75671,91
75680,91
75690,91
75701,91
75711,91
75721,91
75731,91
75741,95
75751,95
75761,95
75771,95
75781,95
75790,93
75801,93
75811,93
75821,93
75831,93
75841,95
75850,95
75861,95
75871,95
75882,93
75891,93
75901,93
75910,93
75921,93
75931,95
75941,95
75950,95
75960,95
75970,95
75981,93
75991,93
76001,93
76010,93
76021,95
76031,95
76041,95
76050,95
76061,95
76071,91
76081,91
76090,91
76100,91
76110,91
76120,95
76131,95
76141,95
76150,95
76161,93
76170,93
76180,93
76190,93
76200,93
76211,95
76220,95
76231,95
76241,95
76250,95
76261,91
76271,91
76281,91
76290,91
76301,95
76310,95
76320,95
76330,95
76341,95
76351,93
76361,93
76370,93
76381,93
76391,93
76400,95
76411,95
76420,95
76431,95
76441,95
76450,93
76461,93
76470,93
76480,93
76491,97
76500,97
76510,97
76520,97
76530,97
76541,95
76550,95
76560,95
76570,95
76580,95
76591,95
76601,95
76610,95
76620,95
76632,93
76640,93
76650,93
76671,93
76681,95
76690,95
76700,95
76710,95
76720,95
76730,95
76741,95
76751,95
76761,95
76771,95
76780,95
76790,95
76800,95
76810,95
76820,95
76831,95
76839,95
76850,95
76860,95
76871,93
76881,93
76890,93
76900,93
76910,93
76920,95
76931,95
76941,95
76950,95
76960,103
76970,103
76980,103
76990,103
77000,103
77011,99
77020,99
77030,99
77041,99
77050,99
77061,103
77070,103
77080,103
77090,103
77100,103
77110,97
77120,97
77130,97
77140,97
77151,91
77170,91
77180,91
77190,91
77200,91
77211,91
77220,91
77231,91
77241,91
77260,91
77270,91
77280,91
77291,95
77300,95
77310,95
77320,95
77330,95
77341,93
77350,93
77370,93
77380,93
77390,95
77401,95
77410,95
77420,95
77431,93
77441,93
77450,93
77460,93
77470,93
77481,93
77490,93
77500,93
77510,93
77520,93
77530,91
77540,91
77550,91
77560,91
77571,93
77580,93
77590,93
77600,93
77610,93
77620,91
77631,91
77641,91
77650,91
77660,91
77670,95
77681,95
77690,95
77700,95
77712,93
77720,93
77731,93
77740,93
77770,95
77781,95
77791,95
77800,95
77810,91
77820,91
77831,91
77841,91
77851,95
77861,95
77871,95
77880,95
77890,95
77900,93
77910,93
77921,93
77930,93
77940,93
77950,93
77961,93
77970,93
77980,93
77991,93
78000,93
78010,93
78020,93
78031,93
78041,95
78051,95
78060,95
78070,95
78081,95
78090,91
78101,91
78110,91
78120,91
78131,91
78140,91
78151,91
78160,91
78170,91
78181,93
78191,93
78201,93
78210,93
78220,93
78231,93
78240,93
78250,93
78261,93
78271,95
78281,95
78290,95
78301,95
78310,95
78320,93
78331,93
78341,93
78350,93
78360,93
78370,95
78380,95
78390,95
78400,95
78411,97
78420,97
78430,97
78441,97
78450,97
78461,95
78470,95
78480,95
78490,95
78500,95
78510,95
78520,95
78530,95
78540,95
78551,95
78561,95
78570,95
78590,95
78601,97
78610,97
78620,97
78631,97
78641,97
78650,97
78660,97
78680,97
78690,97
78700,99
78711,99
78720,99
78730,99
78740,97
78750,97
78760,97
78780,97
78791,95
78800,95
78810,95
78820,95
78831,95
78840,95
78850,95
78860,95
78870,95
78880,95
78890,99
78901,99
78910,99
78920,99
78930,99
78940,99
78950,99
78970,99
78981,97
79010,97
79020,97
79031,95
79040,95
79050,95
79060,95
79070,95
79080,93
79091,93
79100,93
79110,93
79122,95
79130,95
79140,95
79150,95
79160,95
79171,93
79180,93
79190,93
79200,93
79220,95
79232,95
79240,95
79250,95
79260,93
79270,93
79290,93
79300,93
79312,93
79320,93
79330,93
79340,93
79350,93
79360,91
79372,91
79380,91
79390,91
79402,89
79410,89
79421,89
79431,89
79440,89
79450,91
79460,91
79470,91
79480,91
79490,91
79500,95
79510,95
79520,95
79530,95
79542,93
79550,93
79561,93
79570,93
79580,93
79590,95
79601,95
79610,95
79621,95
79631,95
79641,91
79650,91
79660,91
79671,91
79681,95
79690,95
79701,95
79711,95
79721,95
79731,93
79740,93
79751,93
79761,93
79771,93
79780,93
79791,93
79801,93
79811,93
79822,93
79831,93
79841,93
79851,93
79861,93
79870,97
79880,97
79891,97
79901,97
79911,97
79921,99
79931,99
79941,99
79951,99
79961,97
79971,97
79981,97
79991,97
80000,97
80011,95
80021,95
80030,95
80041,95
80050,95
80061,97
80071,97
80081,97
80111,93
80121,93
80131,93
80140,93
80151,93
80161,93
80170,93
80181,93
80191,93
80200,91
80210,91
80221,91
80231,91
80241,91
80251,95
80260,95
80270,95
80280,95
80292,93
80301,93
80310,93
80320,93
80330,93
80341,91
80351,91
80360,91
80370,91
80380,91
80390,89
80401,89
80410,89
80421,89
80431,87
80441,87
80450,87
80460,87
80470,87
80480,89
80491,89
80500,89
80510,89
80521,93
80530,93
80540,93
80550,93
80560,93
80571,91
80580,91
80590,91
80600,91
80610,91
80621,95
80631,95
80640,95
80650,95
80661,95
80670,93
80680,93
80690,93
80700,93
80711,95
80720,95
80730,95
80740,95
80750,95
80760,93
80771,93
80780,93
80790,93
80800,93
80810,95
80821,95
80831,95
80840,95
80851,95
80860,95
80870,95
80880,95
80890,95
80901,95
80910,95
80921,95
80930,95
80940,95
80950,95
80961,95
80970,95
80980,95
80991,95
81000,95
81010,95
81021,95
81031,95
81041,95
81050,95
81060,95
81070,95
81080,95
81090,95
81100,95
81110,95
81120,95
81131,95
81140,93
81150,93
81160,93
81171,93
81181,95
81190,95
81200,95
81210,95
81221,95
81231,95
81240,95
81250,95
81260,95
81271,95
81280,95
81291,95
81300,95
81310,95
81321,95
81330,95
81340,95
81350,95
81360,95
81371,95
81380,95
81390,95
81400,95
81410,95
81420,95
81431,95
81440,95
81450,95
81460,95
81470,95
81481,95
81490,95
81500,95
81512,99
81520,99
81530,99
81540,99
81550,99
81561,95
81570,95
81580,95
81590,95
81600,95
81610,95
81621,95
81631,95
81640,95
81650,95
81660,93
81671,93
81680,93
81690,93
81701,93
81710,93
81720,93
81730,93
81740,93
81751,93
81760,93
81770,93
81780,93
81790,93
81800,93
81810,93
81821,93
81831,93
81841,91
81851,91
81861,91
81870,91
81881,91
81891,91
81900,91
81910,91
81920,91
81930,91
81940,93
81951,93
81961,93
81971,93
81981,93
81991,93
82000,93
82011,93
82020,93
82031,95
82040,95
82050,95
82061,95
82071,95
82080,93
82091,93
82101,93
82110,93
82121,95
82130,95
82141,95
82150,95
82161,95
82171,95
82181,95
82190,95
82200,95
82210,95
82221,95
82231,95
82240,95
82250,95
82260,93
82270,93
82280,93
82290,93
82300,93
82311,95
82320,95
82330,95
82341,95
82350,95
82360,95
82371,95
82381,95
82390,95
82401,93
82410,93
82421,93
82431,93
82441,93
82451,91
82460,91
82471,91
82481,91
82490,91
82500,93
82511,93
82520,93
82530,93
82542,93
82550,93
82560,93
82570,93
82581,93
82591,95
82600,95
82610,95
82621,95
82631,95
82640,95
82651,95
82660,95
82670,95
82681,95
82690,95
82700,95
82710,95
82720,95
82731,95
82740,95
82750,95
82760,95
82770,95
82780,95
82791,95
82800,95
82810,95
82821,93
82831,93
82840,93
82850,93
82860,93
82871,95
82880,95
82890,95
82900,95
82910,95
82920,95
82930,95
82940,95
82950,95
82960,95
82970,97
82981,97
82990,97
83000,97
83011,101
83021,101
83031,101
83040,101
83050,101
83061,97
83070,97
83080,97
83090,97
83100,97
83110,95
83121,95
83130,95
83140,95
83151,95
83160,95
83170,95
83180,95
83191,95
83201,91
83210,91
83220,91
83231,91
83240,91
83250,93
83261,93
83271,93
83280,93
83292,93
83300,91
83310,91
83320,91
83330,91
83342,95
83350,95
83360,95
83370,95
83380,95
83391,95
83400,95
83410,95
83420,95
83431,95
83440,97
83451,97
83460,97
83471,97
83480,95
83490,95
83500,95
83510,95
83520,95
83531,95
83540,95
83550,95
83560,95
83570,95
83580,91
83591,91
83601,91
83610,91
83622,93
83631,93
83640,93
83650,93
83660,93
83671,93
83681,93
83690,93
83700,93
83710,93
83721,93
83730,93
83740,93
83751,93
83761,93
83771,93
83781,93
83791,93
83801,93
83811,95
83821,95
83831,95
83841,95
83851,95
83861,95
83871,95
83881,95
83890,95
83901,95
83911,95
83921,95
83931,95
83941,95
83951,95
83961,95
83970,95
83980,95
83990,95
84001,97
84011,97
84021,97
84031,97
84041,97
84051,95
84061,95
84071,95
84080,95
84091,95
84100,95
84110,95
84120,95
84130,95
84140,93
84151,93
84161,93
84171,93
84180,93
84191,91
84200,91
84210,91
84220,91
84231,91
84240,91
84250,91
84260,91
84270,91
84280,91
84291,91
84301,91
84310,91
84320,91
84330,91
84341,91
84350,91
84360,91
84371,91
84381,91
84390,91
84401,91
84410,91
84421,93
84431,93
84441,93
84450,93
84462,93
84470,93
84481,93
84490,93
84501,93
84511,91
84520,91
84530,91
84541,91
84550,91
84560,93
84571,93
84580,93
84591,93
84601,91
84610,91
84621,91
84631,91
84641,91
84650,91
84661,91
84671,91
84680,91
84690,91
84700,93
84711,93
84720,93
84730,93
84741,95
84750,95
84760,95
84770,95
84780,95
84791,95
84800,95
84810,95
84821,95
84831,95
84840,95
84851,95
84860,95
84871,95
84881,95
84890,95
84900,95
84910,95
84919,95
84931,95
84940,95
84950,95
84960,95
84970,95
84980,95
84991,95
85000,95
85010,95
85021,93
85031,93
85040,93
85050,93
85060,93
85071,95
85080,95
85090,95
85100,95
85110,95
85120,95
85131,95
85140,95
85150,95
85160,95
85170,95
85180,95
85190,95
85200,95
85211,95
85221,95
85231,95
85240,95
85250,95
85260,97
85270,97
85280,97
85290,97
85300,97
85310,95
85321,95
85330,95
85340,95
85351,95
85360,95
85370,95
85380,95
85390,95
85400,93
85411,93
85420,93
85431,93
85440,93
85450,91
85461,91
85470,91
85480,91
85491,93
85500,93
85510,93
85521,93
85530,93
85541,93
85550,93
85560,93
85570,93
85580,93
85590,93
85601,93
85610,93
85620,93
85631,93
85640,95
85651,95
85660,95
85670,95
85681,95
85690,95
85700,95
85710,95
85721,95
85731,95
85740,95
85750,95
85760,95
85770,95
85780,93
85790,93
85800,93
85810,93
85821,93
85831,93
85840,93
85850,93
85860,93
85871,93
85880,93
85890,93
85900,93
85911,93
85921,93
85931,93
85941,93
85951,93
85961,91
85971,91
85980,91
85991,91
86000,91
86011,91
86020,91
86030,91
86040,91
86051,91
86061,93
86070,93
86080,93
86091,93
86101,93
86110,93
86120,93
86130,93
86140,93
86150,93
86160,93
86171,93
86181,93
86190,93
86201,95
86211,95
86220,95
86231,95
86241,95
86251,95
86260,95
86270,95
86280,95
86291,95
86300,95
86310,95
86321,95
86330,95
86340,95
86351,95
86361,95
86370,95
86381,95
86390,95
86401,95
86410,95
86420,95
86431,95
86440,95
86450,95
86460,95
86470,95
86480,93
86491,93
86500,93
86510,93
86520,93
86530,93
86540,93
86550,93
86560,93
86571,93
86580,93
86590,93
86600,93
86610,93
86620,97
86631,97
86640,97
86650,97
86660,97
86670,97
86681,97
86690,97
86700,97
86712,95
86721,95
86730,95
86740,95
86750,95
86761,95
86770,95
86780,95
86790,95
86800,95
86810,95
86821,95
86831,95
86840,95
86850,95
86860,95
86870,95
86880,95
86890,95
86901,93
86910,93
86920,93
86930,93
86940,93
86950,93
86960,93
86970,93
86980,93
86990,93
87000,93
87010,93
87021,93
87031,93
87041,93
87050,93
87060,93
87071,93
87080,93
87090,93
87101,93
87110,93
87120,93
87130,93
87140,93
87151,93
87160,93
87170,93
87181,95
87190,95
87200,95
87210,95
87221,95
87231,93
87240,93
87250,93
87260,93
87270,93
87280,95
87291,95
87300,95
87310,95
87320,93
87330,93
87340,93
87350,93
87360,93
87371,95
87380,95
87390,95
87400,95
87410,95
87420,93
87432,93
87440,93
87450,93
87462,95
87470,95
87480,95
87490,95
87500,95
87512,93
87520,93
87531,93
87540,93
87550,93
87560,95
87572,95
87580,95
87590,95
87602,93
87610,93
87621,93
87631,93
87641,93
87651,87
87660,87
87670,87
87681,87
87690,87
87700,89
87712,89
87721,89
87730,89
87741,91
87750,91
87760,91
87770,91
87780,91
87791,91
87801,91
87810,91
87821,91
87831,91
87841,93
87851,93
87861,93
87871,93
87880,93
87891,93
87901,93
87911,93
87921,93
87931,95
87940,95
87951,95
87961,95
87971,95
87981,95
87991,95
88001,95
88011,95
88020,95
88031,95
88040,95
88051,95
88061,95
88071,93
88081,93
88090,93
88101,93
88111,93
88121,95
88131,95
88141,95
88150,95
88161,95
88171,93
88181,93
88191,93
88201,93
88211,93
88221,93
88231,93
88240,93
88251,93
88261,93
88270,93
88280,93
88291,93
88300,93
88311,95
88320,95
88331,95
88340,95
88351,93
88360,93
88370,93
88380,93
88390,93
88400,93
88411,93
88421,93
88431,93
88441,93
88450,91
88461,91
88470,91
88480,91
88491,95
88500,95
88510,95
88521,95
88530,95
88541,95
88550,95
88560,95
88570,95
88580,95
88590,95
88601,95
88610,95
88621,95
88631,95
88640,97
88651,97
88660,97
88670,97
88680,97
88690,97
88700,97
88710,97
88721,97
88731,95
88740,95
88750,95
88760,95
88770,95
88780,95
88791,95
88800,95
88810,95
88821,91
88831,91
88840,91
88850,91
88860,91
88871,93
88880,93
88890,93
88900,93
88910,93
88921,91
88931,91
88940,91
88950,91
88961,93
88970,93
88980,93
88991,93
89000,93
89011,91
89021,91
89031,91
89040,91
89050,91
89060,95
89071,95
89080,95
89090,95
89100,93
89110,93
89121,93
89130,93
89140,93
89151,93
89160,93
89170,93
89180,93
89190,93
89200,93
89211,93
89221,93
89231,93
89241,93
89250,95
89260,95
89271,95
89280,95
89291,95
89300,95
89310,95
89321,95
89330,95
89340,95
89351,95
89360,95
89370,95
89380,95
89391,95
89401,95
89410,95
89421,95
89431,95
89440,95
89450,95
89460,95
89471,95
89481,95
89490,95
89500,95
89510,95
89521,95
89530,93
89540,93
89551,93
89560,93
89571,91
89580,91
89590,91
89600,91
89610,91
89621,93
89631,93
89640,93
89651,93
89660,93
89670,95
89681,95
89690,95
89700,95
89711,95
89720,95
89730,95
89740,95
89750,95
89761,95
89770,95
89780,95
89790,95
89800,95
89811,95
89821,95
89831,95
89840,95
89850,95
89860,95
89870,95
89880,95
89890,95
89900,93
89910,93
89921,93
89930,93
89940,93
89951,95
89960,95
89971,95
89981,95
89991,95
90000,93
90011,93
90020,93
90031,93
90041,93
90051,95
90061,95
90071,95
90080,95
90091,93
90100,93
90111,93
90120,93
90131,93
90141,95
90151,95
90161,95
90171,95
90181,95
90191,93
90201,93
90210,93
90221,93
90231,93
90240,93
90250,93
90261,93
90271,93
90281,91
90290,91
90300,91
90310,91
90320,91
90330,91
90341,91
90351,91
90361,91
90371,91
90380,91
90390,91
90400,91
90410,91
90420,93
90431,93
90441,93
90451,93
90460,93
90470,93
90481,93
90490,93
90500,93
90511,95
90521,95
90530,95
90540,95
90550,95
90561,101
90570,101
90580,101
90590,101
90600,101
90611,99
90621,99
90631,99
90640,99
90650,99
90660,95
90671,95
90680,95
90690,95
90701,95
90710,95
90721,95
90730,95
90740,95
90751,89
90760,89
90770,89
90780,89
90791,89
90800,87
90811,87
90821,87
90831,87
90841,87
90850,87
90860,87
90871,87
90880,87
90890,89
90901,89
90910,89
90920,89
90930,89
90940,91
90950,91
90960,91
90970,91
90981,95
90990,95
91000,95
91031,95
91040,95
91050,95
91060,95
91071,95
91080,99
91091,99
91100,99
91110,99
91121,99
91130,97
91140,97
91150,97
91160,97
91171,97
91180,97
91190,97
91200,97
91210,97
91220,95
91231,95
91240,95
91250,95
91260,95
91270,95
91281,95
91290,95
91300,95
91312,97
91321,97
91330,97
91340,97
91350,97
91362,95
91370,95
91380,95
91390,95
91400,95
91410,97
91420,97
91431,97
91450,97
91460,95
91471,95
91480,95
91490,95
91502,95
91510,95
91521,95
91530,95
91540,95
91552,93
91560,93
91570,93
91580,93
91590,93
91600,95
91611,95
91622,95
91631,95
91640,95
91650,93
91660,93
91670,93
91680,93
91692,95
91700,95
91710,95
91721,95
91730,95
91740,91
91751,91
91760,91
91771,91
91780,91
91790,95
91800,95
91810,95
91822,95
91831,95
91840,95
91850,95
91860,95
91871,95
91881,95
91890,95
91901,95
91911,95
91921,95
91931,95
91941,95
91951,95
91961,95
91971,93
91981,93
91991,93
92001,93
92011,93
92021,91
92031,91
92041,91
92050,91
92061,91
92071,93
92081,93
92091,93
92100,93
92111,91
92121,91
92130,91
92141,91
92151,91
92161,93
92170,93
92181,93
92191,93
92201,93
92210,93
92221,93
92231,93
92241,93
92251,95
92261,95
92271,95
92281,95
92291,95
92301,95
92310,95
92320,95
92330,95
92341,95
92350,95
92361,95
92370,95
92381,95
92391,95
92399,95
92410,95
92421,95
92431,95
92440,95
92450,95
92460,95
92471,95
92480,95
92490,93
92501,93
92510,93
92521,93
92531,89
92540,89
92550,89
92560,89
92570,89
92581,91
92590,91
92601,91
92610,91
92620,91
92631,93
92641,93
92650,93
92660,93
92671,93
92680,93
92690,93
92700,93
92710,93
92721,93
92730,93
92740,93
92750,93
92760,93
92770,93
92780,93
92790,93
92800,93
92810,93
92820,95
92831,95
92841,95
92850,95
92861,95
92871,95
92880,95
92890,95
92900,95
92910,95
92921,95
92930,95
92940,95
92950,95
92960,93
92971,93
92980,93
92990,93
93001,95
93010,95
93020,95
93031,95
93041,95
93051,95
93060,95
93071,95
93080,95
93090,95
93100,95
93111,95
93121,95
93130,95
93140,95
93150,93
93160,93
93170,93
93180,93
93191,95
93200,95
93210,95
93220,95
93231,95
93241,93
93251,93
93260,93
93270,93
93281,93
93290,93
93300,93
93310,93
93320,93
93331,91
93340,91
93350,91
93360,91
93370,91
93380,95
93390,95
93400,95
93410,95
93420,95
93430,95
93441,95
93450,95
93460,95
93471,95
93480,95
93490,95
93500,95
93510,95
93520,93
93530,93
93540,93
93550,93
93560,93
93570,93
93581,93
93590,93
93600,93
93611,93
93620,93
93631,93
93640,93
93650,93
93661,95
93670,95
93680,95
93690,95
93700,95
93710,93
93721,93
93730,93
93740,93
93750,93
93760,95
93770,95
93780,95
93790,95
93801,93
93810,93
93821,93
93831,93
93840,93
93850,91
93861,91
93870,91
93880,91
93891,91
93900,91
93910,91
93920,91
93930,91
93941,91
93950,91
93960,91
93970,91
93980,91
93990,91
94001,91
94010,91
94020,91
94031,91
94040,91
94050,91
94061,91
94071,91
94081,93
94091,93
94101,93
94110,93
94121,93
94130,93
94141,93
94151,93
94160,93
94171,95
94180,95
94191,95
94200,95
94211,95
94220,91
94230,91
94241,91
94251,91
94260,91
94271,93
94281,93
94291,93
94301,93
94311,93
94320,93
94331,93
94341,93
94371,93
94380,93
94390,93
94400,93
94410,93
94421,93
94431,93
94441,93
94451,93
94460,93
94470,93
94480,93
94490,93
94501,93
94510,93
94520,93
94530,93
94540,93
94550,93
94561,93
94570,93
94580,93
94591,93
94600,93
94610,93
94621,93
94631,93
94640,93
94650,93
94660,93
94670,93
94680,93
94690,93
94700,93
94710,93
94721,93
94731,91
94740,91
94750,91
94760,91
94770,91
94780,93
94790,93
94800,93
94810,93
94820,93
94831,91
94840,91
94850,91
94860,91
94872,95
94880,95
94890,95
94900,95
94910,95
94921,99
94930,99
94940,99
94950,99
94960,99
94970,97
94981,97
94990,97
95000,97
95010,97
95031,95
95040,95
95061,95
95070,95
95080,95
95090,95
95100,95
95111,91
95120,91
95130,91
95140,91
95150,91
95160,89
95171,89
95180,89
95190,89
95200,89
95210,89
95220,89
95230,89
95241,89
95251,93
95260,93
95270,93
95280,93
95290,93
95301,95
95310,95
95321,95
95330,95
95340,95
95350,95
95361,95
95370,95
95380,95
95390,95
95400,95
95410,95
95421,95
95430,95
95442,95
95450,95
95460,95
95470,95
95480,95
95492,95
95500,95
95510,95
95520,95
95530,95
95540,95
95552,95
95560,95
95601,97
95610,97
95620,97
95632,97
95641,97
95650,97
95660,97
95670,97
95680,99
95690,99
95700,99
95710,99
95720,99
95732,97
95740,97
95750,97
95760,97
95770,97
95781,97
95790,97
95801,97
95810,97
95820,97
95830,95
95841,95
95850,95
95860,95
95870,95
95880,93
95890,93
95900,93
95910,93
95922,91
95930,91
95941,91
95951,91
95961,91
95970,89
95981,89
95991,89
96000,89
96011,89
96021,91
96031,91
96041,91
96071,91
96091,91
96101,91
96111,95
96121,95
96141,95
96151,95
96171,91
96181,91
96191,91
96200,91
96211,95
96220,95
96250,95
96260,95
96280,95
96291,95
96301,95
96310,95
96321,95
96331,95
96341,95
96350,91
96360,91
96371,91
96381,91
96391,91
96400,91
96411,91
96420,91
96431,91
96440,91
96460,91
96471,91
96480,91
96491,93
96500,93
96510,93
96520,93
96530,93
96541,91
96551,91
96560,91
96570,91
96580,91
96590,95
96601,95
96610,95
96621,95
96632,93
96650,93
96660,93
96670,93
96680,95
96690,95
96700,95
96710,95
96720,95
96731,93
96740,93
96750,93
96760,93
96770,93
96780,97
96791,97
96800,97
96810,97
96821,97
96831,95
96840,95
96850,95
96860,95
96871,95
96881,95
96890,95
96900,95
96910,95
96921,95
96930,95
96940,95
96950,95
96961,95
96970,97
96980,97
96990,97
97001,97
97010,97
97021,95
97031,95
97040,95
97050,95
97060,95
97070,97
97081,97
97090,97
97100,97
97111,95
97121,95
97130,95
97140,95
97150,95
97161,95
97170,95
97180,95
97190,95
97200,95
97211,95
97221,95
97231,95
97240,95
97250,95
97260,95
97271,95
97280,95
97290,95
97301,91
97310,91
97320,91
97330,91
97340,91
97351,93
97360,93
97370,93
97380,93
97390,93
97400,91
97410,91
97420,91
97431,91
97441,91
97450,91
97460,91
97470,91
97480,91
97491,91
97500,91
97510,91
97521,91
97530,91
97541,93
97550,93
97560,93
97570,93
97580,93
97591,95
97601,95
97610,95
97621,95
97631,95
97640,93
97651,93
97660,93
97670,93
97680,93
97690,95
97701,95
97710,95
97720,95
97730,97
97740,97
97750,97
97761,97
97770,97
97781,97
97790,97
97800,97
97810,97
97821,97
97831,95
97840,95
97850,95
97860,95
97870,95
97881,93
97891,93
97900,93
97910,93
97921,93
97930,93
97940,93
97950,93
97959,93
97971,93
97980,93
97990,93
98001,93
98010,93
98020,91
98031,91
98040,91
98050,91
98060,91
98070,91
98081,91
98090,91
98101,91
98111,95
98120,95
98130,95
98140,95
98151,95
98161,93
98220,91
98251,91
98261,91
98271,91
98291,91
98301,95
98310,95
98320,95
98331,95
98341,95
98351,93
98360,93
98391,93
98400,95
98410,95
98420,95
98431,95
98440,95
98451,93
98461,93
98470,93
98481,93
98491,93
98500,95
98510,95
98521,95
98530,95
98550,93
98560,93
98591,95
98601,95
98610,95
98621,95
98631,95
98640,93
98651,93
98660,93
98670,93
98680,93
98690,95
98700,95
98710,95
98721,95
98731,93
98740,93
98750,93
98761,93
98770,93
98780,93
98790,93
98801,93
98810,93
98820,93
98831,91
98840,91
98850,91
98860,91
98870,91
98881,95
98891,95
98900,95
98910,95
98920,93
98930,93
98940,93
98950,93
98990,95
99000,95
99010,95
99021,95
99031,95
99040,95
99050,95
99060,95
99070,97
99081,97
99090,97
99100,97
99110,97
99121,101
99131,101
99140,101
99150,101
99161,101
99170,97
99180,97
99190,97
99201,97
99211,95
99220,95
99231,95
99240,95
99250,95
99290,95
99300,95
99311,93
99321,93
99330,93
99340,93
99350,93
99371,93
99390,93
99400,91
99410,91
99420,91
99431,91
99440,91
99451,93
99460,93
99471,93
99481,93
99490,93
99500,91
99511,91
99520,91
99530,91
99540,91
99550,87
99561,87
99570,87
99580,87
99600,89
99610,89
99620,89
99631,89
99641,93
99650,93
99660,93
99670,93
99680,93
99690,99
99700,99
99710,99
99719,99
99730,99
99741,97
99751,97
99760,97
99770,97
99801,95
99810,95
99820,95
99832,95
99841,95
99850,95
99860,95
99870,95
99881,93
99900,93
99910,93
99921,93
99930,93
99942,93
99950,93
99961,93
99991,91
100001,91
100010,91
100022,95
100031,95
100041,95
100051,95
100061,95
100071,93
100081,93
100091,93
100101,93
100111,93
100121,95
100131,95
100141,95
100151,95
100161,95
100170,91
100180,91
100191,91
100201,91
100211,93
100221,93
100230,93
100241,93
100250,93
100261,91
100270,91
100291,91
100301,91
100310,89
100321,89
100331,89
100340,89
100351,91
100361,91
100370,91
100381,91
100391,91
100400,95
100411,95
100420,95
100431,95
100440,95
100451,93
100461,93
100470,93
100481,93
100490,93
100500,95
100511,95
100520,95
100530,95
100541,95
100550,93
100560,93
100570,93
100591,95
100600,95
100610,95
100620,95
100631,95
100641,93
100650,93
100660,93
100670,93
100701,91
100710,91
100720,91
100731,91
100740,91
100750,91
100761,91
100770,91
100781,93
100790,93
100801,93
100810,93
100820,93
100831,93
100840,93
100850,93
100860,93
100870,93
100881,93
100891,93
100900,93
100910,93
100921,93
100930,95
100941,95
100950,95
100961,95
100970,97
100980,97
100990,97
101001,97
101010,97
101021,97
101031,97
101040,97
101050,97
101060,97
101071,95
101081,95
101090,95
101100,95
101110,95
101119,93
101131,93
101141,93
101150,93
101160,93
101170,95
101181,95
101190,95
101200,95
101211,93
101221,93
101231,93
101240,93
101250,93
101261,95
101270,95
101281,95
101290,95
101300,95
101311,91
101320,91
101330,91
101341,91
101350,91
101361,95
101371,95
101380,95
101390,95
101401,95
101410,95
101420,95
101431,95
101440,95
101450,95
101460,95
101470,95
101481,95
101490,95
101501,93
101510,93
101520,93
101530,93
101540,93
101551,95
101561,95
101570,95
101580,95
101590,95
101601,95
101611,95
101620,95
101631,95
101640,95
101650,95
101660,95
101670,95
101681,95
101692,91
101700,91
101710,91
101721,91
101730,91
101740,93
101750,93
101761,93
101770,93
101780,93
101790,91
101801,91
101810,91
101820,91
101830,91
101840,93
101850,93
101860,93
101870,93
101881,91
101890,91
101900,91
101911,91
101919,91
101931,95
101941,95
101950,95
101961,95
101970,95
101981,91
101991,91
102001,91
102010,91
102021,91
102030,87
102041,87
102050,87
102060,87
102071,89
102081,89
102091,89
102100,89
102110,89
102121,91
102130,91
102141,91
102151,91
102160,91
102171,91
102181,91
102191,91
102201,91
102211,93
102220,93
102231,93
102240,93
102250,93
102261,91
102271,91
102281,91
102291,91
102301,91
102311,93
102319,93
102330,93
102341,93
102351,93
102361,93
102371,93
102381,93
102390,93
102400,93
102410,93
102420,93
102431,93
102440,93
102451,93
102461,93
102470,93
102480,93
102491,93
102501,97
102510,97
102519,97
102530,97
102541,97
102550,97
102561,97
102570,97
102580,97
102590,97
102601,95
102611,95
102620,95
102631,95
102640,95
102651,95
102660,95
102670,95
102681,95
102691,95
102700,95
102710,95
102720,95
102730,95
102740,97
102750,97
102760,97
102771,97
102780,97
102790,95
102801,95
102810,95
102821,95
102831,95
102841,95
102851,95
102860,95
102870,95
102880,93
102890,93
102900,93
102910,93
102920,93
102931,93
102941,93
102950,93
102959,93
102971,93
102980,91
102991,91
103000,91
103010,91
103021,91
103030,93
103041,93
103050,93
103060,93
103070,93
103081,93
103090,93
103100,93
103110,93
103121,93
103130,93
103141,93
103150,93
103160,93
103171,95
103180,95
103190,95
103200,95
103210,95
103221,97
103231,97
103240,97
103250,97
103260,97
103270,97
103281,97
103290,97
103300,97
103311,95
103320,95
103330,95
103341,95
103350,95
103361,95
103370,95
103380,95
103390,95
103401,95
103411,93
103421,93
103430,93
103441,93
103451,93
103460,95
103471,95
103481,95
103491,95
103500,95
103510,93
103520,93
103530,93
103541,93
103551,93
103560,93
103570,93
103580,93
103591,93
103600,91
103611,91
103621,91
103631,91
103640,91
103650,93
103661,93
103670,93
103681,93
103692,93
103700,95
103711,95
103721,95
103730,95
103742,93
103750,93
103759,93
103771,93
103780,93
103792,93
103801,93
103811,93
103821,93
103831,93
103841,93
103851,93
103860,93
103870,93
103881,93
103892,93
103901,93
103912,93
103921,93
103932,91
103941,91
103950,91
103960,91
103970,91
103981,91
103991,91
104001,91
104011,91
104021,91
104031,93
104041,93
104050,93
104060,93
104071,91
104081,91
104092,91
104101,91
104120,91
104131,91
104151,91
104159,91
104171,91
104181,91
104191,91
104201,91
104211,91
104221,93
104231,93
104241,93
104251,93
104260,93
104271,93
104281,93
104291,93
104301,93
104311,95
104321,95
104331,95
104341,95
104351,95
104360,93
104371,93
104380,93
104391,93
104401,93
104411,95
104420,95
104430,95
104440,95
104451,95
104460,95
104470,95
104480,95
104491,95
104501,95
104511,95
104521,95
104531,95
104541,95
104551,95
104559,95
104571,95
104580,95
104591,95
104600,95
104610,95
104621,95
104631,95
104640,95
104660,95
104680,95
104691,95
104700,95
104711,95
104721,95
104730,95
104740,97
104750,97
104771,97
104780,97
104791,95
104800,95
104821,95
104830,95
104841,95
104851,95
104860,95
104870,95
104879,95
104891,95
104901,95
104910,95
104920,95
104930,95
104941,93
104950,93
104960,93
104971,93
104982,95
104990,95
105001,95
105011,95
105020,95
105031,95
105040,95
105051,95
105060,95
105070,95
105081,95
105090,95
105100,95
105110,95
105119,95
105130,93
105141,93
105150,93
105159,93
105171,93
105180,95
105190,95
105200,95
105211,95
105220,93
105230,93
105240,93
105251,93
105260,93
105271,93
105280,93
105291,93
105300,93
105310,93
105319,91
105331,91
105341,91
105350,91
105359,91
105371,93
105381,93
105390,93
105400,93
105411,93
105421,93
105431,93
105439,93
105451,93
105461,93
105470,93
105500,93
105510,91
105521,91
105530,91
105540,91
105550,91
105560,93
105570,93
105580,93
105590,93
105601,91
105610,91
105620,91
105661,89
105670,89
105680,89
105691,89
105700,91
105711,91
105721,91
105730,91
105741,93
105750,93
105759,93
105770,93
105781,93
105791,93
105799,93
105820,93
105831,93
105840,93
105851,93
105861,93
105870,93
105880,93
105891,93
105901,93
105919,93
105930,93
105941,97
105951,97
105959,97
105971,97
105980,97
105990,107
106001,107
106040,99
106051,99
106070,99
106081,99
106091,99
106101,99
106110,99
106120,99
106130,97
106141,97
106150,97
106160,97
106171,97
106180,97
106191,97
106200,97
106220,97
106231,95
106241,95
106251,95
106260,95
106271,95
106280,97
106290,97
106300,97
106311,97
106330,95
106340,95
106351,95
106359,95
106371,95
106381,95
106390,95
106400,95
106440,95
106451,95
106461,95
106470,93
106481,93
106491,93
106500,93
106510,95
106520,95
106531,95
106540,95
106550,95
106561,93
106590,93
106599,93
106621,93
106651,93
106661,93
106671,93
106680,93
106691,93
106701,93
106710,95
106720,95
106730,95
106740,95
106751,95
106760,95
106771,95
106780,95
106790,95
106800,93
106811,93
106820,93
106831,93
106840,93
106851,91
106861,91
106871,91
106881,91
106891,95
106901,95
106910,95
106920,95
106930,95
106941,93
106950,93
106960,93
106971,93
106981,93
106990,93
107001,93
107011,93
107021,93
107031,93
107039,91
107051,91
107061,91
107070,91
107081,93
107091,93
107100,93
107110,93
107121,93
107131,93
107159,93
107171,93
107180,95
107200,95
107211,95
107221,95
107231,95
107241,95
107251,95
107260,95
107271,95
107280,95
107291,95
107300,95
107310,95
107321,95
107330,95
107341,95
107350,95
107360,95
107371,95
107380,95
107390,95
107400,95
107410,95
107421,93
107431,93
107440,93
107450,93
107461,93
107470,95
107480,95
107491,95
107500,95
107531,93
107540,93
107550,93
107560,91
107571,91
107581,91
107591,91
107599,91
107640,91
107652,91
107661,91
107670,91
107680,91
107691,91
107701,93
107710,93
107720,93
107731,93
107742,93
107751,95
107760,95
107770,95
107782,95
107790,95
107800,95
107811,95
107822,95
107831,95
107840,95
107851,95
107862,95
107870,95
107879,95
107891,95
107901,95
107910,95
107921,95
107930,95
107942,95
107950,95
107961,95
107971,95
107982,95
107991,95
108001,95
108011,95
108022,95
108031,95
108041,95
108051,95
108061,95
108071,95
108081,95
108091,95
108101,95
108111,95
108121,95
108131,95
108141,95
108151,95
108161,95
108171,95
108181,95
108191,95
108201,95
108211,95
108221,95
108231,95
108241,95
108251,95
108261,95
108271,95
108281,95
108290,95
108301,95
108311,95
108321,95
108331,95
108341,95
108351,95
108361,95
108371,93
108381,93
108390,93
108401,93
108410,93
108422,95
108431,95
108441,95
108451,95
108460,95
108471,93
108481,93
108490,93
108501,93
108511,93
108521,93
108531,93
108541,93
108551,93
108561,93
108570,91
108580,91
108590,91
108601,91
108611,93
108621,93
108631,93
108640,93
108650,93
108661,91
108670,91
108680,91
108690,91
108720,89
108731,89
108741,89
108752,91
108761,91
108771,91
108781,91
108791,91
108801,95
108810,95
108821,95
108831,95
108840,95
108851,97
108861,97
108870,97
108880,97
108891,97
108901,95
108911,95
108921,95
108931,95
108941,95
108950,97
108961,97
108971,97
108981,97
108991,95
109001,95
109010,95
109021,95
109031,95
109041,95
109050,95
109061,95
109070,95
109081,95
109091,95
109101,95
109110,95
109120,95
109130,95
109141,93
109151,93
109160,93
109171,93
109180,93
109191,93
109201,93
109210,93
109221,93
109232,95
109240,95
109251,95
109261,95
109271,95
109281,93
109290,93
109301,93
109310,93
109321,93
109331,95
109341,95
109351,95
109361,95
109371,95
109381,93
109391,93
109401,93
109410,93
109421,95
109431,95
109440,95
109450,95
109461,95
109471,93
109481,93
109490,93
109501,93
109511,93
109519,95
109530,95
109541,95
109550,95
109561,95
109571,93
109581,93
109590,93
109601,93
109611,95
109620,95
109631,95
109640,95
109651,95
109660,93
109671,93
109680,93
109691,93
109701,93
109710,93
109720,93
109731,93
109740,93
109751,93
109761,91
109771,91
109781,91
109790,91
109801,93
109810,93
109820,93
109831,93
109841,93
109851,91
109861,91
109871,91
109881,91
109890,91
109911,95
109920,95
109931,95
109940,95
109951,97
109961,97
109981,97
109991,97
110001,101
110010,101
110021,101
110031,101
110041,97
110050,97
110061,97
110071,97
110081,97
110091,97
110101,97
110111,97
110121,97
110131,97
110140,95
110150,95
110161,95
110170,95
110181,95
110190,95
110201,95
110220,95
110231,93
110240,93
110250,93
110261,93
110271,93
110281,91
110290,91
110301,91
110311,91
110321,91
110331,93
110341,93
110351,93
110361,93
110370,93
110381,93
110390,93
110401,93
110411,93
110421,93
110431,93
110441,93
110450,93
110461,93
110471,93
110480,93
110491,93
110500,93
110511,93
110520,93
110530,93
110541,93
110560,93
110571,93
110600,93
110611,87
110621,87
110651,87
110671,89
110681,89
110690,89
110701,89
110711,93
110720,93
110731,93
110740,93
110751,93
110761,93
110771,93
110781,93
110790,93
110800,93
110811,93
110820,93
110831,93
110840,93
110851,93
110861,93
110870,93
110881,93
110890,93
110901,93
110911,93
110919,93
110931,93
110941,95
110951,95
110961,95
110970,95
110981,95
110991,95
111001,95
111010,95
111021,95
111031,95
111041,93
111051,93
111061,93
111071,93
111080,95
111091,95
111101,95
111111,95
111121,95
111131,93
111160,93
111181,95
111191,95
111201,95
111211,95
111221,95
111231,91
111251,91
111261,91
111271,95
111281,95
111290,95
111301,95
111311,95
111321,93
111330,93
111360,93
111371,95
111381,95
111391,95
111421,93
111431,93
111441,93
111461,93
111471,95
111481,95
111490,95
111501,95
111511,99
111520,99
111531,99
111541,99
111561,97
111581,97
111601,97
111611,97
111630,97
111661,97
111671,97
111681,97
111690,97
111701,97
111711,95
111721,95
111731,95
111741,95
111752,93
111761,93
111770,93
111781,93
111791,93
111801,91
111811,91
111821,91
111832,91
111840,91
111851,93
111862,93
111871,93
111881,93
111890,93
111901,91
111912,91
111920,91
111932,91
111942,93
111952,93
111960,93
111970,93
111981,93
111992,91
112001,91
112010,91
112021,91
112032,91
112041,95
112050,95
112061,95
112072,95
112081,95
112091,93
112101,93
112112,93
112120,93
112132,93
112141,93
112152,93
112160,93
112170,93
112181,91
112191,91
112200,91
112211,91
112221,91
112232,93
112241,93
112250,93
112261,93
112271,93
112281,91
112291,91
112301,91
112311,91
112321,89
112331,89
112341,89
112351,89
112361,89
112371,91
112381,91
112391,91
112401,91
112411,91
112421,95
112430,95
112441,95
112451,95
112461,95
112471,97
112481,97
112491,97
112500,97
112511,97
112520,97
112530,97
112541,97
112551,97
112561,97
112570,97
112580,97
112591,97
112599,97
112611,97
112620,97
112631,97
112641,97
112651,97
112661,93
112670,93
112681,93
112690,93
112701,93
112711,95
112720,95
112731,95
112741,95
112751,95
112760,91
112770,91
112781,91
112791,91
112801,95
112811,95
112821,95
112831,95
112840,95
112851,91
112860,91
112871,91
112881,91
112891,91
112901,93
112911,93
112921,93
112930,93
112941,93
112951,91
112960,91
112971,91
112981,91
112991,93
113001,93
113011,93
113020,93
113031,93
113041,91
113051,91
113061,91
113071,91
113081,91
113091,91
113101,91
113111,91
113120,91
113131,91
113141,91
113151,91
113161,91
113170,91
113181,95
113191,95
113200,95
113211,95
113221,95
113231,93
113241,93
113251,93
113260,93
113271,93
113280,95
113291,95
113301,95
113311,95
113320,91
113331,91
113341,91
113351,91
113360,91
113371,95
113380,95
113391,95
113400,95
113411,95
113421,93
113431,93
113440,93
113451,93
113460,93
113471,95
113481,95
113491,95
113501,95
113511,95
113520,95
113531,95
113540,95
113551,95
113560,97
113571,97
113581,97
113591,97
113600,97
113611,95
113621,95
113631,95
113640,95
113651,95
113661,95
113671,95
113680,95
113691,95
113700,95
113711,91
113721,91
113731,91
113741,91
113751,91
113761,95
113771,95
113780,95
113791,95
113800,95
113811,95
113820,95
113831,95
113841,95
113851,95
113861,95
113871,95
113880,95
113891,95
113900,97
113911,97
113920,97
113931,97
113941,97
113951,97
113961,97
113971,97
113980,97
113991,97
114001,95
114011,95
114020,95
114031,95
114040,95
114051,95
114060,95
114071,95
114080,95
114091,91
114100,91
114111,91
114120,91
114130,91
114141,93
114151,93
114160,93
114171,93
114181,93
114191,91
114201,91
114211,91
114221,91
114231,91
114240,91
114251,91
114260,91
114271,91
114280,89
114290,89
114300,89
114311,89
114320,89
114330,91
114340,91
114351,91
114360,91
114370,91
114380,93
114391,93
114400,93
114411,93
114420,93
114431,93
114441,93
114451,93
114460,93
114471,93
114481,93
114490,93
114501,93
114511,93
114520,95
114531,95
114540,95
114551,95
114560,95
114570,95
114581,95
114590,95
114600,95
114610,95
114620,93
114631,93
114640,93
114651,93
114661,93
114670,93
114680,93
114691,93
114700,93
114711,93
114720,93
114730,93
114740,93
114751,93
114760,93
114771,93
114780,93
114791,93
114800,93
114811,93
114821,93
114831,93
114840,93
114851,93
114860,93
114871,93
114880,93
114891,93
114901,95
114911,95
114921,95
114930,95
114941,95
114951,95
114960,95
114970,95
114980,95
114991,95
115000,95
115011,95
115021,95
115031,95
115041,95
115051,93
115060,93
115071,93
115080,93
115092,95
115100,95
115111,95
115120,95
115130,95
115141,93
115151,93
115160,93
115171,93
115180,93
115191,93
115201,93
115211,93
115220,93
115231,93
115240,93
115251,93
115260,93
115271,93
115280,93
115291,95
115300,95
115311,95
115320,95
115331,93
115340,93
115351,93
115360,93
115371,93
115381,95
115391,95
115400,95
115411,95
115421,95
115431,91
115441,91
115451,91
115460,91
115471,91
115480,95
115491,95
115500,95
115511,95
115520,93
115530,93
115541,93
115550,93
115560,93
115571,95
115581,95
115591,95
115600,95
115611,95
115621,91
115631,91
115640,91
115651,91
115661,91
115671,95
115681,95
115691,95
115700,95
115712,93
115720,93
115730,93
115741,93
115751,93
115760,95
115771,95
115781,95
115791,95
115800,95
115811,93
115820,93
115831,93
115840,93
115851,93
115861,95
115871,95
115880,95
115891,95
115902,95
115911,93
115920,93
115931,93
115940,93
115952,93
115960,93
115971,93
115980,93
115991,93
116000,91
116011,91
116020,91
116031,91
116041,91
116051,95
116062,95
116071,95
116080,95
116091,95
116100,95
116111,95
116121,95
116131,95
116142,95
116150,95
116161,95
116171,95
116180,95
116191,93
116201,93
116211,93
116221,93
116231,93
116241,95
116251,95
116261,95
116271,95
116281,95
116291,95
116301,95
116311,95
116321,95
116331,95
116341,95
116351,95
116361,95
116371,95
116381,93
116391,93
116401,93
116411,93
116421,93
116430,95
116441,95
116451,95
116461,95
116471,95
116481,93
116490,93
116501,93
116511,93
116521,93
116531,95
116540,95
116550,95
116561,95
116571,95
116580,95
116591,95
116601,95
116610,95
116620,95
116631,95
116641,95
116651,95
116661,95
116671,97
116680,97
116691,97
116700,97
116710,97
116720,95
116730,95
116741,95
116751,95
116760,95
116771,93
116780,93
116791,93
116800,93
116811,93
116820,95
116831,95
116840,95
116850,95
116860,91
116870,91
116880,91
116891,91
116901,91
116911,93
116921,93
116930,93
116940,93
116951,93
116960,89
116971,89
116981,89
116991,89
117000,89
117010,93
117021,93
117030,93
117040,93
117051,91
117061,91
117071,91
117080,91
117091,91
117100,89
117111,89
117121,89
117130,89
117141,89
117150,91
117160,91
117171,91
117181,91
117191,93
117200,93
117210,93
117220,93
117231,93
117241,93
117251,93
117261,93
117270,93
117280,93
117291,95
117300,95
117311,95
117320,95
117330,95
117341,95
117351,95
117360,95
117371,95
117380,95
117390,95
117400,95
117411,95
117420,95
117432,93
117440,93
117451,93
117461,93
117470,93
117481,93
117491,93
117501,93
117511,93
117520,93
117531,91
117541,91
117551,91
117560,91
117570,91
117581,95
117591,95
117601,95
117610,95
117621,95
117631,95
117640,95
117651,95
117661,95
117671,95
117680,95
117690,95
117701,95
117710,95
117721,99
117731,99
117741,99
117751,99
117761,99
117771,97
117780,97
117790,97
117800,97
117810,97
117821,95
117831,95
117840,95
117850,95
117861,95
117871,95
117880,95
117890,95
117901,95
117911,95
117920,95
117931,95
117940,95
117951,95
117961,97
117970,97
117981,97
117990,97
118000,97
118010,93
118020,93
118030,93
118040,93
118050,93
118061,93
118071,93
118081,93
118091,93
118101,91
118111,91
118120,91
118131,91
118141,91
118151,91
118160,91
118171,91
118181,91
118190,91
118201,91
118211,91
118220,91
118231,91
118241,93
118251,93
118261,93
118270,93
118280,93
118291,93
118301,93
118310,93
118320,93
118331,93
118340,95
118351,95
118360,95
118371,95
118381,95
118390,95
118400,95
118411,95
118421,95
118430,95
118440,95
118451,95
118461,95
118470,95
118481,93
118491,93
118501,93
118511,93
118521,93
118531,95
118541,95
118551,95
118561,95
118571,95
118581,93
118591,93
118600,93
118611,93
118621,93
118630,95
118641,95
118650,95
118661,95
118671,93
118680,93
118690,93
118701,93
118711,93
118721,95
118731,95
118741,95
118751,95
118760,95
118771,93
118781,93
118791,93
118801,93
118811,93
118820,95
118831,95
118840,95
118850,95
118861,95
118870,101
118881,101
118890,101
118901,101
118911,99
118920,99
118931,99
118941,99
118951,99
118961,97
118971,97
118981,97
118991,97
119000,97
119011,95
119021,95
119031,95
119040,95
119051,95
119061,93
119071,93
119080,93
119090,93
119101,93
119111,93
119120,93
119131,93
119141,93
119151,95
119160,95
119171,95
119180,95
119191,95
119201,95
119210,95
119221,95
119230,95
119240,95
119251,95
119260,95
119270,95
119281,95
119290,95
119301,95
119311,95
119321,95
119331,95
119341,93
119351,93
119360,93
119371,93
119381,93
119391,91
119400,91
119410,91
119421,91
119430,91
119440,93
119451,93
119461,93
119471,93
119480,93
119490,93
119501,93
119511,93
119520,93
119531,95
119541,95
119551,95
119560,95
119570,95
119581,93
119591,93
119600,93
119611,93
119621,93
119630,95
119640,95
119651,95
119661,95
119670,95
119680,95
119691,95
119701,95
119711,95
119720,93
119731,93
119741,93
119751,93
119760,93
119771,91
119781,91
119790,91
119801,91
119811,91
119821,91
119831,91
119840,91
119850,91
119861,91
119872,93
119881,93
119890,93
119900,93
119912,95
119920,95
119931,95
119941,95
119952,95
119962,95
119970,95
119981,95
119991,95
120000,95
120010,95
120021,95
120030,95
120041,95
120051,95
120061,95
120072,95
120081,95
120090,95
120102,95
120111,95
120121,95
120131,95
120141,95
120152,93
120161,93
120171,93
120181,93
120192,93
120201,93
120211,93
120221,93
120231,93
120241,93
120251,95
120261,95
120272,95
120281,95
120292,99
120301,99
120311,99
120321,99
120331,99
120341,97
120351,97
120361,97
120371,97
120381,97
120392,99
120401,99
120411,99
120421,99
120431,99
120441,95
120451,95
120461,95
120471,95
120481,95
120491,95
120501,95
120511,95
120521,95
120531,91
120540,91
120551,91
120561,91
120571,91
120581,91
120591,91
120600,91
120611,91
120620,91
120631,93
120640,93
120651,93
120660,93
120671,93
120681,93
120691,93
120701,93
120711,93
120721,93
120731,93
120741,93
120751,93
120760,93
120771,93
120781,93
120791,93
120801,93
120811,93
120821,95
120831,95
120840,95
120850,95
120861,95
120871,93
120880,93
120891,93
120901,93
120911,87
120920,87
120931,87
120941,87
120951,87
120960,89
120970,89
120981,89
120991,89
121000,89
121011,91
121021,91
121030,91
121040,91
121050,93
121061,93
121071,93
121080,93
121090,93
121101,93
121111,93
121120,93
121131,93
121141,93
121151,95
121160,95
121170,95
121181,95
121191,95
121200,97
121211,97
121221,97
121230,97
121240,97
121251,97
121261,97
121270,97
121280,97
121291,95
121301,95
121311,95
121320,95
121331,95
121341,93
121351,93
121360,93
121370,93
121381,93
121391,95
121400,95
121411,95
121421,95
121430,95
121440,93
121451,93
121460,93
121471,93
121480,93
121491,93
121501,93
121511,93
121520,93
121531,93
121541,93
121551,93
121559,93
121571,93
121581,95
121591,95
121600,95
121611,95
121621,95
121631,93
121640,93
121651,93
121660,93
121671,87
121680,87
121690,87
121701,87
121711,87
121721,89
121731,89
121740,89
121751,89
121760,89
121771,91
121781,91
121791,91
121800,91
121811,91
121821,97
121831,97
121840,97
121851,97
121861,95
121871,95
121880,95
121891,95
121901,95
121912,101
121920,101
121931,101
121941,101
121951,101
121961,99
121971,99
121981,99
121990,99
122000,99
122011,97
122020,97
122030,97
122039,97
122051,97
122060,95
122071,95
122080,95
122091,95
122100,95
122111,93
122121,93
122131,93
122140,93
122152,93
122159,93
122170,93
122181,93
122191,93
122200,93
122211,93
122221,93
122231,93
122239,93
122251,93
122261,93
122271,93
122280,93
122291,93
122301,91
122311,91
122320,91
122331,91
122341,93
122351,93
122360,93
122370,93
122381,93
122391,93
122400,93
122411,93
122420,93
122431,93
122440,93
122450,93
122461,93
122471,93
122480,93
122491,93
122501,93
122511,93
122520,93
122531,93
122541,93
122550,93
122561,93
122571,93
122580,95
122591,95
122601,95
122610,95
122621,95
122630,93
122641,93
122651,93
122660,93
122670,93
122680,93
122691,93
122701,93
122711,93
122721,95
122731,95
122741,95
122751,95
122760,95
122771,95
122781,95
122790,95
122800,95
122811,95
122820,95
122831,95
122840,95
122851,95
122860,95
122870,97
122880,97
122890,97
122900,97
122911,97
122920,97
122931,97
122940,97
122951,97
122960,95
122971,95
122981,95
122991,95
123000,95
123011,95
123020,95
123031,95
123040,95
123051,95
123060,95
123071,95
123080,95
123091,95
123100,95
123111,95
123120,95
123131,95
123140,95
123151,93
123160,93
123170,93
123181,93
123191,93
123201,93
123211,93
123221,93
123231,93
123240,93
123251,93
123260,93
123271,93
123280,93
123291,93
123300,95
123311,95
123320,95
123331,95
123340,95
123351,95
123360,95
123371,95
123381,95
123391,95
123400,95
123411,95
123420,95
123430,95
123441,95
123451,95
123460,95
123471,95
123480,95
123491,95
123501,95
123511,95
123520,95
123530,95
123541,93
123551,93
123560,93
123571,93
123581,93
123591,93
123600,93
123611,93
123620,93
123631,91
123640,91
123651,91
123661,91
123671,91
123680,93
123690,93
123701,93
123711,93
123720,93
123731,91
123741,91
123751,91
123760,91
123771,93
123780,93
123791,93
123800,93
123811,93
123821,93
123831,93
123840,93
123851,93
123860,93
123871,95
123881,95
123891,95
123901,95
123910,93
123920,93
123930,93
123940,93
123951,93
123962,91
123971,91
123982,91
123992,91
123999,91
124011,91
124022,91
124030,91
124040,91
124051,91
124062,93
124071,93
124080,93
124091,93
124102,93
124111,93
124121,93
124130,93
124142,93
124151,95
124161,95
124171,95
124180,95
124191,95
124201,91
124212,91
124220,91
124231,91
124241,91
124251,95
124262,95
124271,95
124281,95
124291,95
124300,95
124311,95
124319,95
124331,95
124341,95
124351,95
124361,95
124371,95
124381,95
124391,95
124400,95
124411,95
124421,95
124431,95
124439,97
124451,97
124461,97
124471,97
124481,97
124491,95
124501,95
124511,95
124521,95
124531,95
124541,95
124551,95
124561,95
124571,95
124581,97
124591,97
124601,97
124611,97
124621,97
124631,97
124641,97
124651,97
124661,97
124670,97
124680,103
124691,103
124701,103
124711,103
124721,103
124731,97
124740,97
124751,97
124761,97
124771,97
124781,95
124791,95
124799,95
124811,95
124821,93
124831,93
124841,93
124851,93
124860,93
124871,93
124880,93
124891,93
124900,93
124911,93
124920,95
124931,95
124941,95
124951,95
124960,95
124971,93
124981,93
124991,93
125000,93
125011,93
125020,93
125031,93
125040,93
125051,93
125061,91
125071,91
125080,91
125091,91
125100,91
125111,89
125120,89
125131,89
125140,89
125151,89
125160,91
125171,91
125180,91
125191,91
125201,91
125211,91
125221,91
125231,91
125240,91
125251,91
125260,91
125271,91
125331,91
125341,91
125351,91
125360,91
125371,91
125380,91
125391,91
125400,91
125411,91
125420,91
125431,91
125440,91
125450,91
125460,91
125471,91
125480,91
125491,91
125500,91
125511,91
125520,91
125531,91
125540,91
125551,91
125560,91
125571,91
125581,95
125591,95
125600,95
125611,95
125620,95
125630,99
125640,99
125650,99
125660,99
125671,99
125680,97
125691,97
125701,97
125711,97
125720,97
125731,95
125741,95
125751,95
125760,95
125771,95
125780,95
125791,95
125801,95
125811,95
125820,93
125831,93
125840,93
125851,93
125860,93
125871,93
125881,93
125891,93
125900,93
125911,93
125920,91
125931,91
125940,91
125951,91
125960,93
125971,93
125980,93
125991,93
126000,93
126011,95
126020,95
126031,95
126040,95
126051,95
126060,95
126071,95
126080,95
126091,95
126100,95
126111,95
126121,95
126130,95
126140,95
126151,95
126160,95
126171,95
126180,95
126191,95
126201,95
126210,95
126220,95
126231,95
126240,95
126250,95
126260,95
126271,95
126281,95
126291,95
126300,91
126311,91
126320,91
126331,91
126340,91
126351,91
126361,91
126371,91
126380,91
126391,91
126401,91
126411,91
126420,91
126431,91
126440,91
126451,91
126460,91
126470,91
126481,91
126491,89
126501,89
126511,89
126520,89
126531,89
126541,89
126551,89
126561,89
126571,89
126581,89
126591,89
126600,89
126611,89
126621,89
126631,93
126641,93
126651,93
126661,93
126671,93
126681,91
126690,91
126701,91
126711,91
126721,93
126731,93
126740,93
126751,93
126761,93
126771,91
126781,91
126791,91
126800,91
126811,91
126820,93
126831,93
126840,93
126851,93
126860,93
126871,91
126881,91
126891,91
126900,91
126911,95
126920,95
126931,95
126940,95
126951,95
126960,93
126971,93
126980,93
126990,93
127000,93
127011,95
127021,95
127031,95
127040,95
127051,95
127060,95
127071,95
127081,95
127091,95
127101,97
127111,97
127120,97
127131,97
127140,97
127152,97
127160,97
127171,97
127180,97
127191,97
127200,97
127211,97
127220,97
127231,97
127240,97
127251,97
127260,97
127271,97
127281,97
127291,97
127300,97
127310,97
127320,97
127331,97
127341,97
127351,93
127361,93
127370,93
127380,93
127391,91
127400,91
127411,91
127420,91
127431,91
127441,91
127451,91
127460,91
127470,91
127480,91
127490,95
127501,95
127511,95
127520,95
127531,95
127540,93
127551,93
127560,93
127571,93
127581,95
127591,95
127601,95
127611,95
127620,95
127631,91
127640,91
127651,91
127660,91
127671,91
127681,95
127690,95
127700,95
127711,95
127720,95
127731,93
127741,93
127751,93
127761,93
127771,95
127780,95
127791,95
127801,95
127811,95
127821,93
127831,93
127841,93
127851,93
127860,93
127871,95
127881,95
127891,95
127900,95
127911,95
127920,91
127932,91
127940,91
127951,91
127962,93
127970,93
127980,93
127991,93
128001,93
128012,91
128020,91
128032,91
128040,91
128051,91
128060,95
128071,95
128080,95
128091,95
128100,95
128111,93
128121,93
128131,93
128140,93
128152,91
128161,91
128171,91
128180,91
128191,91
128200,91
128211,91
128220,91
128232,91
128241,91
128251,91
128262,91
128271,91
128281,91
128292,91
128300,91
128311,91
128321,91
128331,91
128341,89
128351,89
128361,89
128371,89
128381,89
128391,89
128401,89
128411,89
128421,89
128431,89
128441,93
128451,93
128461,93
128471,93
128481,93
128491,93
128501,93
128511,93
128521,93
128531,95
128541,95
128551,95
128561,95
128571,95
128581,93
128591,93
128601,93
128612,93
128621,93
128631,95
128641,95
128651,95
128660,95
128670,95
128681,93
128691,93
128701,93
128711,93
128721,95
128731,95
128741,95
128751,95
128761,95
128771,93
128780,93
128791,93
128801,93
128811,93
128820,95
128831,95
128840,95
128850,95
128860,95
128871,99
128881,99
128891,99
128900,99
128911,99
128920,97
128931,97
128940,97
128951,97
128961,95
128971,95
128980,95
128991,95
129000,95
129011,95
129020,95
129031,95
129041,95
129051,95
129060,93
129071,93
129080,93
129091,93
129100,93
129111,91
129120,91
129131,91
129140,91
129151,91
129161,91
129170,91
129180,91
129191,91
129200,93
129210,93
129220,93
129230,93
129241,93
129251,91
129260,91
129271,91
129280,91
129291,91
129300,93
129311,93
129320,93
129331,93
129341,93
129351,93
129360,93
129371,93
129380,93
129391,95
129400,95
129411,95
129420,95
129431,95
129440,95
129451,95
129460,95
129471,95
129480,95
129491,95
129501,95
129511,95
129519,95
129531,95
129540,95
129550,95
129561,95
129570,95
129580,95
129591,95
129601,95
129611,95
129621,95
129631,93
129639,93
129651,93
129660,93
129671,93
129680,93
129691,93
129700,93
129710,93
129721,93
129731,91
129741,91
129751,91
129760,91
129771,93
129780,93
129791,93
129800,93
129811,93
129821,91
129831,91
129840,91
129851,91
129860,91
129871,91
129880,91
129891,91
129900,91
129911,91
129920,91
129931,91
129940,91
129951,91
129960,95
129971,95
129980,95
129990,95
130000,95
130011,93
130020,93
130031,93
130040,93
130051,93
130060,93
130071,93
130080,93
130091,93
130100,93
130111,91
130120,91
130131,91
130140,91
130151,95
130160,95
130171,95
130180,95
130191,95
130200,93
130210,93
130310,101
130320,101
130331,101
130351,99
130360,99
130371,99
130380,99
130391,97
130400,97
130410,97
130420,97
130431,97
130441,95
130451,95
130460,95
130471,95
130480,95
130491,93
130500,93
130511,93
130519,93
130540,95
130560,95
130570,95
130581,95
130591,95
130601,95
130611,95
130631,95
130640,95
130651,95
130661,95
130671,95
130681,93
130691,93
130700,93
130710,93
130720,93
130731,95
130741,95
130751,95
130761,95
130770,95
130780,95
130791,95
130800,95
130820,95
130840,97
130850,97
130860,97
130871,97
130880,95
130891,95
130900,95
130911,95
130920,95
130931,95
130960,95
130980,93
130991,93
131000,93
131011,93
131020,91
131031,91
131040,91
131050,91
131060,91
131071,91
131080,91
131090,91
131100,91
131111,91
131120,91
131130,91
131151,91
131160,89
131170,89
131180,89
131191,89
131200,89
131211,91
131220,91
131230,91
131240,91
131251,91
131260,91
131271,91
131280,91
131291,91
131301,91
131311,91
131320,91
131331,91
131340,91
131351,91
131360,91
131370,91
131380,91
131391,91
131400,91
131410,91
131420,91
131431,91
131441,93
131451,93
131460,93
131471,93
131480,93
131491,91
131500,91
131511,91
131519,91
131531,91
131540,95
131550,95
131560,95
131570,95
131580,91
131591,91
131600,91
131611,91
131620,91
131631,93
131640,93
131651,93
131660,93
131671,93
131680,93
131691,93
131700,93
131711,93
131720,93
131730,93
131740,93
131751,93
131760,93
131771,93
131780,93
131791,93
131800,93
131810,93
131821,93
131831,93
131840,93
131851,93
131860,93
131871,95
131880,95
131890,95
131900,95
131911,95
131920,95
131930,95
131940,95
131951,95
131960,95
131970,95
131981,95
131991,95
132000,95
132010,97
132020,97
132031,97
132040,97
132051,97
132061,97
132071,97
132080,97
132090,97
132100,97
132112,97
132119,97
132131,97
132140,97
132151,97
132160,95
132172,95
132180,95
132190,95
132201,95
132210,93
132220,93
132231,93
132241,93
132252,95
132260,95
132271,95
132280,95
132290,95
132302,95
132311,95
132321,95
132331,95
132340,95
132352,95
132361,95
132370,95
132380,95
132391,95
132401,93
132411,93
132420,93
132431,93
132442,93
132450,93
132461,93
132470,93
132481,93
132491,91
132501,91
132511,91
132519,91
132531,91
132540,89
132551,89
132561,89
132571,89
132581,89
132591,89
132601,89
132611,89
132621,89
132631,93
132641,93
132651,93
132661,93
132671,93
132681,93
132691,93
132701,93
132711,93
132721,93
132731,95
132741,95
132751,95
132761,95
132770,95
132781,95
132790,95
132801,95
132811,95
132821,95
132831,95
132840,95
132850,95
132861,95
132871,93
132881,93
132890,93
132901,93
132911,93
132920,93
132931,93
132940,93
132951,93
132959,93
132970,91
132981,91
132991,91
133001,91
133010,91
133020,91
133031,91
133040,91
133051,91
133061,91
133071,91
133080,91
133090,91
133100,91
133111,93
133120,93
133131,93
133140,93
133151,93
133160,91
133171,91
133180,91
133191,91
133201,91
133210,95
133220,95
133231,95
133240,95
133251,95
133260,95
133271,95
133279,95
133290,95
133301,95
133311,95
133320,95
133331,95
133340,95
133351,91
133361,91
133370,91
133380,91
133391,91
133400,91
133410,91
133420,91
133431,91
133440,91
133451,91
133460,91
133470,91
133480,91
133491,91
133500,91
133510,91
133520,91
133531,91
133541,93
133550,93
133560,93
133570,93
133581,97
133591,97
133600,97
133611,97
133620,97
133632,97
133640,97
133651,97
133660,97
133671,97
133681,99
133691,99
133700,99
133711,99
133720,99
133731,99
133740,99
133751,99
133760,99
133771,99
133780,97
133790,97
133800,97
133810,97
133820,97
133831,95
133840,95
133851,95
133860,95
133871,95
133880,95
133891,95
133900,95
133910,95
133921,91
133930,91
133940,91
133950,91
133959,91
133971,95
133981,95
133991,95
134000,95
134010,95
134020,95
134030,95
134040,95
134051,95
134061,95
134071,95
134080,95
134091,95
134100,95
134110,97
134120,97
134130,97
134140,97
134151,97
134161,97
134171,97
134180,97
134191,97
134201,97
134211,97
134220,97
134231,97
134240,97
134251,97
134260,95
134270,95
134281,95
134291,95
134300,95
134310,95
134321,95
134330,95
134340,95
134351,93
134360,93
134370,93
134380,93
134391,93
134400,93
134411,93
134420,93
134431,93
134440,93
134451,91
134461,91
134470,91
134480,91
134491,91
134500,93
134511,93
134520,93
134530,93
134541,91
134550,91
134560,91
134570,91
134580,91
134590,95
134601,95
134611,95
134620,95
134631,95
134640,91
134651,91
134661,91
134671,91
134680,91
134691,93
134700,93
134711,93
134720,93
134731,91
134741,91
134751,91
134760,91
134771,91
134780,93
134791,93
134801,93
134811,93
134821,93
134831,91
134841,91
134851,91
134860,91
134871,89
134881,89
134891,89
134900,89
134910,89
134920,89
134930,89
134940,89
134950,89
134960,89
134970,91
134980,91
134990,91
135001,91
135011,91
135020,93
135031,93
135040,93
135051,93
135061,93
135070,93
135080,93
135091,93
135100,93
135111,95
135120,95
135130,95
135140,95
135151,95
135160,99
135171,99
135180,99
135191,99
135200,99
135211,97
135220,97
135231,97
135240,97
135251,97
135260,95
135271,95
135281,95
135291,95
135301,95
135310,95
135320,95
135330,95
135340,95
135351,93
135360,93
135371,93
135380,93
135390,93
135400,93
135411,93
135421,93
135431,93
135440,93
135451,93
135461,93
135470,93
135480,93
135491,93
135500,95
135511,95
135519,95
135530,95
135542,95
135550,95
135560,95
135570,95
135580,95
135591,95
135600,95
135611,95
135621,95
135631,95
135640,95
135651,95
135660,95
135671,95
135680,95
135690,95
135701,95
135710,95
135720,95
135730,93
135740,93
135750,93
135760,93
135770,93
135781,91
135790,91
135801,91
135811,91
135820,91
135831,91
135840,91
135851,91
135860,91
135871,91
135881,91
135891,91
135900,91
135910,91
135921,93
135930,93
135940,93
135950,93
135961,93
135972,93
135980,93
135990,93
136000,93
136011,93
136021,93
136031,93
136040,93
136051,93
136062,93
136070,93
136080,93
136090,93
136100,93
136112,93
136120,93
136130,93
136140,93
136150,93
136162,93
136171,93
136180,93
136190,93
136200,93
136211,93
136220,93
136232,93
136240,93
136251,93
136260,95
136272,95
136281,95
136290,95
136302,95
136310,95
136320,95
136330,95
136340,95
136352,93
136361,93
136370,93
136380,93
136390,93
136400,93
136412,93
136420,93
136432,93
136440,93
136451,93
136460,93
136470,93
136480,93
136500,95
136510,95
136521,95
136530,95
136541,95
136550,95
136561,95
136571,95
136581,95
136591,101
136601,101
136611,101
136621,101
136631,101
136640,97
136651,97
136661,97
136671,97
136681,97
136691,97
136701,97
136711,97
136721,97
136731,95
136741,95
136751,95
136761,95
136771,95
136781,93
136791,93
136800,93
136811,93
136821,93
136831,95
136841,95
136851,95
136860,95
136871,95
136879,99
136890,99
136900,99
136911,99
136921,99
136931,95
136941,95
136951,95
136960,95
136970,95
136980,95
136990,95
137001,95
137011,95
137021,93
137031,93
137040,93
137051,93
137060,93
137071,95
137080,95
137091,95
137100,95
137110,95
137120,93
137131,93
137140,93
137150,93
137160,93
137171,93
137181,93
137190,93
137200,93
137211,93
137220,93
137231,93
137240,93
137251,93
137261,93
137270,93
137280,93
137291,93
137300,93
137311,93
137320,93
137330,93
137340,93
137350,93
137360,91
137371,91
137380,91
137390,91
137401,91
137411,91
137421,91
137431,91
137440,91
137451,93
137460,93
137470,93
137480,93
137491,93
137500,93
137510,93
137520,93
137530,93
137540,93
137550,91
137561,91
137570,91
137580,91
137590,91
137601,95
137611,95
137620,95
137630,95
137640,95
137650,95
137660,95
137671,95
137680,95
137691,95
137700,95
137710,95
137720,95
137730,95
137740,93
137751,93
137760,93
137770,93
137780,93
137791,93
137801,93
137811,93
137820,93
137832,91
137841,91
137851,91
137860,91
137870,91
137880,91
137891,91
137900,91
137910,91
137920,91
137930,91
137941,91
137950,91
137960,91
137970,91
137980,95
137990,95
138000,95
138010,95
138021,95
138031,95
138040,95
138050,95
138060,95
138071,95
138080,95
138091,95
138100,95
138110,95
138120,95
138130,95
138140,95
138150,95
138160,95
138170,95
138180,95
138190,95
138201,95
138211,95
138220,95
138231,95
138240,95
138250,95
138261,95
138270,95
138280,95
138290,95
138300,95
138311,93
138320,93
138330,93
138340,93
138350,93
138360,95
138371,95
138380,95
138390,95
138400,95
138411,93
138420,93
138431,93
138440,93
138451,95
138460,95
138470,95
138480,95
138490,95
138501,93
138510,93
138521,93
138530,93
138540,93
138550,95
138560,95
138570,95
138580,95
138590,95
138600,93
138611,93
138620,93
138631,93
138641,93
138651,93
138660,93
138670,93
138680,93
138691,91
138700,91
138710,91
138720,91
138731,91
138740,93
138751,93
138760,93
138771,93
138781,93
138791,93
138801,93
138810,93
138821,93
138831,93
138840,93
138851,93
138861,93
138871,93
138881,93
138890,93
138900,93
138910,93
138931,93
138940,93
138950,93
138961,93
138970,93
138980,93
138991,93
139000,93
139010,93
139021,93
139031,93
139039,93
139051,93
139060,93
139071,91
139080,91
139090,91
139100,91
139110,91
139120,95
139130,95
139140,95
139150,95
139160,95
139170,93
139181,93
139190,93
139200,93
139211,93
139220,93
139231,93
139240,93
139250,93
139261,91
139270,91
139280,91
139290,91
139300,91
139311,95
139320,95
139330,95
139340,95
139350,95
139360,95
139370,95
139380,95
139390,95
139400,95
139410,95
139421,95
139431,95
139440,95
139451,93
139460,93
139470,93
139480,93
139490,93
139501,97
139510,97
139520,97
139530,97
139540,97
139551,93
139560,93
139570,93
139580,93
139590,93
139600,95
139611,95
139620,95
139631,95
139640,95
139650,91
139660,91
139670,91
139681,91
139691,93
139700,93
139710,93
139720,93
139730,93
139741,93
139750,93
139760,93
139770,93
139780,93
139790,95
139801,95
139810,95
139820,95
139831,91
139840,91
139850,91
139860,91
139870,91
139882,93
139890,93
139900,93
139910,93
139920,93
139930,91
139941,91
139950,91
139960,91
139970,91
139980,87
139990,87
140000,87
140010,87
140021,89
140031,89
140040,89
140051,89
140060,89
140072,93
140080,93
140090,93
140100,93
140110,93
140120,93
140132,93
140140,93
140150,93
140160,93
140170,95
140180,95
140190,95
140200,95
140210,95
140220,95
140231,95
140240,95
140250,95
140260,99
140270,99
140280,99
140290,99
140300,99
140312,97
140319,97
140330,97
140340,97
140350,97
140362,95
140370,95
140380,95
140390,95
140401,95
140410,93
140422,93
140431,93
140440,93
140450,93
140460,93
140471,93
140480,93
140491,93
140502,91
140510,91
140519,91
140531,91
140540,91
140551,91
140561,91
140570,91
140580,91
140590,91
140601,91
140611,91
140620,91
140631,91
140641,91
140651,91
140660,91
140671,91
140681,91
140691,93
140701,93
140711,93
140720,93
140731,93
140741,93
140751,93
140761,93
140771,93
140781,93
140791,91
140801,91
140810,91
140821,91
140831,93
140841,93
140851,93
140861,93
140871,93
140881,91
140891,91
140901,91
140921,91
140930,91
140941,91
140950,91
140961,91
140970,91
140980,93
140991,93
141000,93
141031,93
141041,93
141050,93
141110,95
141130,95
141140,95
141150,95
141160,95
141170,95
141181,95
141190,95
141200,95
141210,95
141240,95
141250,95
141270,95
141280,95
141290,95
141300,95
141311,93
141320,93
141330,93
141340,93
141350,93
141360,89
141371,89
141380,89
141390,89
141410,91
141420,91
141431,91
141440,91
141451,93
141460,93
141470,93
141480,93
141490,93
141500,95
141510,95
141519,95
141530,95
141540,95
141551,99
141560,99
141570,99
141580,99
141591,99
141600,97
141611,97
141620,97
141631,97
141640,97
141650,97
141661,97
141670,97
141680,97
141730,95
141741,93
141750,93
141760,93
141770,93
141780,93
141792,95
141800,95
141810,95
141820,95
141831,95
141840,95
141850,95
141860,95
141870,95
141880,95
141890,95
141900,95
141910,95
141920,95
141930,95
141940,93
141950,93
141960,93
141970,93
141981,95
141990,95
142000,95
142011,95
142020,95
142031,91
142040,91
142050,91
142060,91
142070,91
142080,91
142091,91
142100,91
142110,91
142121,89
142130,89
142140,89
142150,89
142160,89
142171,93
142180,93
142190,93
142200,93
142210,93
142221,91
142230,91
142240,91
142250,91
142260,91
142270,93
142281,93
142290,93
142300,93
142310,93
142320,91
142330,91
142340,91
142350,91
142362,93
142370,93
142380,93
142390,93
142400,93
142411,93
142420,93
142430,93
142440,93
142450,93
142460,93
142470,93
142480,93
142490,93
142500,93
142510,91
142519,91
142530,91
142540,91
142552,93
142560,93
142570,93
142580,93
142590,93
142600,91
142610,91
142620,91
142631,91
142640,91
142650,91
142661,91
142670,91
142680,91
142691,91
142700,91
142710,91
142720,91
142730,91
142741,95
142750,95
142760,95
142770,95
142781,95
142791,93
142799,93
142810,93
142821,93
142831,93
142840,95
142851,95
142861,95
142870,95
142880,95
142891,95
142901,95
142910,95
142920,95
142931,97
142941,97
142951,97
142961,97
142971,97
142981,103
142990,103
143000,103
143011,103
143020,103
143031,97
143041,97
143050,97
143060,97
143070,97
143081,95
143090,95
143100,95
143110,95
143120,95
143130,95
143141,95
143150,95
143160,95
143170,95
143180,93
143191,93
143200,93
143210,93
143221,93
143230,93
143240,93
143250,93
143260,93
143270,91
143280,91
143290,91
143300,91
143310,91
143331,93
143340,93
143350,93
143360,93
143370,91
143381,91
143390,91
143400,91
143412,93
143420,93
143431,93
143440,93
143450,93
143460,91
143470,91
143480,91
143490,91
143500,91
143510,93
143521,93
143530,93
143540,93
143550,93
143560,91
143570,91
143580,91
143590,91
143602,87
143610,87
143620,87
143631,87
143640,87
143660,89
143670,89
143680,89
143690,89
143700,93
143711,93
143720,93
143730,93
143740,93
143750,93
143760,93
143770,93
143780,93
143791,95
143800,95
143810,95
143820,95
143831,95
143841,93
143851,93
143860,93
143870,93
143880,93
143890,95
143901,95
143920,95
143930,95
143940,93
143951,93
143960,93
143970,93
143981,95
143990,95
144000,95
144010,95
144020,95
144031,93
144040,93
144050,93
144061,93
144070,93
144081,95
144090,95
144100,95
144110,95
144120,95
144130,91
144142,91
144150,91
144160,91
144170,91
144180,93
144190,93
144200,93
144210,93
144221,91
144231,91
144240,91
144251,91
144260,91
144270,95
144280,95
144290,95
144300,95
144310,95
144320,91
144332,91
144340,91
144350,91
144361,91
144370,91
144380,91
144390,91
144400,91
144412,89
144420,89
144430,89
144441,89
144451,89
144460,93
144470,93
144480,93
144490,93
144500,93
144510,91
144521,91
144530,91
144540,91
144552,91
144560,95
144570,95
144580,95
144590,95
144602,95
144611,95
144620,95
144632,95
144641,95
144652,95
144660,95
144670,95
144680,95
144691,95
144701,95
144710,95
144721,95
144730,95
144741,95
144751,95
144761,95
144771,95
144781,95
144791,95
144801,95
144811,95
144820,95
144831,95
144841,95
144851,95
144861,95
144871,95
144881,95
144892,103
144901,103
144911,103
144920,103
144931,103
144941,99
144951,99
144961,99
144971,99
144980,99
144991,101
144999,101
145011,101
145020,101
145030,101
145041,97
145051,97
145060,97
145071,97
145080,97
145091,95
145100,95
145111,95
145120,95
145131,93
145140,93
145150,93
145160,93
145170,93
145180,91
145190,91
145200,91
145210,91
145220,91
145230,93
145241,93
145250,93
145260,93
145270,93
145280,91
145291,91
145300,91
145310,91
145322,93
145330,93
145340,93
145350,93
145360,93
145371,91
145380,91
145390,91
145400,91
145410,91
145420,95
145430,95
145440,95
145451,95
145460,95
145470,93
145481,93
145490,93
145500,93
145510,95
145520,95
145530,95
145550,95
145560,91
145570,91
145580,91
145590,91
145600,91
145610,93
145621,93
145630,93
145640,93
145650,93
145660,91
145670,91
145680,91
145690,91
145701,93
145710,93
145720,93
145740,93
145751,91
145760,91
145780,91
145790,91
145800,95
145811,95
145830,95
145840,95
145850,93
145860,93
145870,93
145880,93
145891,87
145900,87
145910,87
145920,87
145930,87
145940,91
145951,91
145960,91
145970,91
145980,91
145990,91
146001,91
146010,91
146020,91
146031,93
146040,93
146050,93
146060,93
146070,93
146081,95
146090,95
146100,95
146110,95
146130,93
146140,93
146150,93
146160,93
146170,93
146180,95
146191,95
146200,95
146210,95
146221,93
146230,93
146240,93
146250,93
146260,93
146280,95
146290,95
146300,95
146310,95
146331,91
146340,91
146350,91
146360,91
146390,93
146400,93
146411,93
146420,93
146440,93
146451,93
146462,95
146470,95
146480,95
146490,95
146500,95
146511,97
146520,97
146530,97
146540,97
146550,97
146560,97
146570,97
146580,97
146590,97
146600,97
146610,97
146621,97
146631,97
146640,97
146650,97
146660,95
146671,95
146680,95
146690,95
146701,95
146710,95
146720,95
146730,95
146740,95
146752,95
146759,95
146770,95
146780,95
146790,95
146801,99
146810,99
146820,99
146831,99
146840,99
146850,95
146861,95
146870,95
146880,95
146891,95
146901,95
146911,95
146921,95
146931,95
146941,95
146951,95
146961,95
146971,95
146981,95
146991,95
147001,95
147011,95
147020,95
147030,95
147040,93
147050,93
147060,93
147070,93
147081,93
147091,91
147101,91
147110,91
147120,91
147130,91
147140,91
147150,91
147160,91
147170,91
147181,93
147190,93
147200,93
147210,93
147220,93
147231,91
147240,91
147251,91
147260,91
147270,91
147280,93
147291,93
147300,93
147310,93
147321,91
147330,91
147340,91
147350,91
147360,91
147371,89
147380,89
147390,89
147400,89
147410,89
147420,89
147431,89
147440,89
147450,89
147461,87
147470,87
147480,87
147490,87
147500,87
147510,89
147521,89
147530,89
147540,89
147550,89
147560,93
147570,93
147580,93
147590,93
147600,93
147611,93
147621,93
147630,93
147640,93
147651,93
147660,97
147670,97
147680,97
147690,97
147700,95
147710,95
147720,95
147730,95
147740,95
147751,97
147760,97
147770,97
147780,97
147790,97
147800,95
147810,95
147820,95
147830,95
147840,95
147850,95
147861,95
147870,95
147880,95
147891,95
147900,93
147910,93
147920,93
147930,93
147941,95
147950,95
147960,95
147970,95
147980,95
147991,93
148000,93
148010,93
148020,93
148030,93
148040,93
148051,93
148060,93
148070,93
148080,93
148090,93
148101,93
148110,93
148120,93
148131,93
148140,93
148150,93
148160,93
148170,93
148181,91
148190,91
148200,91
148210,91
148220,91
148231,91
148241,91
148251,91
148260,91
148270,91
148280,91
148291,91
148300,91
148310,91
148322,95
148330,95
148340,95
148350,95
148360,95
148372,95
148380,95
148390,95
148400,95
148410,95
148422,95
148430,95
148440,95
148450,95
148460,95
148470,95
148482,95
148490,95
148500,95
148510,95
148520,95
148532,95
148540,95
148550,95
148562,95
148570,95
148580,95
148590,95
148600,95
148611,93
148620,93
148630,93
148640,93
148651,93
148660,93
148672,93
148680,93
148690,93
148702,93
148710,91
148721,91
148730,91
148740,91
148750,87
148760,87
148770,87
148781,87
148791,87
148801,89
148811,89
148821,89
148831,89
148840,89
148851,93
148861,93
148870,93
148881,93
148891,91
148901,91
148911,91
148921,91
148931,91
148941,93
148951,93
148961,93
148970,93
148980,93
148990,93
149001,93
149011,93
149021,93
149031,93
149041,95
149051,95
149061,95
149070,95
149081,93
149091,93
149100,93
149110,93
149121,93
149131,95
149141,95
149150,95
149161,95
149170,95
149181,95
149190,95
149200,95
149210,95
149220,95
149230,95
149241,95
149251,95
149260,95
149270,95
149280,103
149291,103
149300,103
149310,103
149320,103
149330,97
149341,97
149350,97
149360,97
149370,99
149380,99
149390,99
149400,99
149410,99
149422,95
149430,95
149440,95
149450,95
149460,95
149471,95
149480,95
149490,95
149500,95
149510,95
149520,93
149531,93
149540,93
149550,93
149560,93
149570,91
149580,91
149590,91
149600,91
149611,91
149620,91
149630,91
149640,91
149650,91
149661,93
149670,93
149680,93
149690,93
149700,93
149710,93
149721,93
149730,93
149740,93
149750,93
149760,93
149771,93
149780,93
149790,93
149801,93
149811,93
149820,93
149830,93
149840,93
149851,93
149860,93
149870,93
149880,93
149890,93
149900,91
149911,91
149920,91
149930,91
149940,91
149950,91
149960,91
149970,91
149980,91
149991,91
150000,91
150010,91
150020,91
150030,91
150040,91
150051,91
150060,91
150070,91
150080,91
150090,89
150100,89
150110,89
150120,89
150132,91
150140,91
150150,91
150161,91
150170,91
150181,93
150190,93
150200,93
150210,93
150220,93
150230,95
150240,95
150250,95
150260,95
150270,95
150280,95
150291,95
150300,95
150310,95
150320,95
150330,97
150341,97
150350,97
150361,97
150371,97
150380,97
150390,97
150400,97
150410,97
150421,97
150430,97
150440,97
150450,97
150460,97
150471,97
150480,97
150490,97
150500,97
150511,97
150520,103
150530,103
150540,103
150550,103
150560,103
150570,101
150581,101
150590,101
150600,101
150609,101
150620,101
150631,101
150640,101
150650,101
150670,95
150680,95
150691,95
150700,95
150711,95
150720,95
150730,95
150740,95
150750,95
150761,95
150771,95
150780,95
150790,95
150800,95
150810,93
150821,93
150830,93
150840,93
150851,91
150860,91
150870,91
150891,91
150911,91
150920,91
150931,91
150941,91
150951,91
150960,91
150971,91
150981,91
150991,91
151000,93
151011,93
151020,93
151031,93
151041,91
151051,91
151061,91
151071,91
151080,91
151091,91
151100,91
151111,91
151120,91
151131,91
151140,89
151151,89
151160,89
151170,89
151181,91
151191,91
151200,91
151210,91
151220,91
151231,89
151240,89
151250,89
151260,89
151270,89
151280,91
151291,91
151300,91
151310,91
151320,91
151330,93
151341,93
151350,93
151360,93
151371,95
151380,95
151390,95
151400,95
151410,95
151421,95
151430,95
151441,95
151450,95
151460,95
151470,93
151480,93
151490,93
151500,93
151510,93
151520,95
151531,95
151540,95
151550,95
151560,95
151570,95
151580,95
151590,95
151600,95
151611,95
151620,95
151630,95
151640,95
151650,95
151661,93
151670,93
151680,93
151690,93
151700,93
151710,95
151721,95
151730,95
151740,95
151751,95
151760,93
151770,93
151780,93
151790,93
151801,93
151810,93
151820,93
151830,93
151840,93
151851,93
151860,93
151870,93
151880,93
151890,93
151900,95
151911,95
151920,95
151930,95
151940,95
151950,95
151960,95
151970,95
151980,95
151992,93
152000,93
152010,93
152020,93
152030,93
152041,91
152050,91
152060,91
152070,91
152080,91
152090,95
152101,95
152110,95
152120,95
152130,95
152140,93
152150,93
152160,93
152170,93
152181,93
152190,93
152200,93
152210,93
152220,93
152231,91
152240,91
152250,91
152260,91
152270,91
152280,95
152291,95
152300,95
152310,95
152320,95
152330,93
152340,93
152350,93
152360,93
152372,95
152380,95
152390,95
152400,95
152410,95
152422,93
152430,93
152440,93
152450,93
152460,93
152472,95
152480,95
152491,95
152500,95
152510,95
152520,99
152532,99
152540,99
152550,99
152560,99
152571,97
152580,97
152590,97
152600,97
152612,95
152620,95
152630,95
152640,95
152651,95
152670,95
152680,95
152690,95
152700,95
152712,93
152720,93
152730,93
152740,93
152750,93
152760,93
152780,93
152790,93
152801,91
152811,91
152821,91
152830,91
152841,91
152851,93
152861,93
152871,93
152881,93
152891,93
152901,91
152911,91
152921,91
152931,91
152940,91
152951,93
152960,93
152971,93
152981,93
152991,91
153001,91
153011,91
153020,91
153031,91
153041,95
153051,95
153061,95
153070,95
153081,95
153091,93
153100,93
153111,93
153119,93
153130,93
153140,95
153151,95
153161,95
153171,95
153181,93
153191,93
153200,93
153211,93
153220,93
153231,95
153240,95
153251,95
153260,95
153270,95
153280,93
153291,93
153300,93
153310,93
153320,93
153330,95
153341,95
153351,95
153360,95
153371,91
153380,91
153390,91
153400,91
153411,91
153421,95
153430,95
153440,95
153451,95
153460,95
153470,93
153480,93
153490,93
153500,93
153510,93
153520,95
153531,95
153540,95
153550,95
153560,95
153570,93
153580,93
153590,93
153600,93
153612,97
153620,97
153630,97
153640,97
153650,97
153661,95
153670,95
153680,95
153690,95
153700,95
153710,95
153721,95
153730,95
153740,95
153750,95
153760,93
153771,93
153780,93
153790,93
153801,95
153810,95
153820,95
153830,95
153840,95
153851,93
153860,93
153870,93
153880,93
153890,93
153900,95
153910,95
153920,95
153930,95
153940,95
153950,93
153961,93
153970,93
153980,93
153991,93
154000,93
154010,93
154020,93
154030,93
154041,93
154050,93
154060,93
154070,93
154080,93
154090,91
154101,91
154110,91
154120,91
154130,91
154140,91
154150,91
154160,91
154170,91
154181,91
154190,91
154200,91
154210,91
154220,91
154231,91
154240,91
154250,91
154260,91
154270,91
154280,91
154291,91
154300,91
154310,91
154320,91
154330,95
154340,95
154350,95
154360,95
154371,93
154380,93
154390,93
154400,93
154410,93
154421,95
154430,95
154440,95
154450,95
154460,95
154470,93
154481,93
154490,93
154500,93
154511,93
154520,93
154530,93
154540,93
154550,93
154561,91
154570,91
154580,91
154590,91
154600,91
154611,93
154620,93
154630,93
154640,93
154650,93
154660,93
154671,93
154680,93
154690,93
154700,93
154710,95
154721,95
154730,95
154740,95
154750,95
154760,99
154780,99
154790,99
154801,97
154810,97
154820,97
154830,97
154840,97
154851,95
154860,95
154870,95
154880,95
154890,95
154900,93
154911,93
154920,93
154930,93
154940,93
154950,93
154961,93
154970,93
154981,93
154992,93
155000,93
155010,93
155021,93
155031,93
155040,93
155051,93
155060,93
155071,93
155080,93
155091,91
155100,91
155111,91
155120,91
155130,93
155141,93
155151,93
155159,93
155170,93
155182,91
155191,91
155201,91
155211,91
155220,91
155231,95
155240,95
155250,95
155261,95
155270,95
155280,93
155291,93
155300,93
155310,93
155321,93
155330,95
155340,95
155350,95
155361,95
155372,93
155380,93
155390,93
155400,93
155410,93
155430,95
155440,95
155450,95
155460,95
155470,93
155481,93
155490,93
155500,93
155510,93
155520,95
155530,95
155540,95
155550,95
155562,95
155580,95
155590,95
155600,95
155611,93
155620,93
155630,93
155640,93
155660,91
155671,91
155680,91
155690,91
155701,91
155710,91
155720,91
155730,91
155740,91
155751,93
155760,93
155770,93
155780,93
155790,93
155800,91
155810,91
155820,91
155830,91
155840,91
155850,93
155861,93
155880,93
155891,93
155900,93
155910,93
155920,93
155930,93
155942,95
155950,95
155960,95
155970,95
155991,93
156000,93
156010,93
156020,93
156030,93
156040,93
156051,93
156060,93
156070,93
156081,93
156090,93
156100,93
156110,93
156120,93
156131,93
156140,93
156150,93
156160,93
156170,93
156180,91
156191,91
156200,91
156210,91
156220,91
156230,93
156241,93
156250,93
156260,93
156271,93
156280,93
156290,93
156300,93
156310,93
156321,95
156330,95
156340,95
156350,95
156360,95
156370,93
156382,93
156390,93
156400,93
156410,93
156420,95
156432,95
156440,95
156450,95
156461,93
156470,93
156480,93
156490,93
156500,93
156512,93
156520,93
156530,93
156540,93
156550,93
156560,95
156570,95
156580,95
156590,95
156600,95
156610,97
156620,97
156630,97
156640,97
156650,97
156660,97
156672,97
156680,97
156702,95
156710,95
156730,95
156740,95
156752,95
156761,95
156770,95
156780,95
156790,95
156800,93
156810,93
156820,93
156830,93
156841,93
156850,95
156862,95
156870,95
156880,95
156891,95
156900,93
156911,93
156920,93
156931,93
156942,95
156951,95
156961,95
156971,95
156981,95
156991,93
157001,93
157011,93
157021,93
157031,93
157041,95
157051,95
157061,95
157071,95
157081,95
157090,93
157101,93
157110,93
157121,93
157131,95
157141,95
157151,95
157161,95
157171,95
157182,93
157191,93
157201,93
157211,93
157220,93
157231,95
157240,95
157251,95
157261,95
157270,95
157281,93
157291,93
157300,93
157310,93
157321,93
157330,95
157341,95
157350,95
157361,95
157372,91
157380,91
157390,91
157400,91
157410,91
157421,89
157430,89
157440,89
157450,89
157460,89
157470,89
157481,89
157490,89
157500,89
157511,91
157520,91
157530,91
157540,91
157550,91
157561,91
157570,91
157580,91
157590,91
157600,91
157610,93
157620,93
157630,93
157640,93
157650,93
157660,93
157671,93
157680,93
157690,93
157701,95
157710,95
157720,95
157730,95
157740,95
157751,93
157760,93
157770,93
157780,93
157790,93
157801,95
157810,95
157820,95
157830,95
157840,95
157850,95
157861,95
157870,95
157880,95
157890,95
157900,95
157911,95
157920,95
157930,95
157940,95
157950,95
157960,95
157970,95
157980,95
157992,95
158000,95
158010,95
158020,95
158030,95
158041,95
158050,95
158060,95
158070,95
158080,95
158090,95
158101,95
158110,95
158120,95
158130,95
158140,91
158151,91
158160,91
158170,91
158181,93
158190,93
158200,93
158210,93
158220,93
158231,91
158240,91
158250,91
158260,91
158270,91
158280,91
158291,91
158300,91
158310,91
158321,91
158330,91
158340,91
158350,91
158360,91
158371,93
158380,93
158390,93
158400,93
158410,93
158421,95
158430,95
158440,95
158450,95
158460,95
158470,93
158481,93
158490,93
158500,93
158510,93
158520,95
158531,95
158540,95
158550,95
158561,99
158570,99
158580,99
158590,99
158600,99
158611,97
158620,97
158630,97
158640,97
158650,97
158661,95
158670,95
158680,95
158690,95
158700,95
158710,95
158721,95
158730,95
158740,95
158751,91
158760,91
158770,91
158780,91
158790,91
158801,93
158811,93
158820,93
158830,93
158840,93
158850,91
158860,91
158870,91
158880,91
158890,91
158900,95
158910,95
158920,95
158930,95
158940,95
158950,99
158961,99
158970,99
158980,99
158991,97
159000,97
159010,97
159020,97
159030,97
159041,95
159050,95
159061,95
159071,95
159080,95
159091,95
159101,95
159111,95
159120,95
159131,95
159140,91
159151,91
159161,91
159171,91
159182,89
159190,89
159200,89
159209,89
159220,89
159231,89
159239,89
159251,89
159260,89
159270,89
159280,93
159291,93
159300,93
159310,93
159320,93
159330,99
159341,99
159350,99
159360,99
159371,97
159380,97
159390,97
159400,97
159410,97
159422,93
159430,93
159440,93
159451,93
159460,93
159470,91
159481,91
159490,91
159500,91
159510,91
159520,89
159531,89
159540,89
159550,89
159561,93
159570,93
159580,93
159590,93
159600,93
159611,91
159620,91
159630,91
159640,91
159650,91
159660,95
159671,95
159680,95
159690,95
159700,95
159710,93
159721,93
159730,93
159740,93
159750,95
159760,95
159770,95
159780,95
159790,95
159801,93
159810,93
159820,93
159830,93
159840,93
159851,95
159860,95
159870,95
159880,95
159890,95
159900,95
159911,95
159920,95
159930,95
159940,95
159950,97
159961,97
159970,97
159980,97
159990,93
160000,93
160010,93
160020,93
160030,93
160041,93
160050,93
160060,93
160070,93
160080,93
160090,93
160101,93
160110,93
160120,93
160130,93
160140,93
160151,93
160160,93
160170,93
160181,91
160191,91
160200,91
160210,91
160220,91
160231,91
160240,91
160250,91
160260,91
160270,91
160280,91
160291,91
160301,91
160310,91
160322,91
160330,91
160340,91
160350,91
160360,91
160371,91
160380,91
160390,91
160400,91
160410,91
160420,91
160432,91
160440,91
160450,91
160460,91
160470,93
160481,93
160490,93
160500,93
160512,93
160520,93
160530,93
160540,93
160550,93
160560,91
160570,91
160590,91
160600,91
160610,91
160620,91
160630,91
160640,91
160650,91
160660,93
160670,93
160680,93
160690,93
160702,93
160710,93
160720,93
160730,93
160740,93
160752,97
160770,97
160780,97
160790,97
160820,93
160830,93
160840,93
160851,97
160860,97
160870,97
160880,97
160892,95
160901,95
160910,95
160920,95
160930,95
160941,97
160950,97
160961,97
160970,97
160981,97
160992,93
161012,93
161021,93
161031,93
161041,97
161051,97
161061,97
161071,97
161081,93
161091,93
161101,93
161111,93
161120,93
161131,95
161140,95
161160,95
161171,95
161181,93
161191,93
161201,93
161211,93
161220,93
161231,95
161241,95
161251,95
161260,95
161271,93
161281,93
161291,93
161300,93
161310,93
161321,95
161331,95
161340,95
161351,95
161360,95
161371,93
161380,93
161390,93
161400,93
161409,93
161420,95
161431,95
161440,95
161451,95
161460,95
161470,95
161480,95
161490,95
161500,95
161512,93
161520,93
161530,93
161540,93
161550,93
161560,91
161570,91
161580,91
161591,91
161600,91
161609,93
161621,93
161631,93
161640,93
161649,93
161660,91
161670,91
161680,91
161690,91
161701,93
161711,93
161720,93
161730,93
161740,93
161751,93
161760,93
161770,93
161780,93
161790,93
161800,95
161811,95
161820,95
161830,95
161840,95
161850,95
161861,95
161870,95
161880,95
161890,95
161900,95
161910,95
161920,95
161930,95
161941,95
161950,95
161960,95
161970,95
161980,95
161991,95
162000,95
162010,95
162020,95
162030,95
162040,93
162051,93
162060,93
162070,93
162080,93
162090,93
162100,93
162110,93
162120,93
162131,91
162140,91
162150,91
162160,91
162170,91
162181,91
162191,91
162200,91
162210,91
162220,91
162230,91
162241,91
162250,91
162260,91
162271,89
162280,89
162290,89
162300,89
162310,89
162321,91
162330,91
162340,91
162350,91
162360,91
162371,93
162380,93
162390,93
162400,93
162410,93
162420,93
162431,93
162440,93
162450,93
162460,93
162470,95
162480,95
162490,95
162500,95
162512,101
162520,101
162530,101
162540,101
162550,101
162561,99
162570,99
162580,99
162590,99
162600,99
162611,97
162620,97
162630,97
162640,97
162650,97
162660,95
162671,95
162680,95
162690,95
162700,95
162710,95
162721,95
162730,95
162740,95
162751,95
162760,95
162770,95
162780,95
162790,95
162802,93
162810,93
162820,93
162830,93
162840,93
162851,95
162860,95
162870,95
162880,95
162890,95
162900,95
162910,95
162920,95
162930,95
162940,95
162950,95
162961,95
162970,95
162980,95
162990,95
163000,95
163010,95
163020,95
163030,95
163041,93
163050,93
163060,93
163070,93
163080,93
163090,93
163100,93
163111,93
163120,93
163130,93
163141,93
163151,93
163161,93
163170,93
163180,93
163191,93
163200,93
163210,93
163221,93
163232,91
163241,91
163251,91
163260,91
163271,91
163281,91
163290,91
163300,91
163310,91
163321,91
163331,91
163341,91
163351,91
163360,91
163371,93
163380,93
163390,93
163400,93
163410,93
163421,93
163430,93
163440,93
163451,93
163460,93
163471,93
163480,93
163490,93
163500,93
163510,93
163520,95
163531,95
163540,95
163551,95
163561,93
163570,93
163580,93
163590,93
163600,93
163611,91
163621,91
163630,91
163640,91
163650,91
163660,91
163671,91
163680,91
163690,91
163700,91
163710,93
163721,93
163730,93
163740,93
163751,93
163760,93
163770,93
163780,93
163790,93
163801,97
163810,97
163820,97
163830,97
163840,97
163850,95
163861,95
163870,95
163880,95
163890,95
163900,97
163911,97
163920,97
163930,97
163940,95
163950,95
163960,95
163970,95
163980,95
163991,97
164000,97
164010,97
164020,97
164030,97
164039,91
164050,91
164060,91
164070,91
164080,91
164090,95
164101,95
164110,95
164120,95
164131,93
164140,93
164150,93
164160,93
164170,93
164181,93
164191,93
164200,93
164210,93
164221,93
164231,91
164240,91
164250,91
164260,91
164270,91
164280,95
164291,95
164300,95
164310,95
164320,95
164330,95
164341,95
164350,95
164360,95
164372,95
164380,95
164390,95
164400,95
164410,95
164422,93
164430,93
164440,93
164450,93
164460,93
164470,95
164481,95
164490,95
164500,95
164510,95
164520,93
164531,93
164540,93
164550,93
164562,95
164570,95
164580,95
164590,95
164600,95
164612,91
164620,91
164630,91
164640,91
164650,91
164660,95
164670,95
164680,95
164690,95
164700,95
164710,93
164722,93
164730,93
164740,93
164752,95
164760,95
164770,95
164780,95
164790,95
164802,91
164810,91
164820,91
164830,91
164840,91
164851,95
164860,95
164870,95
164880,95
164890,95
164900,93
164912,93
164920,93
164930,93
164942,93
164950,95
164961,95
164970,95
164980,95
164992,93
165001,93
165011,93
165021,93
165030,93
165041,95
165051,95
165061,95
165071,95
165081,95
165091,93
165100,93
165111,93
165121,93
165130,93
165141,89
165151,89
165161,89
165171,89
165182,89
165191,89
165201,89
165211,89
165220,89
165231,93
165241,93
165251,93
165261,93
165271,93
165281,93
165291,93
165301,93
165311,93
165320,93
165331,95
165340,95
165350,95
165361,95
165372,95
165381,95
165391,95
165401,95
165409,95
165421,93
165430,93
165439,93
165451,93
165460,93
165470,93
165481,93
165491,93
165500,93
165511,91
165521,91
165530,91
165540,91
165550,91
165561,93
165571,93
165580,93
165590,93
165600,93
165611,95
165620,95
165630,95
165640,95
165651,95
165660,97
165671,97
165679,97
165691,97
165700,97
165710,95
165721,95
165731,95
165740,95
165751,97
165761,97
165770,97
165780,97
165790,97
165800,95
165810,95
165820,95
165830,95
165840,95
165851,95
165860,95
165870,95
165880,95
165890,95
165900,93
165911,93
165920,93
165930,93
165940,93
165950,93
165961,93
165970,93
165980,93
165991,93
166001,97
166010,97
166020,97
166030,97
166040,95
166050,95
166060,95
166070,95
166080,95
166091,101
166100,101
166110,101
166120,101
166130,101
166141,97
166150,97
166160,97
166170,97
166180,97
166190,95
166200,95
166210,95
166220,95
166230,95
166240,95
166251,95
166260,95
166270,95
166280,93
166290,93
166300,93
166310,93
166320,93
166331,91
166340,91
166350,91
166360,91
166370,91
166380,91
166391,91
166400,91
166410,91
166420,91
166430,91
166440,91
166450,91
166460,91
166472,89
166480,89
166490,89
166500,89
166510,89
166520,89
166530,89
166540,89
166550,89
166560,89
166570,93
166580,93
166590,93
166600,93
166611,91
166620,91
166630,91
166640,91
166650,91
166660,93
166670,93
166680,93
166690,93
166700,93
166710,91
166721,91
166730,91
166740,91
166750,91
166760,93
166770,93
166780,93
166790,93
166801,95
166810,95
166820,95
166830,95
166840,95
166850,91
166860,91
166870,91
166880,91
166890,91
166900,93
166911,93
166920,93
166930,93
166941,93
166950,95
166960,95
166970,95
166980,95
166992,95
167000,95
167010,95
167021,95
167030,95
167040,95
167050,95
167060,95
167070,95
167080,95
167090,95
167100,95
167110,95
167120,95
167130,95
167140,97
167150,97
167160,97
167170,97
167180,97
167191,97
167200,97
167210,97
167220,97
167231,97
167241,97
167250,97
167260,97
167271,97
167281,93
167290,93
167301,93
167311,93
167320,93
167329,95
167340,95
167351,95
167359,95
167371,95
167380,93
167391,93
167399,93
167410,93
167422,95
167431,95
167440,95
167450,95
167460,95
167471,97
167480,97
167490,97
167500,97
167511,97
167521,95
167529,95
167540,95
167551,95
167560,95
167570,97
167581,97
167591,97
167600,97
167609,97
167621,95
167631,95
167640,95
167650,95
167661,93
167671,93
167680,93
167689,93
167700,93
167711,95
167720,95
167729,95
167740,95
167750,95
167761,91
167771,91
167780,91
167790,91
167800,91
167810,95
167821,95
167830,95
167840,95
167850,95
167860,93
167870,93
167880,93
167890,93
167901,95
167910,95
167920,95
167930,95
167940,95
167951,93
167960,93
167970,93
167980,93
167990,93
168000,93
168011,93
168021,93
168030,93
168040,93
168050,91
168060,91
168070,91
168080,91
168092,91
168100,91
168110,91
168120,91
168130,91
168140,91
168150,91
168160,91
168171,91
168180,91
168191,91
168201,91
168211,91
168221,91
168231,91
168240,91
168251,91
168260,91
168270,91
168282,95
168291,95
168300,95
168310,95
168320,95
168331,99
168340,99
168350,99
168360,99
168371,99
168380,97
168390,97
168400,97
168411,97
168420,97
168430,93
168441,93
168451,93
168460,93
168471,95
168480,95
168491,95
168500,95
168510,95
168521,93
168530,93
168540,93
168550,93
168560,93
168571,93
168580,93
168590,93
168600,93
168611,93
168620,91
168632,91
168640,91
168652,91
168662,91
168670,95
168680,95
168692,95
168700,95
168712,95
168720,95
168732,95
168740,95
168750,95
168761,95
168770,95
168780,95
168790,95
168800,95
168812,93
168820,93
168830,93
168840,93
168849,93
168860,95
168872,95
168880,95
168892,95
168902,93
168910,93
168920,93
168932,93
168940,93
168952,91
168960,91
168972,91
168980,91
168990,91
169000,89
169010,89
169021,89
169030,89
169040,89
169050,95
169061,95
169070,95
169081,95
169089,95
169101,97
169110,97
169120,97
169132,97
169142,97
169151,97
169161,97
169171,97
169180,97
169192,93
169201,93
169211,93
169221,93
169231,93
169241,93
169251,93
169260,93
169271,93
169281,93
169291,91
169301,91
169311,91
169320,91
169330,87
169341,87
169351,87
169360,87
169370,87
169380,89
169390,89
169401,89
169410,89
169421,89
169430,95
169441,95
169451,95
169460,95
169470,95
169481,93
169491,93
169500,93
169511,93
169521,95
169531,95
169540,95
169551,95
169560,95
169571,93
169580,93
169591,93
169600,93
169611,93
169621,95
169631,95
169641,95
169650,95
169660,95
169671,93
169680,93
169690,93
169700,93
169711,93
169720,93
169731,93
169740,93
169751,93
169761,91
169770,91
169780,91
169790,91
169800,91
169811,95
169821,95
169830,95
169840,95
169851,95
169860,95
169871,95
169880,95
169890,95
169900,95
169910,95
169920,95
169930,95
169940,95
169951,95
169960,95
169970,95
169980,95
169991,95
170000,93
170010,93
170021,93
170031,93
170040,93
170050,93
170061,93
170071,93
170080,93
170090,93
170100,91
170111,91
170120,91
170130,91
170141,93
170151,93
170160,93
170170,93
170180,93
170191,93
170200,93
170211,93
170221,93
170231,93
170240,93
170251,93
170260,93
170271,93
170280,93
170290,91
170300,91
170311,91
170320,91
170331,93
170340,93
170351,93
170360,93
170370,93
170380,91
170391,91
170400,91
170410,91
170421,91
170431,93
170441,93
170450,93
170460,93
170471,93
170480,91
170490,91
170500,91
170511,91
170522,93
170531,93
170540,93
170551,93
170560,93
170571,93
170580,93
170591,93
170600,93
170610,93
170620,95
170631,95
170640,95
170650,95
170660,95
170671,95
170681,95
170690,95
170700,95
170711,95
170720,95
170731,95
170740,95
170751,95
170760,95
170770,95
170780,95
170791,95
170800,95
170811,93
170820,93
170831,93
170840,93
170850,93
170860,91
170871,91
170880,91
170890,91
170900,91
170910,89
170921,89
170930,89
170940,89
170951,93
170960,93
170970,93
170980,93
170991,93
171001,93
171010,93
171020,93
171031,93
171041,93
171050,95
171060,95
171071,95
171080,95
171090,95
171100,95
171110,95
171120,95
171130,95
171140,95
171151,95
171160,95
171170,95
171180,95
171192,93
171200,93
171210,93
171221,93
171231,93
171240,89
171251,89
171261,89
171271,89
171280,89
171290,89
171301,89
171311,89
171321,89
171331,93
171341,93
171351,93
171361,93
171371,93
171380,91
171391,91
171399,91
171410,91
171421,91
171430,91
171441,91
171451,91
171460,91
171471,91
171480,91
171490,91
171500,91
171510,91
171520,95
171530,95
171540,95
171550,95
171559,95
171571,97
171580,97
171591,97
171601,97
171610,97
171620,95
171630,95
171640,95
171651,95
171660,95
171670,93
171681,93
171691,93
171700,93
171711,93
171721,95
171731,95
171740,95
171750,95
171761,93
171770,93
171780,93
171790,93
171800,93
171811,93
171820,93
171831,93
171840,93
171851,93
171860,91
171871,91
171880,91
171890,91
171901,91
171911,91
171920,91
171930,91
171940,91
171951,91
171960,91
171970,91
171980,91
171991,91
172000,91
172010,91
172020,91
172031,91
172040,91
172050,91
172061,91
172070,91
172080,91
172090,91
172100,93
172110,93
172120,93
172130,93
172141,93
172150,93
172160,93
172170,93
172180,93
172191,97
172200,97
172210,97
172220,97
172230,97
172240,97
172250,97
172260,97
172270,97
172280,97
172290,97
172301,97
172310,97
172320,97
172330,97
172340,95
172351,95
172360,95
172370,95
172380,95
172390,95
172400,95
172410,95
172421,95
172431,95
172440,95
172450,95
172460,95
172470,95
172480,95
172490,95
172500,95
172510,95
172520,95
172530,93
172541,93
172550,93
172561,93
172570,93
172580,93
172591,93
172600,93
172610,93
172622,93
172630,101
172640,101
172650,101
172660,101
172672,99
172680,99
172690,99
172700,99
172710,99
172722,103
172730,103
172740,103
172751,103
172760,103
172771,97
172780,97
172790,97
172800,97
172810,97
172820,95
172832,95
172839,95
172849,95
172860,95
172870,91
172880,91
172890,91
172900,91
172912,91
172920,91
172930,91
172940,91
172951,91
172960,87
172970,87
172980,87
172990,87
173000,87
173010,89
173022,89
173030,89
173041,89
173052,91
173060,91
173070,91
173080,91
173090,91
173102,95
173110,95
173120,95
173131,95
173140,95
173152,95
173161,95
173171,95
173181,95
173192,95
173200,95
173211,95
173221,95
173231,95
173241,95
173251,95
173261,95
173271,95
173281,95
173292,93
173301,93
173311,93
173321,93
173330,93
173341,91
173351,91
173361,91
173371,91
173381,91
173391,91
173400,91
173410,91
173420,91
173432,89
173440,89
173450,89
173460,89
173470,89
173481,91
173491,91
173500,91
173511,91
173520,91
173530,91
173541,91
173551,91
173560,91
173570,91
173581,91
173591,91
173599,91
173610,91
173620,95
173631,95
173640,95
173649,95
173660,95
173671,99
173680,99
173690,99
173700,99
173711,99
173721,97
173730,97
173740,97
173751,97
173759,97
173771,97
173781,97
173790,97
173801,97
173810,97
173821,97
173831,97
173840,97
173850,97
173861,95
173870,95
173881,95
173890,95
173900,95
173911,95
173920,95
173930,95
173940,95
173950,95
173960,93
173970,93
173980,93
173990,93
174000,93
174010,93
174021,93
174030,93
174040,93
174050,93
174060,93
174070,93
174080,93
174090,93
174101,93
174110,93
174120,93
174130,93
174140,93
174150,93
174160,93
174170,93
174180,93
174190,93
174200,95
174210,95
174221,95
174230,95
174240,95
174250,95
174261,95
174270,95
174280,95
174290,95
174300,95
174310,95
174320,95
174330,95
174341,93
174350,93
174360,93
174370,93
174380,93
174390,95
174401,95
174410,95
174421,95
174430,95
174440,95
174451,95
174460,95
174470,95
174480,93
174490,93
174500,93
174510,93
174520,93
174531,93
174540,93
174550,93
174560,93
174570,93
174581,93
174590,93
174600,93
174610,93
174621,93
174630,93
174641,93
174650,93
174660,93
174671,93
174680,93
174690,93
174700,93
174710,93
174721,91
174730,91
174740,91
174750,91
174760,91
174771,93
174780,93
174790,93
174800,93
174810,93
174820,93
174831,93
174840,93
174850,93
174860,93
174870,93
174880,93
174890,93
174900,93
174912,91
174920,91
174930,91
174940,91
174950,91
174961,93
174970,93
174980,93
174990,93
175000,93
175010,93
175021,93
175030,93
175040,93
175050,93
175061,93
175070,93
175080,93
175090,93
175101,93
175110,93
175120,93
175130,93
175140,93
175150,93
175160,93
175170,93
175180,93
175190,93
175200,93
175210,93
175221,93
175230,93
175241,93
175250,93
175260,93
175270,93
175280,93
175291,93
175301,93
175310,93
175320,93
175331,93
175341,93
175351,93
175360,93
175370,93
175380,93
175390,93
175401,93
175421,93
175441,93
175451,93
175461,93
175481,93
175491,93
175501,93
175511,93
175520,93
175531,97
175541,97
175591,97
175601,97
175611,97
175620,95
175630,95
175641,95
175651,95
175661,95
175681,97
175691,97
175701,97
175730,95
175741,95
175751,95
175760,95
175770,91
175781,91
175790,91
175801,91
175811,93
175821,93
175830,93
175841,93
175850,93
175861,93
175890,93
175900,93
175910,93
175920,93
175930,93
175940,93
175950,93
175960,95
175970,95
175980,95
176000,99
176010,99
176021,99
176030,99
176040,99
176051,97
176060,97
176070,97
176080,97
176090,97
176100,99
176110,99
176120,99
176130,99
176140,99
176150,97
176161,97
176170,97
176180,97
176190,97
176200,93
176211,93
176221,93
176230,93
176241,89
176251,89
176261,89
176270,89
176280,89
176300,89
176310,89
176320,89
176330,89
176341,87
176351,87
176360,87
176370,87
176400,89
176410,89
176431,93
176440,93
176451,93
176460,93
176470,93
176490,95
176500,95
176510,95
176520,95
176530,97
176540,97
176550,97
176560,97
176570,97
176590,97
176600,97
176610,97
176622,97
176630,97
176640,97
176651,97
176660,97
176672,93
176680,93
176690,93
176700,93
176710,93
176720,87
176731,87
176750,87
176762,87
176770,87
176780,87
176800,87
176812,91
176821,91
176830,91
176840,91
176851,91
176860,91
176872,91
176880,91
176890,91
176901,91
176910,95
176921,95
176930,95
176940,95
176972,95
176981,95
176990,95
177001,97
177021,97
177030,97
177040,97
177060,95
177070,95
177080,95
177090,95
177100,91
177120,91
177130,91
177141,89
177150,89
177160,89
177170,89
177200,91
177211,91
177221,91
177230,91
177241,91
177251,91
177261,91
177272,91
177281,91
177301,95
177311,95
177321,95
177331,95
177341,95
177351,95
177360,95
177400,95
177421,95
177432,95
177441,95
177451,95
177461,95
177471,95
177480,93
177501,93
177510,93
177521,93
177531,93
177540,93
177550,93
177561,93
177580,91
177590,91
177601,91
177621,95
177630,95
177641,95
177649,95
177661,95
177671,95
177679,95
177691,95
177721,97
177730,97
177741,97
177750,97
177760,97
177770,95
177780,95
177791,95
177800,95
177810,95
177821,95
177830,95
177841,95
177851,95
177871,93
177880,93
177890,93
177900,93
177911,91
177940,91
177951,91
177960,91
177971,91
177980,91
177990,91
178001,95
178010,95
178021,95
178030,95
178040,95
178051,93
178060,93
178070,93
178080,93
178090,93
178101,93
178110,93
178120,93
178130,93
178140,93
178150,91
178161,91
178170,91
178180,91
178192,91
178200,91
178210,91
178221,91
178230,91
178240,93
178249,93
178260,93
178270,93
178280,93
178300,93
178320,93
178330,93
178340,93
178351,93
178360,93
178370,93
178380,93
178390,95
178410,95
178421,95
178431,93
178440,93
178449,93
178460,93
178470,93
178480,95
178490,95
178510,95
178520,95
178531,91
178540,91
178551,91
178559,91
178570,91
178580,95
178600,95
178610,95
178620,95
178630,93
178639,93
178649,93
178660,93
178672,93
178680,93
178690,93
178700,93
178710,93
178720,91
178730,91
178740,91
178750,91
178760,91
178770,95
178780,95
178790,95
178800,95
178810,95
178821,91
178831,91
178840,91
178850,91
178862,93
178870,93
178880,93
178890,93
178900,93
178911,93
178920,93
178930,93
178940,93
178950,93
178960,95
178970,95
178980,95
178990,95
179000,95
179010,93
179020,93
179030,93
179040,93
179049,93
179060,95
179071,95
179080,95
179090,95
179102,97
179120,97
179130,97
179140,97
179152,97
179159,97
179170,97
179180,97
179190,97
179201,95
179210,95
179220,95
179230,95
179249,95
179261,95
179270,95
179280,95
179290,95
179300,91
179310,91
179320,91
179330,91
179341,93
179360,93
179370,93
179381,93
179390,91
179400,91
179411,91
179451,93
179460,93
179471,93
179480,93
179489,91
179501,91
179511,91
179520,91
179531,95
179541,95
179551,95
179560,95
179570,95
179580,93
179591,93
179600,93
179610,93
179620,93
179631,95
179640,95
179650,95
179660,95
179671,95
179680,93
179691,93
179721,95
179730,95
179740,95
179750,95
179761,95
179772,93
179781,93
179791,93
179800,93
179810,93
179820,93
179831,93
179839,93
179850,93
179860,93
179870,91
179881,91
179890,91
179900,91
179912,95
179920,95
179930,95
179940,95
179951,95
179961,93
179970,93
179980,93
179990,93
180000,93
180011,95
180021,95
180030,95
180040,95
180050,95
180060,91
180071,91
180080,91
180090,91
180100,91
180110,95
180121,95
180130,95
180140,95
180151,95
180160,95
180170,95
180180,95
180192,95
180220,95
180230,95
180240,95
180251,93
180260,93
180270,93
180280,93
180290,93
180300,95
180311,95
180320,95
180330,95
180360,93
180370,93
180380,93
180392,93
180430,93
180440,93
180449,93
180460,93
180480,93
180490,93
180501,93
180510,93
180531,93
180540,93
180551,93
180560,93
180570,93
180580,91
180591,91
180600,91
180610,91
180621,91
180640,91
180650,91
180660,91
180670,91
180680,91
180691,91
180700,91
180710,91
180722,91
180730,91
180740,91
180751,91
180760,91
180772,91
180791,91
180800,91
180810,91
180821,85
180840,85
180850,85
180860,85
180870,89
180880,89
180891,89
180902,89
180912,95
180920,95
180930,95
180940,95
180951,95
180962,97
180970,97
180980,97
180991,97
181002,97
181010,97
181020,97
181030,97
181041,97
181051,97
181060,95
181072,95
181080,95
181091,95
181102,97
181110,97
181120,97
181130,97
181140,97
181151,93
181162,93
181170,93
181180,93
181192,93
181202,93
181210,93
181222,93
181230,93
181241,93
181251,95
181260,95
181270,95
181281,95
181291,95
181302,95
181311,95
181320,95
181331,95
181341,93
181351,93
181361,93
181371,93
181381,93
181392,91
181401,91
181411,91
181421,91
181430,91
181441,93
181450,93
181461,93
181471,93
181481,93
181491,91
181500,91
181511,91
181521,91
181531,93
181541,93
181551,93
181560,93
181570,93
181581,91
181591,91
181601,91
181611,91
181621,91
181631,95
181640,95
181650,95
181661,95
181671,95
181681,93
181691,93
181701,93
181711,93
181721,93
181730,95
181740,95
181751,95
181760,95
181771,95
181780,95
181791,95
181800,95
181811,95
181822,95
181831,95
181841,95
181850,95
181861,95
181871,95
181879,95
181891,95
181900,95
181910,95
181921,91
181931,91
181941,91
181950,91
181961,89
181971,89
181980,89
181990,89
182001,89
182011,91
182021,91
182030,91
182041,91
182051,91
182060,93
182071,93
182081,93
182091,93
182100,93
182110,91
182121,91
182131,91
182140,91
182151,93
182160,93
182170,93
182180,93
182190,93
182200,101
182211,101
182220,101
182230,101
182241,101
182251,97
182260,97
182270,97
182281,97
182291,97
182301,95
182310,95
182321,95
182331,95
182340,95
182350,95
182361,95
182370,95
182380,95
182390,95
182401,95
182411,95
182420,95
182430,95
182440,95
182451,95
182460,95
182470,95
182481,95
182491,93
182500,93
182510,93
182521,93
182531,93
182540,95
182550,95
182561,95
182571,95
182580,95
182590,95
182601,95
182611,95
182621,95
182630,95
182641,95
182651,95
182660,95
182670,95
182682,91
182691,91
182700,91
182710,91
182720,91
182731,95
182740,95
182751,95
182761,95
182771,95
182781,93
182790,93
182801,93
182811,93
182821,93
182830,95
182841,95
182851,95
182860,95
182871,95
182881,91
182891,91
182900,91
182911,91
182921,93
182930,93
182940,93
182950,93
182961,93
182971,93
182980,93
182990,93
183001,93
183011,93
183021,95
183031,95
183041,95
183050,95
183060,95
183070,93
183080,93
183091,93
183100,93
183112,91
183120,91
183131,91
183140,91
183151,91
183161,91
183171,91
183180,91
183190,91
183201,91
183210,89
183221,89
183230,89
183239,89
183251,89
183260,89
183270,89
183280,89
183291,89
183302,89
183310,89
183321,89
183331,89
183340,89
183351,93
183360,93
183371,93
183380,93
183390,93
183401,93
183411,93
183421,93
183431,93
183441,95
183451,95
183461,95
183470,95
183481,95
183491,93
183500,93
183510,93
183521,93
183531,93
183540,95
183550,95
183561,95
183571,95
183580,95
183590,93
183600,93
183609,93
183621,93
183631,93
183639,97
183651,97
183661,97
183671,97
183680,93
183691,93
183701,93
183710,93
183721,93
183731,95
183741,95
183751,95
183761,95
183770,95
183780,93
183791,93
183799,93
183810,93
183821,93
183830,93
183841,93
183850,93
183861,93
183872,91
183880,91
183889,91
183900,91
183910,91
183920,95
183930,95
183940,95
183950,95
183961,95
183970,91
183981,91
183990,91
184001,91
184010,91
184021,95
184031,95
184039,95
184050,95
184062,91
184071,91
184080,91
184091,91
184100,91
184111,95
184121,95
184129,95
184140,95
184151,95
184160,93
184171,93
184180,93
184190,93
184200,93
184210,93
184221,93
184230,93
184239,93
184251,93
184260,93
184271,93
184280,93
184291,93
184301,95
184311,95
184320,95
184330,95
184340,95
184351,95
184361,95
184369,95
184380,95
184390,95
184400,93
184411,93
184421,93
184430,93
184442,91
184450,91
184460,91
184471,91
184479,91
184491,91
184500,91
184511,91
184521,91
184529,91
184540,93
184551,93
184560,93
184569,93
184580,93
184590,91
184600,91
184610,91
184621,91
184631,97
184639,97
184649,97
184660,97
184671,97
184681,103
184690,103
184700,103
184711,103
184721,103
184731,99
184740,99
184751,99
184759,99
184769,99
184780,95
184791,95
184799,95
184809,95
184822,95
184831,95
184840,95
184850,95
184860,95
184871,91
184879,91
184890,91
184900,91
184911,91
184920,93
184930,93
184940,93
184950,93
184960,93
184970,91
184982,91
184990,91
184999,91
185012,91
185022,91
185032,91
185040,91
185050,91
185062,95
185070,95
185079,95
185090,95
185100,95
185112,97
185120,97
185131,97
185140,97
185152,97
185159,95
185172,95
185180,95
185192,95
185200,95
185211,97
185222,97
185232,97
185239,97
185252,93
185260,93
185272,93
185279,93
185289,93
185301,93
185312,93
185321,93
185329,93
185341,93
185352,91
185360,91
185369,91
185381,91
185391,91
185399,93
185411,93
185421,93
185431,93
185440,91
185451,91
185461,91
185471,91
185481,91
185491,95
185500,95
185511,95
185520,95
185531,95
185541,91
185551,91
185560,91
185571,91
185580,91
185591,95
185601,95
185611,95
185621,95
185631,95
185639,93
185650,93
185660,93
185671,93
185681,95
185690,95
185700,95
185711,95
185720,95
185731,93
185740,93
185751,93
185761,93
185771,93
185781,93
185791,93
185800,93
185810,93
185820,93
185831,93
185841,93
185849,93
185861,93
185870,93
185880,95
185891,95
185900,95
185911,95
185921,93
185929,93
185940,93
185951,93
185960,93
185971,93
185980,93
185991,93
185999,93
186010,93
186021,93
186031,93
186039,93
186049,93
186061,93
186070,91
186080,91
186090,91
186100,91
186111,87
186120,87
186130,87
186140,87
186151,87
186160,89
186170,89
186180,89
186191,89
186200,89
186210,91
186220,91
186231,91
186239,91
186251,93
186260,93
186271,93
186280,93
186291,93
186301,91
186311,91
186320,91
186329,91
186340,91
186351,93
186360,93
186370,93
186381,93
186391,93
186400,93
186411,93
186421,93
186431,93
186439,93
186450,95
186461,95
186471,95
186480,95
186491,93
186500,93
186511,93
186520,93
186530,93
186541,93
186550,93
186560,93
186570,93
186580,93
186591,93
186601,93
186610,93
186621,93
186631,93
186640,95
186650,95
186660,95
186671,95
186680,95
186690,95
186701,95
186711,95
186720,95
186731,91
186741,91
186751,91
186760,91
186770,91
186781,91
186791,91
186800,91
186810,91
186821,91
186831,91
186841,91
186850,91
186861,91
186870,91
186880,91
186890,91
186901,91
186911,91
186921,95
186931,95
186941,95
186951,95
186960,95
186971,101
186981,101
186991,101
187000,101
187011,101
187021,107
187031,107
187040,107
187050,107
187061,107
187071,99
187080,99
187090,99
187101,99
187111,99
187121,95
187131,95
187141,95
187151,95
187160,93
187170,93
187181,93
187191,93
187200,93
187211,91
187221,91
187231,91
187240,91
187250,91
187261,91
187271,91
187281,91
187290,91
187301,91
187311,91
187321,91
187330,91
187341,91
187351,93
187360,93
187371,93
187381,93
187391,93
187400,93
187410,93
187421,93
187431,93
187440,93
187451,93
187460,93
187471,93
187481,93
187491,93
187500,91
187511,91
187520,91
187531,91
187542,93
187550,93
187560,93
187570,93
187581,93
187590,93
187600,93
187611,93
187621,93
187631,93
187641,85
187650,85
187660,85
187671,85
187680,89
187691,89
187701,89
187710,89
187720,89
187730,91
187741,91
187751,91
187759,91
187770,91
187781,91
187791,91
187801,91
187811,91
187820,91
187831,95
187840,95
187850,95
187860,95
187871,91
187880,91
187891,91
187901,91
187911,91
187921,97
187931,97
187941,97
187951,97
187960,97
187970,95
187981,95
187991,95
188001,95
188011,95
188020,97
188031,97
188041,97
188050,97
188060,91
188071,91
188081,91
188091,91
188101,91
188111,93
188120,93
188130,93
188141,93
188151,93
188161,95
188171,95
188181,95
188191,95
188200,95
188211,95
188221,95
188230,95
188240,95
188251,95
188261,103
188271,103
188281,103
188291,103
188301,103
188310,103
188321,103
188330,103
188341,103
188351,99
188361,99
188370,99
188381,99
188391,99
188401,95
188411,95
188421,95
188430,95
188440,95
188450,95
188461,95
188471,95
188481,95
188491,95
188501,93
188511,93
188521,93
188531,93
188540,93
188550,93
188561,93
188571,93
188581,93
188591,91
188601,91
188610,91
188621,91
188630,91
188640,89
188651,89
188661,89
188671,89
188681,89
188691,91
188701,91
188711,91
188721,91
188732,93
188741,93
188751,93
188761,93
188771,93
188781,93
188791,93
188801,93
188810,93
188821,93
188831,95
188841,95
188851,95
188861,95
188870,95
188881,93
188891,93
188900,93
188911,93
188920,91
188931,91
188942,91
188950,91
188961,91
188972,89
188982,89
188990,89
189000,89
189011,89
189022,93
189030,93
189039,93
189051,93
189062,93
189070,93
189082,93
189091,93
189100,93
189112,93
189122,95
189131,95
189142,95
189150,95
189162,93
189171,93
189182,93
189192,93
189202,93
189211,95
189222,95
189230,95
189240,95
189250,95
189260,93
189272,93
189280,93
189292,93
189300,93
189310,95
189322,95
189331,95
189342,95
189350,93
189362,93
189371,93
189382,93
189391,93
189401,93
189411,93
189422,93
189431,93
189439,93
189451,93
189461,93
189471,93
189481,93
189491,93
189501,93
189511,93
189521,93
189531,93
189542,93
189550,93
189561,93
189571,93
189581,93
189591,95
189601,95
189611,95
189621,95
189631,95
189641,95
189651,95
189661,95
189670,95
189681,95
189691,97
189700,97
189711,97
189721,97
189731,97
189741,95
189751,95
189761,95
189770,95
189780,91
189791,91
189799,91
189810,91
189821,91
189831,89
189840,89
189850,89
189861,89
189870,89
189880,89
189891,89
189900,89
189910,89
189921,85
189930,85
189941,85
189950,85
189961,85
189971,89
189980,89
189990,89
189999,89
190011,89
190021,91
190031,91
190040,91
190051,91
190060,91
190070,93
190081,93
190091,93
190100,93
190111,93
190121,95
190130,95
190140,95
190151,95
190161,93
190171,93
190180,93
190190,93
190200,93
190211,95
190221,95
190231,95
190240,95
190249,95
190260,95
190270,95
190279,95
190291,95
190300,95
190311,95
190321,95
190329,95
190340,95
190351,95
190359,95
190371,95
190380,95
190391,95
190401,95
190410,95
190421,95
190431,95
190440,95
190451,95
190460,95
190470,95
190479,95
190490,95
190501,93
190511,93
190520,93
190529,93
190540,93
190551,93
190561,93
190571,93
190580,93
190591,93
190599,93
190609,93
190621,93
190631,93
190642,95
190651,95
190660,95
190671,95
190679,95
190691,93
190701,93
190710,93
190721,93
190729,93
190740,93
190751,93
190760,93
190770,93
190780,93
190791,93
190800,93
190809,93
190820,93
190831,95
190840,95
190849,95
190860,95
190870,95
190880,93
190889,93
190901,93
190911,93
190920,93
190930,93
190940,93
190951,93
190959,93
190969,93
190980,95
190991,95
191000,95
191009,95
191021,95
191031,93
191040,93
191050,93
191060,93
191071,93
191079,93
191089,93
191100,93
191111,93
191121,93
191129,93
191140,93
191151,93
191159,93
191169,93
191181,93
191191,93
191199,93
191209,93
191220,93
191231,93
191240,93
191249,93
191261,89
191270,89
191279,89
191289,89
191300,89
191311,91
191320,91
191329,91
191340,91
191351,91
191359,91
191371,91
191380,91
191391,91
191400,91
191410,93
191421,93
191431,93
191439,93
191450,95
191460,95
191470,95
191479,95
191489,95
191502,99
191511,99
191520,99
191530,99
191540,99
191550,99
191559,99
191569,99
191580,99
191591,99
191600,95
191611,95
191620,95
191631,95
191639,95
191650,97
191660,97
191671,97
191680,97
191690,93
191700,93
191711,93
191720,93
191730,93
191742,95
191751,95
191760,95
191771,95
191781,95
191791,93
191800,93
191810,93
191820,93
191831,93
191839,93
191850,93
191861,93
191871,93
191881,93
191890,99
191901,99
191911,99
191920,99
191931,97
191940,97
191951,97
191960,97
191969,97
191981,95
191991,95
191999,95
192010,95
192020,95
192031,93
192039,93
192051,93
192060,93
192071,93
192080,91
192091,91
192100,91
192111,91
192121,91
192129,91
192140,91
192151,91
192159,91
192171,93
192180,93
192191,93
192200,93
192210,93
192220,93
192231,93
192240,93
192250,93
192260,93
192270,93
192281,93
192290,93
192300,93
192311,93
192320,93
192331,93
192340,93
192351,93
192361,95
192370,95
192380,95
192391,95
192400,95
192411,93
192420,93
192431,93
192440,93
192450,93
192460,91
192471,91
192480,91
192490,91
192500,91
192511,93
192521,93
192530,93
192540,93
192550,93
192559,93
192570,93
192581,93
192591,93
192601,93
192611,93
192620,93
192631,93
192640,93
192651,93
192661,93
192671,93
192681,93
192690,93
192700,93
192711,93
192720,93
192730,93
192740,93
192751,95
192761,95
192771,95
192781,95
192791,93
192800,93
192811,93
192820,93
192831,93
192841,95
192850,95
192862,95
192871,95
192880,95
192890,95
192902,95
192911,95
192920,95
192930,95
192941,95
192951,95
192960,95
192970,95
192980,93
192991,93
193000,93
193010,93
193020,93
193031,93
193041,93
193050,93
193060,93
193072,93
193080,95
193090,95
193100,95
193112,95
193120,95
193131,93
193140,93
193152,93
193161,93
193170,93
193181,93
193192,93
193200,93
193211,93
193221,93
193232,93
193241,93
193250,93
193261,93
193272,95
193280,95
193291,95
193300,95
193310,95
193320,93
193331,93
193341,93
193352,93
193360,93
193371,95
193381,95
193392,95
193401,95
193412,93
193420,93
193432,93
193441,93
193451,93
193461,95
193471,95
193481,95
193492,95
193501,95
193511,93
193521,93
193531,93
193541,93
193551,93
193561,91
193571,91
193581,91
193591,91
193602,89
193611,89
193620,89
193631,89
193641,89
193651,91
193661,91
193671,91
193681,91
193691,91
193701,91
193710,91
193720,91
193731,91
193740,91
193751,95
193761,95
193770,95
193781,95
193791,99
193801,99
193811,99
193820,99
193831,99
193841,97
193850,97
193860,97
193870,97
193881,97
193891,95
193901,95
193910,95
193920,95
193930,95
193941,95
193950,95
193961,95
193969,95
193981,95
193991,91
194000,91
194011,91
194020,91
194032,93
194041,93
194050,93
194061,93
194070,93
194080,93
194090,93
194101,93
194111,93
194121,93
194131,95
194141,95
194151,95
194161,95
194171,95
194181,99
194191,99
194201,99
194211,99
194221,99
194230,101
194240,101
194251,101
194261,101
194271,101
194281,97
194291,97
194301,97
194311,97
194321,95
194331,95
194341,95
194351,95
194360,95
194371,91
194381,91
194390,91
194401,91
194411,91
194421,91
194431,91
194441,91
194451,91
194460,91
194471,91
194481,91
194491,91
194501,91
194511,89
194520,89
194530,89
194541,89
194550,89
194561,89
194571,89
194581,89
194591,89
194601,91
194611,91
194621,91
194631,91
194641,91
194651,87
194660,87
194671,87
194681,87
194691,87
194701,89
194711,89
194720,89
194731,89
194742,91
194750,91
194761,91
194771,91
194781,91
194791,93
194801,93
194811,93
194821,93
194830,93
194840,95
194851,95
194861,95
194871,95
194881,95
194891,95
194900,95
194911,95
194921,95
194929,95
194941,95
194951,95
194960,95
194971,95
194981,95
194991,107
195000,107
195011,107
195021,107
195031,107
195040,101
195051,101
195060,101
195071,101
195082,97
195091,97
195101,97
195111,97
195121,97
195130,95
195141,95
195150,95
195161,95
195171,95
195181,93
195191,93
195201,93
195211,93
195221,93
195231,91
195241,91
195251,91
195261,91
195272,91
195281,91
195290,91
195301,91
195310,91
195321,91
195331,91
195341,91
195351,91
195360,91
195371,93
195381,93
195390,93
195401,93
195411,93
195421,95
195430,95
195441,95
195451,95
195460,93
195470,93
195481,93
195490,93
195501,93
195510,93
195521,93
195531,93
195541,93
195550,93
195559,91
195570,91
195580,91
195591,91
195600,91
195609,91
195621,91
195630,91
195640,91
195651,91
195660,91
195670,91
195680,91
195691,91
195701,91
195710,91
195721,91
195731,91
195741,91
195751,93
195761,93
195770,93
195781,93
195792,95
195801,95
195810,95
195821,95
195830,95
195840,91
195851,91
195861,91
195870,91
195879,91
195889,91
195901,91
195911,91
195919,91
195931,91
195941,91
195950,91
195960,91
195971,91
195981,91
195990,91
196000,91
196010,91
196021,91
196030,93
196039,93
196051,93
196061,93
196070,93
196081,91
196091,91
196100,91
196110,91
196120,91
196131,95
196140,95
196150,95
196159,95
196171,95
196180,95
196191,95
196200,95
196210,95
196220,95
196231,95
196240,95
196249,95
196260,95
196270,93
196281,93
196291,93
196300,93
196311,95
196319,95
196330,95
196340,95
196351,95
196361,95
196370,95
196380,95
196390,95
196400,95
196411,91
196421,91
196430,91
196441,91
196450,91
196460,89
196470,89
196480,89
196491,89
196501,91
196510,91
196521,91
196530,91
196540,91
196551,93
196559,93
196571,93
196581,93
196591,93
196599,95
196611,95
196620,95
196631,95
196640,95
196649,95
196661,95
196670,95
196681,95
196692,97
196700,97
196710,97
196720,97
196730,97
196741,99
196751,99
196759,99
196770,99
196780,99
196790,95
196799,95
196809,95
196820,95
196831,95
196839,95
196851,95
196860,95
196870,95
196880,95
196890,95
196902,95
196911,95
196921,95
196930,95
196940,97
196951,97
196959,97
196970,97
196983,95
196990,95
196999,95
197010,95
197020,95
197031,97
197039,97
197049,97
197060,97
197070,97
197080,95
197089,95
197100,95
197111,95
197120,95
197129,95
197142,95
197151,95
197159,95
197170,95
197182,95
197192,95
197199,95
197210,95
197222,91
197231,91
197239,91
197251,91
197260,91
197272,93
197280,93
197290,93
197300,93
197311,93
197320,91
197332,91
197340,91
197351,91
197362,83
197369,83
197382,83
197390,83
197400,83
197411,87
197420,87
197431,87
197439,87
197451,87
197460,91
197471,91
197480,91
197490,91
197502,91
197511,91
197522,91
197531,91
197541,91
197550,93
197559,93
197569,93
197581,93
197591,93
197601,93
197611,93
197621,93
197631,93
197641,93
197651,95
197661,95
197671,95
197681,95
197691,95
197701,93
197710,93
197721,93
197730,93
197740,95
197751,95
197761,95
197771,95
197781,95
197791,91
197800,91
197809,91
197820,91
197830,91
197840,95
197851,95
197861,95
197871,95
197881,95
197890,93
197900,93
197911,93
197919,93
197931,91
197940,91
197951,91
197960,91
197969,91
197981,93
197991,93
198000,93
198010,93
198020,93
198031,93
198041,93
198050,93
198060,93
198071,93
198080,93
198091,93
198100,93
198111,93
198120,93
198129,93
198141,93
198151,93
198160,93
198171,93
198181,93
198190,93
198200,93
198210,93
198221,95
198231,95
198239,95
198250,95
198261,95
198271,95
198281,95
198290,95
198300,95
198310,95
198320,95
198330,95
198341,95
198351,95
198361,93
198370,93
198381,93
198391,93
198400,93
198411,95
198420,95
198431,95
198440,95
198450,95
198461,103
198471,103
198480,103
198490,103
198500,103
198511,97
198521,97
198530,97
198541,97
198551,97
198559,95
198571,95
198580,95
198591,95
198600,95
198610,95
198620,95
198631,95
198640,95
198651,93
198661,93
198671,93
198680,93
198691,93
198701,93
198711,93
198720,93
198730,93
198741,93
198751,91
198761,91
198770,91
198781,91
198791,91
198800,95
198811,95
198820,95
198831,95
198840,95
198850,101
198860,101
198871,101
198880,101
198892,97
198901,97
198911,97
198920,97
198930,97
198941,93
198951,93
198960,93
198970,93
198981,93
198991,93
199000,93
199010,93
199020,93
199030,93
199039,91
199051,91
199060,91
199070,91
199080,93
199090,93
199101,93
199111,93
199120,93
199131,91
199140,91
199151,91
199160,91
199170,91
199181,93
199191,93
199200,93
199210,93
199220,93
199230,95
199241,95
199250,95
199260,95
199271,95
199280,97
199291,97
199301,97
199311,97
199320,97
199330,101
199341,101
199351,101
199360,101
199372,97
199381,97
199391,97
199400,97
199410,97
199421,93
199430,93
199440,93
199450,93
199461,93
199471,93
199481,93
199490,93
199501,93
199511,93
199520,89
199530,89
199541,89
199551,89
199561,91
199570,91
199581,91
199591,91
199600,91
199611,91
199620,91
199631,91
199640,91
199650,91
199661,91
199671,91
199680,91
199690,91
199702,91
199711,91
199720,91
199730,91
199741,91
199752,93
199760,93
199771,93
199781,93
199791,93
199801,91
199810,91
199821,91
199831,91
199840,91
199850,87
199860,87
199870,87
199880,87
199891,89
199901,89
199910,89
199920,89
199930,89
199941,91
199950,91
199960,91
199970,91
199981,91
199990,93
200001,93
200010,93
200021,93
200031,93
200040,93
200050,93
200061,93
200071,93
200081,93
200090,93
200101,93
200110,93
200120,93
200131,97
200141,97
200151,97
200160,97
200170,97
200181,95
200191,95
200200,95
200210,95
200221,95
200230,97
200240,97
200250,97
200261,97
200271,93
200280,93
200290,93
200301,93
200311,93
200321,97
200330,97
200341,97
200350,97
200360,97
200370,93
200380,93
200390,93
200400,93
200410,93
200421,97
200431,97
200440,97
200450,97
200461,93
200471,93
200480,93
200490,93
200501,93
200511,95
200520,95
200530,95
200541,95
200550,95
200561,95
200570,95
200581,95
200590,95
200600,95
200610,95
200620,95
200630,95
200640,95
200650,95
200661,93
200671,93
200680,93
200690,93
200702,93
200710,93
200720,93
200730,93
200741,93
200750,93
200760,93
200770,93
200781,93
200790,93
200800,93
200810,93
200821,93
200830,93
200840,93
200850,95
200860,95
200870,95
200880,95
200890,95
200901,95
200911,95
200920,95
200930,95
200942,95
200950,95
200960,95
200970,95
200981,95
200992,93
201000,93
201010,93
201021,93
201030,93
201040,93
201050,93
201061,93
201070,93
201080,93
201090,93
201100,93
201110,93
201120,93
201132,93
201141,93
201150,93
201160,93
201170,93
201180,89
201190,89
201200,89
201210,89
201222,89
201230,89
201240,89
201250,89
201262,89
201272,89
201280,89
201290,89
201302,89
201310,89
201320,91
201330,91
201342,91
201352,91
201360,91
201370,91
201382,91
201390,91
201400,91
201411,91
201422,91
201430,91
201440,91
201451,91
201462,91
201472,91
201480,91
201491,91
201500,91
201512,93
201520,93
201530,93
201541,93
201550,93
201560,95
201572,95
201581,95
201590,95
201601,95
201611,95
201621,95
201631,95
201641,95
201652,93
201661,93
201671,93
201681,93
201691,93
201701,91
201711,91
201721,91
201731,91
201740,91
201751,89
201760,89
201771,89
201780,89
201792,91
201801,91
201811,91
201821,91
201831,91
201841,93
201851,93
201860,93
201871,93
201879,93
201890,95
201901,95
201911,95
201921,95
201931,93
201941,93
201951,93
201960,93
201970,93
201981,95
201991,95
202000,95
202010,95
202021,95
202031,97
202040,97
202051,97
202061,97
202071,97
202080,97
202090,97
202101,97
202110,97
202120,97
202130,97
202141,97
202151,97
202160,97
202170,97
202180,101
202191,101
202200,101
202210,101
202222,99
202230,99
202240,99
202250,99
202261,99
202271,97
202280,97
202290,97
202300,97
202310,97
202321,95
202330,95
202340,95
202350,95
202360,95
202370,91
202381,91
202390,91
202400,91
202411,91
202421,91
202430,91
202440,91
202450,91
202461,91
202471,91
202480,91
202490,91
202500,91
202510,91
202520,91
202530,91
202540,91
202550,91
202560,91
202571,91
202580,91
202590,91
202600,93
202610,93
202621,93
202630,93
202640,93
202650,93
202660,93
202670,93
202680,93
202690,93
202700,95
202710,95
202720,95
202730,95
202740,95
202750,93
202761,93
202770,93
202780,93
202790,93
202800,93
202810,93
202821,93
202830,93
202841,91
202850,91
202860,91
202870,91
202880,91
202890,87
202901,87
202910,87
202920,87
202930,87
202940,89
202950,89
202960,89
202970,89
202981,93
202990,93
203000,93
203010,93
203020,93
203031,97
203040,97
203050,97
203060,97
203070,97
203080,97
203091,97
203100,97
203110,97
203120,97
203130,95
203141,95
203150,95
203160,95
203170,97
203180,97
203190,97
203199,97
203210,97
203222,95
203230,95
203239,95
203250,95
203260,95
203271,95
203280,95
203290,95
203300,95
203310,95
203320,91
203331,91
203340,91
203350,91
203360,91
203370,93
203381,93
203390,93
203400,93
203411,95
203420,95
203430,95
203439,95
203450,95
203461,95
203470,95
203479,95
203490,95
203500,95
203511,93
203520,93
203530,93
203540,93
203550,93
203560,95
203571,95
203580,95
203590,95
203600,95
203610,95
203621,95
203630,95
203639,95
203651,93
203660,93
203670,93
203680,93
203690,93
203701,93
203710,93
203720,93
203730,93
203740,93
203750,95
203760,95
203770,95
203781,95
203791,95
203800,93
203811,93
203821,93
203831,93
203841,93
203850,93
203861,93
203871,93
203880,93
203891,91
203901,91
203911,91
203920,91
203930,91
203941,93
203950,93
203961,93
203971,93
203980,93
203990,93
204001,93
204010,93
204021,93
204030,93
204040,95
204050,95
204060,95
204070,95
204081,93
204090,93
204100,93
204110,93
204120,93
204131,95
204140,95
204150,95
204160,95
204170,95
204180,91
204190,91
204199,91
204210,91
204222,93
204230,93
204240,93
204250,93
204260,93
204271,91
204280,91
204290,91
204300,91
204310,91
204321,91
204330,91
204340,91
204350,91
204360,91
204370,91
204380,91
204390,91
204400,91
204410,93
204421,93
204430,93
204440,93
204450,93
204460,91
204470,91
204480,91
204490,91
204500,91
204510,95
204520,95
204530,95
204540,95
204550,95
204560,93
204571,93
204580,93
204590,93
204601,93
204610,93
204620,93
204630,93
204640,93
204651,93
204660,93
204670,93
204680,93
204690,93
204700,97
204710,97
204720,97
204730,97
204740,97
204750,97
204760,97
204770,97
204780,97
204790,97
204799,97
204810,97
204820,97
204830,97
204840,95
204850,95
204860,95
204870,95
204880,95
204891,95
204900,95
204910,95
204920,95
204930,95
204941,93
204950,93
204959,93
204970,93
204980,93
204990,93
205001,93
205010,93
205020,93
205031,91
205040,91
205050,91
205060,91
205070,91
205081,93
205090,93
205100,93
205110,93
205120,93
205130,95
205140,95
205150,95
205160,95
205170,95
205180,93
205191,93
205199,93
205210,93
205221,93
205230,93
205240,93
205250,93
205260,93
205272,93
205280,93
205290,93
205300,93
205310,93
205320,91
205330,91
205340,91
205350,91
205359,91
205370,93
205380,93
205390,93
205400,93
205410,93
205420,93
205431,93
205440,93
205451,93
205460,93
205470,93
205480,93
205490,93
205500,93
205511,93
205520,93
205530,93
205540,93
205550,93
205562,93
205570,93
205580,93
205590,93
205600,93
205610,91
205621,91
205630,91
205639,91
205651,91
205660,91
205671,91
205681,91
205691,91
205702,91
205711,91
205720,91
205731,91
205741,91
205751,93
205761,93
205771,93
205781,93
205791,93
205801,93
205811,93
205821,93
205831,93
205840,97
205850,97
205861,97
205870,97
205881,97
205892,95
205901,95
205911,95
205920,95
205929,95
205940,95
205950,95
205960,95
205971,95
205980,95
205990,93
206000,93
206010,93
206020,93
206030,95
206040,95
206050,95
206060,95
206070,95
206081,95
206090,95
206100,95
206110,95
206120,95
206130,95
206141,95
206150,95
206160,95
206170,95
206180,93
206190,93
206199,93
206210,93
206221,97
206230,97
206240,97
206250,97
206260,97
206271,97
206280,97
206290,97
206300,97
206310,97
206321,97
206331,97
206340,97
206350,97
206360,97
206370,95
206380,95
206390,95
206400,95
206410,95
206421,97
206431,97
206440,97
206450,97
206460,97
206470,99
206480,99
206490,99
206500,99
206512,95
206520,95
206530,95
206540,95
206550,95
206560,95
206570,95
206580,95
206590,95
206599,95
206611,95
206620,95
206630,95
206639,95
206650,95
206660,95
206671,95
206680,95
206690,95
206701,95
206710,95
206720,95
206730,95
206740,95
206750,91
206760,91
206770,91
206780,91
206790,91
206800,95
206810,95
206820,95
206830,95
206839,95
206851,93
206860,93
206870,93
206880,93
206890,93
206900,93
206911,93
206920,93
206930,93
206941,91
206950,91
206960,91
206970,91
206980,91
206991,93
207000,93
207010,93
207021,93
207030,93
207040,91
207050,91
207060,91
207070,91
207080,91
207090,91
207100,91
207110,91
207120,91
207131,89
207140,89
207150,89
207160,89
207170,89
207181,93
207190,93
207200,93
207210,93
207221,93
207230,91
207241,91
207250,91
207260,91
207270,91
207280,93
207290,93
207300,93
207310,93
207320,91
207330,91
207340,91
207350,91
207360,91
207370,95
207380,95
207390,95
207400,95
207410,95
207421,93
207431,93
207439,93
207450,93
207460,93
207470,91
207480,91
207490,91
207500,91
207512,91
207520,91
207530,91
207540,91
207550,91
207561,91
207570,91
207580,91
207590,91
207600,91
207610,93
207621,93
207630,93
207640,93
207650,93
207660,95
207670,95
207680,95
207690,95
207702,93
207710,93
207720,93
207730,93
207740,93
207750,97
207760,97
207770,97
207780,97
207791,97
207800,95
207810,95
207821,95
207831,95
207840,95
207850,95
207860,95
207871,95
207880,95
207892,93
207900,93
207910,93
207921,93
207930,93
207942,93
207951,93
207960,93
207969,93
207980,93
207990,95
208001,95
208011,95
208021,95
208030,95
208041,93
208051,93
208060,93
208070,93
208081,95
208090,95
208100,95
208110,95
208120,95
208132,99
208140,99
208150,99
208160,99
208170,99
208180,95
208190,95
208200,95
208210,95
208221,95
208231,95
208239,95
208250,95
208260,95
208270,95
208280,95
208290,95
208300,95
208310,95
208320,95
208330,99
208341,99
208350,99
208360,99
208370,95
208380,95
208390,95
208400,95
208410,95
208422,93
208430,93
208440,93
208450,93
208460,93
208470,93
208480,93
208490,93
208500,93
208510,93
208520,91
208531,91
208540,91
208550,91
208560,89
208570,89
208580,89
208590,89
208600,89
208611,91
208621,91
208630,91
208640,91
208650,91
208660,93
208670,93
208680,93
208690,93
208700,93
208710,93
208720,93
208730,93
208740,93
208751,95
208760,95
208770,95
208780,95
208790,95
208800,91
208810,91
208821,91
208830,91
208840,91
208850,91
208861,91
208870,91
208880,91
208890,91
208900,91
208911,91
208920,91
208930,91
208940,95
208950,95
208960,95
208970,95
208980,95
208991,93
208999,93
209010,93
209021,93
209030,93
209040,93
209049,93
209060,93
209070,93
209080,93
209090,91
209101,91
209110,91
209120,91
209130,95
209140,95
209150,95
209160,95
209170,95
209182,91
209190,91
209200,91
209210,91
209221,91
209230,95
209241,95
209250,95
209260,95
209270,95
209280,93
209291,93
209300,93
209310,93
209322,97
209330,97
209340,97
209350,97
209360,97
209372,93
209380,93
209390,93
209400,93
209410,93
209421,93
209430,93
209440,93
209450,93
209460,93
209470,93
209481,93
209490,93
209500,93
209510,93
209520,93
209530,93
209540,93
209550,93
209561,95
209570,95
209580,95
209590,95
209600,95
209612,93
209621,93
209630,93
209640,93
209651,93
209660,95
209671,95
209680,95
209691,95
209700,95
209710,97
209720,97
209731,97
209741,97
209751,95
209761,95
209771,95
209781,95
209791,95
209801,95
209811,95
209821,95
209831,95
209841,95
209851,95
209860,95
209871,95
209880,95
209891,95
209900,93
209910,93
209921,93
209931,93
209941,93
209951,93
209961,93
209971,93
209980,93
209990,91
209999,91
210010,91
210021,91
210031,91
210041,93
210051,93
210060,93
210071,93
210080,93
210090,95
210101,95
210111,95
210120,95
210130,95
210140,95
210151,95
210161,95
210171,95
210181,93
210190,93
210200,93
210210,93
210221,93
210231,95
210240,95
210251,95
210260,95
210270,95
210280,95
210291,95
210300,95
210310,95
210320,95
210330,95
210340,95
210350,95
210360,95
210370,93
210380,93
210390,93
210400,93
210410,93
210421,95
210430,95
210440,95
210450,95
210460,95
210471,97
210480,97
210490,97
210500,97
210510,97
210520,95
210531,95
210540,95
210550,95
210560,95
210570,91
210581,91
210590,91
210600,91
210612,93
210621,93
210630,93
210640,93
210650,93
210661,91
210670,91
210680,91
210690,91
210700,91
210710,93
210721,93
210730,93
210740,93
210750,93
210760,91
210771,91
210780,91
210790,91
210800,95
210810,95
210821,95
210830,95
210840,95
210852,95
210860,95
210870,95
210880,95
210890,95
210901,95
210910,95
210920,95
210930,95
210940,95
210950,95
210961,95
210970,95
210980,95
210990,95
211000,95
211011,95
211021,95
211030,95
211040,93
211050,93
211060,93
211070,93
211080,93
211091,95
211100,95
211110,95
211120,95
211130,95
211141,91
211150,91
211160,91
211170,91
211180,91
211190,93
211201,93
211210,93
211221,93
211231,91
211240,91
211250,91
211260,91
211270,91
211282,95
211290,95
211300,95
211310,95
211320,95
211331,93
211340,93
211350,93
211360,93
211370,93
211380,95
211390,95
211399,95
211410,95
211420,95
211430,93
211440,93
211450,93
211460,93
211472,93
211480,93
211490,93
211500,93
211510,93
211521,91
211530,91
211540,91
211550,91
211560,91
211570,91
211581,91
211590,91
211600,91
211611,93
211621,93
211630,93
211640,93
211650,93
211661,91
211670,91
211680,91
211690,91
211700,91
211710,91
211720,91
211730,91
211740,91
211750,91
211760,93
211771,93
211780,93
211790,93
211800,93
211810,95
211820,95
211830,95
211840,95
211850,95
211861,95
211870,95
211880,95
211890,95
211901,95
211911,95
211920,95
211930,95
211940,95
211951,95
211961,95
211971,95
211981,95
211991,95
212000,95
212011,95
212021,95
212031,95
212042,93
212049,93
212060,93
212070,93
212081,93
212091,91
212100,91
212110,91
212120,91
212130,91
212140,93
212151,93
212159,93
212171,93
212180,93
212190,91
212200,91
212210,91
212221,91
212232,93
212240,93
212250,93
212261,93
212270,93
212280,93
212290,93
212300,93
212310,93
212320,93
212330,97
212340,97
212350,97
212360,97
212370,97
212380,95
212391,95
212399,95
212410,95
212420,95
212430,95
212440,95
212450,95
212460,95
212472,93
212480,93
212490,93
212500,93
212510,93
212521,95
212530,95
212540,95
212550,95
212559,95
212570,93
212580,93
212590,93
212600,93
212611,93
212620,93
212630,93
212640,93
212650,93
212660,91
212670,91
212680,91
212690,91
212700,91
212710,93
212721,93
212730,93
212740,93
212750,93
212760,93
212771,93
212780,93
212790,93
212801,95
212810,95
212821,95
212830,95
212840,95
212850,93
212860,93
212870,93
212880,93
212890,93
212900,97
212910,97
212920,97
212930,97
212940,97
212950,97
212961,97
212970,97
212980,97
212990,97
213000,99
213010,99
213021,99
213030,99
213040,95
213050,95
213060,95
213070,95
213080,95
213091,95
213100,95
213110,95
213120,95
213130,95
213140,91
213151,91
213160,91
213170,91
213181,91
213190,91
213200,91
213210,91
213221,91
213232,91
213239,91
213250,91
213260,91
213270,91
213280,93
213290,93
213300,93
213310,93
213320,93
213330,93
213342,93
213350,93
213360,93
213370,93
213380,93
213390,93
213400,93
213410,93
213422,93
213430,93
213440,93
213450,93
213460,93
213471,93
213480,93
213490,93
213500,93
213510,93
213520,91
213531,91
213540,91
213550,91
213561,91
213570,89
213580,89
213590,89
213600,89
213612,91
213621,91
213630,91
213640,91
213650,91
213660,93
213670,93
213680,93
213690,93
213700,93
213710,93
213721,93
213730,93
213740,93
213751,95
213760,95
213770,95
213780,95
213791,95
213800,93
213811,93
213821,93
213831,93
213841,93
213851,97
213861,97
213871,97
213881,97
213891,97
213901,97
213911,97
213921,97
213931,97
213941,95
213951,95
213961,95
213970,95
213981,95
213991,91
214001,91
214011,91
214021,91
214031,91
214041,95
214049,95
214061,95
214070,95
214080,95
214091,93
214100,93
214110,93
214121,93
214131,95
214141,95
214150,95
214160,95
214170,95
214181,91
214190,91
214200,91
214210,91
214220,91
214231,97
214240,97
214250,97
214260,97
214270,97
214279,95
214291,95
214300,95
214310,95
214320,95
214330,95
214340,95
214350,95
214360,95
214371,93
214380,93
214390,93
214400,93
214410,93
214420,93
214430,93
214439,93
214450,93
214460,93
214470,91
214481,91
214490,91
214500,91
214510,91
214520,91
214530,91
214540,91
214550,91
214560,89
214570,89
214580,89
214590,89
214600,89
214611,91
214620,91
214630,91
214640,91
214650,91
214660,91
214671,91
214679,91
214690,91
214700,91
214710,95
214721,95
214730,95
214740,95
214750,97
214760,97
214770,97
214780,97
214790,97
214801,99
214810,99
214820,99
214830,99
214840,99
214851,95
214860,95
214870,95
214880,95
214890,95
214900,97
214911,97
214920,97
214930,97
214940,97
214950,93
214959,93
214970,93
214981,93
214991,93
214999,93
215010,93
215021,93
215030,93
215041,91
215050,91
215060,91
215070,91
215080,91
215090,91
215100,91
215110,91
215120,91
215130,91
215140,93
215151,93
215160,93
215170,93
215182,95
215190,95
215200,95
215210,95
215221,95
215231,95
215239,95
215250,95
215260,95
215270,95
215280,95
215290,95
215300,95
215310,95
215320,95
215330,97
215341,97
215350,97
215360,97
215370,97
215380,99
215391,99
215400,99
215410,99
215420,97
215430,97
215440,97
215450,97
215460,97
215471,93
215480,93
215490,93
215500,93
215510,93
215520,91
215530,91
215540,91
215550,91
215560,91
215570,89
215580,89
215590,89
215600,89
215611,89
215621,89
215630,89
215640,89
215650,89
215661,89
215670,89
215680,89
215690,89
215700,89
215710,93
215721,93
215730,93
215740,93
215750,93
215760,93
215771,93
215780,93
215790,93
215801,93
215810,95
215821,95
215830,95
215840,95
215851,91
215860,91
215870,91
215880,91
215890,91
215901,91
215910,91
215920,91
215930,91
215941,91
215950,89
215960,89
215970,89
215981,89
215990,89
216000,95
216010,95
216021,95
216031,95
216041,95
216051,95
216061,95
216071,95
216080,95
216091,97
216100,97
216110,97
216121,97
216131,97
216141,93
216150,93
216161,93
216170,93
216180,93
216190,95
216201,95
216210,95
216221,95
216230,91
216240,91
216250,91
216260,91
216270,91
216281,91
216290,91
216300,91
216310,91
216320,91
216330,93
216340,93
216350,93
216360,93
216370,93
216380,95
216391,95
216400,95
216410,95
216420,95
216430,95
216440,95
216450,95
216461,95
216471,95
216480,95
216490,95
216500,95
216510,95
216521,95
216530,95
216540,95
216550,95
216560,95
216571,95
216580,95
216590,95
216600,95
216610,95
216621,93
216631,93
216640,93
216650,93
216660,91
216670,91
216680,91
216690,91
216700,91
216712,91
216720,91
216730,91
216740,91
216750,91
216761,93
216770,93
216780,93
216790,93
216800,93
216810,93
216821,93
216830,93
216840,93
216850,93
216860,95
216871,95
216880,95
216891,95
216901,95
216910,95
216920,95
216930,95
216940,95
216951,95
216960,95
216970,95
216980,95
216990,95
217000,95
217011,95
217020,95
217030,95
217040,95
217050,93
217060,93
217070,93
217080,93
217091,93
217100,93
217110,93
217120,93
217130,93
217142,93
217150,93
217160,93
217170,93
217180,93
217191,93
217200,93
217210,93
217221,93
217230,93
217240,93
217251,93
217260,93
217270,93
217280,93
217290,95
217301,95
217310,95
217320,95
217331,95
217340,95
217350,95
217360,95
217370,95
217380,93
217390,93
217400,93
217409,93
217421,93
217431,93
217440,93
217450,93
217460,93
217470,93
217480,95
217491,95
217500,95
217510,95
217521,95
217530,93
217540,93
217550,93
217560,93
217572,91
217580,91
217590,91
217600,91
217610,91
217621,89
217632,89
217640,89
217650,89
217660,89
217670,91
217681,91
217690,91
217700,91
217712,93
217720,93
217730,93
217740,93
217750,93
217760,93
217771,93
217780,93
217790,93
217799,93
217810,95
217821,95
217830,95
217841,95
217851,95
217861,97
217871,97
217880,97
217891,97
217900,93
217911,93
217921,93
217931,93
217940,93
217950,93
217961,93
217971,93
217981,93
217991,93
218000,91
218011,91
218020,91
218031,91
218040,91
218051,95
218061,95
218070,95
218081,95
218090,93
218100,93
218111,93
218119,93
218130,93
218141,95
218151,95
218161,95
218170,95
218180,95
218191,93
218201,93
218211,93
218221,93
218231,93
218240,95
218251,95
218260,95
218270,95
218280,95
218291,95
218301,95
218310,95
218320,95
218331,95
218340,95
218350,95
218360,95
218370,95
218381,95
218390,95
218400,95
218410,95
218421,95
218431,95
218440,95
218450,95
218460,95
218470,95
218480,95
218491,95
218500,95
218510,95
218520,95
218530,93
218541,93
218550,93
218560,93
218571,93
218580,93
218590,93
218600,93
218610,93
218621,95
218630,95
218640,95
218650,95
218660,95
218671,95
218680,95
218690,95
218700,95
218710,95
218720,95
218731,95
218740,95
218750,95
218760,95
218770,97
218780,97
218790,97
218800,97
218810,97
218821,95
218830,95
218840,95
218850,95
218861,95
218870,95
218880,95
218890,95
218900,95
218911,95
218920,95
218930,95
218940,95
218950,95
218960,93
218971,93
218980,93
218990,93
219000,93
219010,93
219021,93
219030,93
219040,93
219051,91
219060,91
219070,91
219080,91
219090,91
219101,91
219110,91
219120,91
219130,91
219140,91
219150,91
219161,91
219170,91
219180,91
219190,91
219200,93
219210,93
219221,93
219230,93
219240,93
219250,93
219260,93
219270,93
219279,93
219291,93
219300,93
219311,93
219320,93
219330,93
219340,91
219351,91
219360,91
219370,91
219381,93
219390,93
219400,93
219410,93
219421,93
219431,91
219440,91
219450,91
219460,91
219470,91
219480,87
219491,87
219500,87
219510,87
219520,87
219530,89
219540,89
219550,89
219560,89
219572,95
219580,95
219590,95
219599,95
219610,95
219621,99
219630,99
219640,99
219650,99
219660,99
219671,99
219680,99
219690,99
219700,99
219710,99
219720,97
219731,97
219740,97
219750,97
219760,97
219770,97
219780,97
219790,97
219800,97
219812,95
219821,95
219830,95
219840,95
219850,95
219860,91
219870,91
219880,91
219890,91
219900,91
219910,91
219921,91
219930,91
219940,91
219950,91
219960,91
219970,91
219980,91
219991,91
220002,95
220010,95
220021,95
220031,95
220040,95
220050,93
220061,93
220071,93
220080,93
220090,93
220101,93
220111,93
220120,93
220131,93
220141,93
220151,93
220160,93
220169,93
220180,93
220191,95
220201,95
220211,95
220220,95
220230,95
220240,95
220250,95
220260,95
220270,95
220280,95
220290,95
220300,95
220310,95
220320,95
220330,95
220340,95
220351,95
220360,95
220370,95
220381,93
220390,93
220400,93
220410,93
220421,93
220431,89
220440,89
220450,89
220460,89
220470,89
220480,89
220491,89
220500,89
220510,89
220520,89
220530,93
220541,93
220550,93
220559,93
220570,93
220580,99
220591,99
220600,99
220610,99
220620,97
220630,97
220640,97
220650,97
220660,97
220671,95
220680,95
220690,95
220700,95
220710,95
220720,95
220730,95
220740,95
220750,95
220760,95
220770,91
220781,91
220790,91
220800,91
220811,87
220821,87
220830,87
220840,87
220850,87
220861,87
220870,87
220880,87
220890,87
220900,87
220910,91
220920,91
220930,91
220940,91
220950,91
220960,91
220970,91
220980,91
220990,91
221000,93
221010,93
221020,93
221030,93
221040,93
221051,93
221060,93
221070,93
221080,93
221090,93
221100,95
221111,95
221120,95
221130,95
221140,95
221150,95
221160,95
221170,95
221180,95
221191,93
221200,93
221210,93
221220,93
221230,93
221240,91
221250,91
221260,91
221270,91
221280,91
221290,91
221301,91
221310,91
221320,91
221332,95
221340,95
221350,95
221360,95
221370,95
221381,93
221390,93
221400,93
221410,93
221420,93
221431,95
221440,95
221450,95
221460,95
221470,95
221480,93
221491,93
221500,93
221510,93
221520,93
221530,97
221540,97
221550,97
221559,97
221570,93
221580,93
221590,93
221599,93
221610,93
221620,93
221630,93
221650,93
221660,93
221670,93
221681,93
221690,93
221700,93
221710,93
221720,93
221731,93
221740,93
221750,93
221762,93
221770,93
221780,93
221790,93
221800,93
221811,91
221820,91
221830,91
221841,91
221851,91
221870,93
221879,93
221891,93
221900,93
221910,95
221921,95
221930,95
221941,95
221952,93
221961,93
221971,93
221981,93
221991,93
222001,93
222011,93
222021,93
222030,93
222041,93
222051,95
222061,95
222071,95
222081,95
222090,95
222101,95
222111,95
222121,95
222131,95
222151,95
222161,95
222170,95
222181,95
222191,95
222200,95
222210,95
222220,95
222230,95
222241,95
222261,95
222270,95
222280,95
222290,95
222301,95
222310,95
222320,95
222331,93
222340,93
222350,93
222361,93
222370,93
222381,91
222390,91
222400,91
222410,91
222420,91
222431,95
222440,95
222450,95
222460,95
222470,95
222480,93
222490,93
222500,93
222510,93
222520,93
222530,95
222541,95
222550,95
222560,95
222570,95
222580,101
222591,101
222600,101
222610,101
222620,97
222630,97
222640,97
222650,97
222660,97
222672,97
222680,97
222690,97
222700,97
222710,97
222720,95
222730,95
222740,95
222750,95
222760,95
222770,93
222780,93
222790,93
222800,93
222810,93
222820,95
222831,95
222840,95
222850,95
222861,93
222870,93
222880,93
222890,93
222900,93
222911,95
222920,95
222930,95
222940,95
222950,95
222960,91
222970,91
222980,91
222990,91
223000,91
223010,93
223020,93
223030,93
223039,93
223051,91
223060,91
223070,91
223080,91
223090,91
223101,93
223110,93
223120,93
223130,93
223140,93
223151,93
223160,93
223170,93
223180,93
223190,93
223199,95
223211,95
223221,95
223230,95
223240,95
223250,95
223260,95
223270,95
223280,95
223290,95
223300,95
223310,95
223320,95
223330,95
223341,91
223350,91
223360,91
223370,91
223380,91
223390,93
223400,93
223410,93
223421,93
223430,93
223440,91
223451,91
223460,91
223470,91
223481,91
223490,91
223500,91
223510,91
223520,91
223531,89
223540,89
223550,89
223560,89
223570,89
223580,93
223590,93
223600,93
223610,93
223621,93
223630,91
223641,91
223650,91
223660,91
223671,93
223680,93
223690,93
223700,93
223710,93
223721,91
223730,91
223740,91
223750,91
223760,91
223771,95
223780,95
223790,95
223800,95
223810,95
223821,93
223831,93
223839,93
223850,93
223860,93
223870,95
223881,95
223890,95
223900,95
223911,93
223920,93
223930,93
223940,93
223950,93
223961,93
223970,93
223980,93
223990,93
224000,93
224010,91
224021,91
224030,91
224040,91
224050,91
224061,91
224071,91
224080,91
224090,91
224101,91
224111,91
224120,91
224130,91
224140,91
224151,91
224160,91
224171,91
224181,91
224191,91
224201,93
224211,93
224221,93
224231,93
224239,93
224250,93
224260,93
224270,93
224281,93
224291,95
224300,95
224310,95
224320,95
224330,95
224341,99
224350,99
224360,99
224370,99
224380,99
224391,97
224400,97
224410,97
224421,97
224430,97
224440,95
224451,95
224460,95
224470,95
224481,95
224490,93
224500,93
224510,93
224520,93
224531,93
224540,93
224550,93
224560,93
224570,93
224581,93
224590,93
224600,93
224610,93
224621,93
224630,91
224641,91
224651,91
224660,91
224671,89
224680,89
224690,89
224700,89
224710,89
224721,93
224730,93
224740,93
224750,93
224760,93
224771,91
224780,91
224790,91
224800,91
224810,91
224821,95
224831,95
224840,95
224850,95
224861,91
224870,91
224880,91
224890,91
224900,91
224911,95
224920,95
224930,95
224940,95
224950,95
224961,93
224970,93
224980,93
224990,93
225000,93
225010,93
225021,93
225030,93
225040,93
225049,93
225060,91
225070,91
225080,91
225090,91
225102,95
225110,95
225120,95
225130,95
225140,95
225151,95
225160,95
225170,95
225180,95
225190,95
225200,95
225211,95
225221,95
225230,95
225240,95
225250,95
225260,95
225270,95
225279,95
225291,97
225300,97
225310,97
225320,97
225330,97
225340,93
225350,93
225360,93
225370,93
225380,93
225390,95
225400,95
225410,95
225421,95
225430,95
225440,91
225451,91
225460,91
225470,91
225482,95
225490,95
225500,95
225510,95
225520,95
225532,91
225540,91
225550,91
225559,91
225570,91
225580,95
225590,95
225600,95
225610,95
225621,95
225630,91
225641,91
225650,91
225660,91
225670,91
225680,95
225691,95
225700,95
225710,95
225720,93
225730,93
225740,93
225750,93
225761,93
225772,93
225780,93
225790,93
225800,93
225811,93
225821,91
225832,91
225839,91
225851,91
225860,91
225870,95
225881,95
225890,95
225900,95
225912,95
225920,95
225930,95
225940,95
225950,95
225961,95
225971,95
225981,95
225990,95
226001,95
226011,93
226021,93
226031,93
226041,93
226051,93
226060,93
226070,93
226081,93
226091,93
226100,93
226111,95
226120,95
226131,95
226141,95
226151,93
226160,93
226171,93
226181,93
226191,93
226200,93
226211,93
226221,93
226230,93
226240,93
226250,93
226260,93
226271,93
226280,93
226290,93
226300,95
226311,95
226320,95
226331,95
226341,93
226351,93
226359,93
226369,93
226380,93
226391,93
226400,93
226411,93
226421,93
226430,93
226440,91
226451,91
226461,91
226471,91
226480,91
226490,93
226500,93
226510,93
226520,93
226530,93
226540,93
226550,93
226559,93
226570,93
226580,97
226590,97
226600,97
226610,97
226621,97
226630,95
226641,95
226650,95
226661,95
226670,95
226680,91
226690,91
226700,91
226710,91
226721,91
226730,91
226740,91
226750,91
226760,91
226771,91
226780,91
226790,91
226800,91
226810,91
226821,95
226831,95
226840,95
226850,95
226860,95
226870,95
226881,95
226890,95
226900,95
226911,95
226920,95
226930,95
226940,95
226950,95
226961,95
226970,95
226980,95
226990,95
227000,95
227011,93
227021,93
227030,93
227040,93
227050,93
227060,95
227071,95
227080,95
227090,95
227100,95
227110,91
227120,91
227130,91
227140,91
227151,93
227160,93
227170,93
227180,93
227190,93
227200,91
227210,91
227221,91
227230,91
227240,91
227250,95
227261,95
227270,95
227280,95
227290,95
227300,91
227311,91
227320,91
227330,91
227340,93
227350,93
227360,93
227370,93
227380,93
227391,93
227400,93
227410,93
227421,93
227430,93
227441,95
227450,95
227460,95
227470,95
227480,95
227490,93
227500,93
227510,93
227520,93
227530,93
227540,93
227551,93
227560,93
227570,93
227580,93
227590,93
227600,93
227610,93
227621,93
227631,93
227640,93
227650,93
227660,93
227670,93
227680,91
227691,91
227700,91
227710,91
227720,91
227730,93
227740,93
227750,93
227759,93
227771,95
227780,95
227790,95
227800,95
227810,95
227822,95
227830,95
227840,95
227850,95
227860,95
227871,93
227880,93
227890,93
227900,93
227910,93
227920,93
227931,93
227940,93
227950,93
227959,93
227970,95
227980,95
227990,95
228000,95
228010,95
228020,95
228030,95
228040,95
228050,95
228061,97
228070,97
228080,97
228090,97
228100,97
228110,93
228120,93
228130,93
228141,93
228150,93
228160,93
228171,93
228181,93
228191,93
228200,91
228210,91
228221,91
228231,91
228241,91
228251,91
228261,91
228271,91
228279,91
228290,91
228300,91
228311,91
228321,91
228331,91
228340,91
228350,93
228361,93
228370,93
228380,93
228391,97
228400,97
228410,97
228420,97
228430,97
228440,95
228450,95
228460,95
228470,95
228480,95
228491,95
228500,95
228510,95
228520,95
228530,95
228540,95
228551,95
228559,95
228570,95
228580,95
228590,95
228601,95
228610,95
228620,95
228631,93
228640,93
228650,93
228660,93
228670,93
228681,93
228690,93
228700,93
228710,93
228720,93
228731,95
228740,95
228750,95
228759,95
228770,95
228780,93
228791,93
228799,93
228810,93
228820,93
228830,93
228840,93
228850,93
228860,93
228871,93
228879,93
228890,93
228900,93
228910,93
228921,93
228930,93
228940,93
228950,93
228959,93
228971,95
228980,95
228990,95
228999,95
229010,95
229020,93
229031,93
229039,93
229050,93
229060,93
229070,93
229081,93
229090,93
229100,93
229111,93
229120,93
229130,93
229140,93
229150,93
229161,93
229170,93
229180,93
229190,93
229200,93
229211,93
229221,93
229230,93
229240,93
229250,93
229260,97
229270,97
229280,97
229290,97
229300,97
229310,95
229321,95
229330,95
229340,95
229350,95
229359,95
229370,95
229380,95
229390,95
229401,93
229410,93
229421,93
229430,93
229440,93
229451,93
229460,93
229470,93
229480,93
229490,93
229500,93
229511,93
229520,93
229530,93
229540,93
229550,93
229560,93
229571,93
229580,93
229591,93
229600,93
229610,93
229620,93
229630,93
229640,91
229650,91
229660,91
229670,91
229680,91
229690,93
229700,93
229710,93
229720,93
229730,93
229740,95
229751,95
229760,95
229770,95
229780,95
229790,95
229800,95
229810,95
229821,95
229832,99
229840,99
229851,99
229860,99
229870,99
229882,99
229890,99
229900,99
229910,99
229920,99
229931,103
229940,103
229950,103
229960,103
229970,103
229980,95
229991,95
230000,95
230011,95
230021,95
230030,93
230041,93
230050,93
230061,93
230071,93
230081,93
230091,93
230101,93
230111,93
230121,93
230131,93
230141,93
230151,93
230161,93
230171,93
230181,93
230191,93
230201,93
230210,93
230220,99
230231,99
230241,99
230250,99
230260,99
230271,101
230280,101
230290,101
230301,101
230311,101
230320,97
230330,97
230341,97
230350,97
230361,93
230370,93
230380,93
230390,93
230400,93
230411,91
230420,91
230430,91
230440,91
230450,91
230460,87
230471,87
230481,87
230490,87
230501,87
230510,87
230520,87
230530,87
230540,87
230551,87
230560,87
230570,87
230580,87
230590,87
230600,91
230611,91
230621,91
230630,91
230641,91
230650,91
230660,91
230670,91
230680,91
230691,93
230700,93
230710,93
230720,93
230730,93
230740,87
230751,87
230760,87
230770,87
230780,87
230790,89
230801,89
230810,89
230820,89
230831,91
230840,91
230850,91
230860,91
230870,91
230881,93
230890,93
230900,93
230910,93
230920,93
230930,95
230941,95
230950,95
230960,95
230970,95
230980,93
230991,93
231000,93
231010,93
231022,97
231030,97
231040,97
231050,97
231060,97
231071,97
231079,97
231090,97
231100,97
231110,97
231120,95
231131,95
231140,95
231150,95
231160,95
231170,91
231181,91
231190,91
231199,91
231211,97
231221,97
231230,97
231239,97
231250,97
231261,95
231270,95
231280,95
231290,95
231300,95
231310,97
231320,97
231330,97
231340,97
231350,97
231359,93
231371,93
231380,93
231390,93
231400,93
231410,93
231421,93
231430,93
231439,93
231451,93
231460,93
231470,93
231479,93
231490,93
231501,93
231510,93
231520,93
231530,93
231540,93
231550,91
231561,91
231570,91
231580,91
231591,91
231600,93
231610,93
231621,93
231630,93
231641,97
231650,97
231660,97
231670,97
231680,97
231691,95
231700,95
231710,95
231720,95
231730,95
231740,97
231750,97
231760,97
231770,97
231780,97
231790,95
231801,95
231810,95
231821,95
231830,95
231840,95
231850,95
231860,95
231870,95
231881,91
231890,91
231900,91
231910,91
231920,91
231931,91
231940,91
231950,91
231960,91
231970,91
231980,91
231991,91
232000,91
232010,91
232020,93
232030,93
232040,93
232050,93
232060,93
232071,91
232080,91
232090,91
232100,91
232110,91
232120,89
232131,89
232140,89
232150,89
232160,89
232170,91
232181,91
232191,91
232200,91
232211,93
232220,93
232231,93
232240,93
232250,93
232261,93
232271,93
232280,93
232290,93
232301,93
232311,95
232321,95
232330,95
232340,95
232351,95
232359,95
232370,95
232380,95
232391,95
232401,95
232410,95
232421,95
232430,95
232440,95
232451,93
232461,93
232470,93
232480,93
232490,93
232500,93
232511,93
232520,93
232530,93
232540,95
232550,95
232560,95
232570,95
232580,95
232591,93
232600,93
232610,93
232621,93
232630,93
232640,95
232651,95
232660,95
232670,95
232680,95
232690,93
232701,93
232710,93
232720,93
232730,93
232740,97
232750,97
232760,97
232770,97
232781,103
232790,103
232800,103
232810,103
232821,103
232831,99
232840,99
232850,99
232861,99
232870,99
232881,101
232890,101
232900,101
232910,101
232920,101
232931,97
232940,97
232950,97
232960,97
232970,97
232980,95
232991,95
233000,95
233010,95
233021,95
233030,95
233040,95
233050,95
233060,95
233071,93
233080,93
233090,93
233100,93
233110,93
233121,95
233130,95
233140,95
233150,95
233160,95
233171,93
233180,93
233190,93
233200,93
233210,93
233221,91
233231,91
233240,91
233250,91
233261,89
233270,89
233280,89
233290,89
233300,89
233311,91
233320,91
233330,91
233340,91
233350,91
233361,93
233370,93
233380,93
233390,93
233400,93
233410,95
233421,95
233430,95
233440,95
233451,95
233460,93
233470,93
233480,93
233490,93
233501,93
233510,93
233520,93
233530,93
233540,93
233550,91
233560,91
233570,91
233580,91
233590,91
233600,91
233611,91
233621,91
233630,91
233641,91
233650,91
233660,91
233670,91
233680,91
233692,95
233700,95
233710,95
233720,95
233730,95
233741,95
233750,95
233760,95
233770,95
233780,95
233790,95
233801,95
233810,95
233821,95
233832,95
233839,93
233850,93
233860,93
233870,93
233881,91
233890,91
233900,91
233910,91
233920,91
233930,89
233941,89
233950,89
233960,89
233970,89
233980,87
233990,87
233999,87
234011,87
234022,89
234030,89
234040,89
234051,89
234060,89
234071,93
234081,93
234091,93
234101,93
234110,93
234120,95
234131,95
234141,95
234151,95
234161,95
234171,95
234181,95
234191,95
234201,95
234211,93
234221,93
234231,93
234241,93
234251,93
234260,93
234271,93
234280,93
234291,93
234301,93
234311,93
234321,93
234331,93
234341,93
234350,93
234360,93
234371,93
234380,93
234391,93
234400,91
234410,91
234421,91
234431,91
234440,91
234451,95
234460,95
234471,95
234480,95
234490,95
234501,93
234511,93
234520,93
234531,93
234540,93
234550,95
234561,95
234570,95
234580,95
234590,91
234600,91
234610,91
234621,91
234630,91
234641,93
234650,93
234660,93
234670,93
234680,93
234691,91
234700,91
234710,91
234720,91
234730,91
234740,95
234751,95
234760,95
234770,95
234780,95
234790,91
234800,91
234810,91
234821,91
234831,95
234840,95
234850,95
234860,95
234870,95
234881,95
234890,95
234900,95
234910,95
234920,95
234930,95
234941,95
234950,95
234960,95
234970,95
234980,93
234991,93
235000,93
235010,93
235022,95
235030,95
235039,95
235050,95
235060,95
235071,93
235080,93
235090,93
235100,93
235110,93
235120,93
235131,93
235140,93
235150,93
235160,93
235170,91
235181,91
235190,91
235200,91
235211,93
235221,93
235230,93
235240,93
235250,93
235260,91
235270,91
235280,91
235290,91
235300,91
235310,93
235321,93
235330,93
235340,93
235350,93
235360,91
235370,91
235380,91
235390,91
235401,93
235410,93
235421,93
235430,93
235440,93
235451,91
235460,91
235470,91
235480,91
235490,91
235500,95
235511,95
235520,95
235530,95
235540,95
235550,93
235561,93
235570,93
235580,93
235592,95
235600,95
235610,95
235621,95
235630,95
235641,93
235650,93
235660,93
235670,93
235679,93
235690,89
235701,89
235710,89
235720,89
235731,89
235740,89
235750,89
235760,89
235770,89
235781,93
235790,93
235800,93
235810,93
235820,93
235831,95
235840,95
235850,95
235860,95
235870,95
235880,95
235891,95
235900,95
235910,95
235920,95
235930,93
235941,93
235950,93
235959,93
235970,93
235980,97
235990,97
235999,97
236010,97
236021,103
236030,103
236040,103
236050,103
236060,103
236072,97
236080,97
236090,97
236100,97
236110,97
236120,95
236130,95
236140,95
236150,95
236160,95
236170,93
236180,93
236190,93
236199,93
236211,93
236220,91
236230,91
236239,91
236250,91
236261,85
236270,85
236280,85
236290,85
236301,85
236311,87
236320,87
236330,87
236340,87
236351,87
236361,91
236371,91
236381,91
236391,91
236400,91
236411,95
236421,95
236431,95
236439,95
236451,95
236460,95
236470,95
236480,95
236491,95
236500,95
236510,95
236520,95
236530,95
236540,95
236550,95
236559,95
236570,95
236580,95
236590,95
236600,93
236611,93
236621,93
236630,93
236640,91
236650,91
236660,91
236670,91
236680,91
236691,91
236700,91
236710,91
236720,91
236730,91
236740,93
236751,93
236760,93
236770,93
236780,93
236790,91
236801,91
236810,91
236820,91
236831,91
236840,91
236850,91
236860,91
236870,91
236881,91
236890,91
236900,91
236910,91
236920,91
236930,93
236941,93
236950,93
236960,93
236970,93
236980,91
236991,91
237000,91
237010,91
237021,91
237030,91
237040,91
237050,91
237060,91
237071,91
237080,91
237090,91
237100,91
237110,91
237120,93
237131,93
237140,93
237150,93
237159,93
237170,91
237181,91
237190,91
237200,91
237211,93
237221,93
237230,93
237240,93
237250,93
237261,91
237270,91
237280,91
237290,91
237300,91
237310,95
237321,95
237330,95
237340,95
237350,95
237360,97
237371,97
237380,97
237390,97
237401,97
237410,95
237421,95
237430,95
237440,95
237451,93
237460,93
237470,93
237480,93
237490,93
237501,95
237510,95
237520,95
237530,95
237540,95
237550,93
237561,93
237570,93
237580,93
237590,93
237600,93
237611,93
237621,93
237630,93
237641,91
237650,91
237660,91
237670,91
237680,91
237690,95
237700,95
237710,95
237720,95
237730,95
237742,101
237750,101
237760,101
237770,101
237780,101
237790,97
237800,97
237810,97
237821,97
237830,97
237839,93
237851,93
237860,93
237870,93
237880,93
237890,93
237900,93
237910,93
237920,93
237931,91
237940,91
237950,91
237960,91
237970,91
237980,89
237991,89
238000,89
238011,89
238020,89
238030,89
238041,89
238050,89
238060,89
238071,93
238079,93
238090,93
238100,93
238110,93
238121,91
238130,91
238140,91
238150,91
238160,91
238171,95
238180,95
238191,95
238201,95
238211,95
238221,91
238230,91
238241,91
238251,91
238260,95
238271,95
238281,95
238291,95
238301,95
238311,91
238321,91
238330,91
238341,91
238351,91
238361,91
238371,91
238380,91
238390,91
238401,91
238411,89
238421,89
238431,89
238440,89
238451,91
238461,91
238470,91
238480,91
238491,91
238501,93
238510,93
238521,93
238530,93
238541,93
238550,93
238561,93
238570,93
238580,93
238591,95
238600,95
238610,95
238620,95
238630,95
238641,93
238650,93
238660,93
238670,93
238679,93
238690,95
238701,95
238710,95
238720,95
238730,95
238740,93
238751,93
238760,93
238770,93
238781,93
238790,93
238800,93
238810,93
238821,93
238831,93
238840,93
238850,93
238860,93
238870,93
238880,97
238890,97
238900,97
238910,97
238920,97
238930,95
238941,95
238950,95
238960,95
238970,95
238980,97
238991,97
239000,97
239010,97
239021,95
239030,95
239040,95
239050,95
239060,95
239071,95
239080,95
239090,95
239100,95
239110,95
239121,95
239130,95
239140,95
239150,95
239160,95
239170,95
239180,95
239190,95
239200,95
239210,95
239220,95
239231,95
239239,95
239250,95
239261,95
239270,95
239279,95
239290,95
239300,95
239311,95
239320,95
239330,95
239340,95
239350,95
239361,93
239370,93
239380,93
239390,93
239400,93
239410,95
239421,95
239430,95
239440,95
239450,95
239460,93
239471,93
239480,93
239490,93
239501,93
239510,93
239520,93
239530,93
239540,93
239551,91
239560,91
239570,91
239580,91
239590,91
239600,93
239610,93
239621,93
239630,93
239639,93
239650,91
239660,91
239670,91
239680,91
239691,91
239700,91
239710,91
239720,91
239731,91
239741,89
239750,89
239760,89
239770,89
239780,89
239790,91
239801,91
239810,91
239821,91
239830,91
239840,91
239851,91
239860,91
239870,91
239880,93
239890,93
239900,93
239910,93
239920,93
239931,91
239940,91
239950,91
239960,91
239970,91
239980,91
239991,91
240000,91
240010,91
240021,89
240030,89
240040,89
240050,89
240060,89
240071,85
240079,85
240090,85
240100,85
240110,85
240120,89
240131,89
240140,89
240150,89
240160,89
240170,93
240180,93
240190,93
240200,93
240211,95
240221,95
240230,95
240240,95
240250,95
240261,97
240270,97
240280,97
240290,97
240300,97
240311,97
240320,97
240330,97
240341,97
240351,97
240360,97
240371,97
240381,97
240391,97
240400,97
240410,95
240421,95
240430,95
240441,95
240451,93
240461,93
240471,93
240480,93
240489,93
240501,91
240510,91
240521,91
240531,91
240540,91
240551,95
240561,95
240570,95
240580,95
240590,95
240600,99
240611,99
240621,99
240630,99
240641,97
240649,97
240660,97
240670,97
240680,97
240691,97
240700,97
240710,97
240720,97
240730,97
241361,91
241370,91
241380,91
241390,91
241400,91
241410,87
241421,87
241430,87
241440,87
241450,91
241460,91
241470,91
241480,91
241490,91
241501,93
241510,93
241520,93
241530,93
241540,93
241551,95
241560,95
241570,95
241580,95
241590,95
241600,97
241611,97
241621,97
241630,97
241640,97
241650,95
241661,95
241670,95
241680,95
241692,97
241700,97
241710,97
241720,97
241730,97
241741,93
241750,93
241760,93
241770,93
241780,93
241791,95
241799,95
241810,95
241821,95
241830,95
241840,91
241851,91
241860,91
241870,91
241880,91
241890,93
241900,93
241910,93
241920,93
241932,93
241940,93
241950,93
241960,93
241970,93
241981,93
241990,93
242000,93
242010,93
242021,93
242030,91
242041,91
242051,91
242060,91
242070,91
242080,93
242091,93
242100,93
242110,93
242121,95
242130,95
242140,95
242150,95
242160,95
242171,93
242180,93
242190,93
242200,93
242211,93
242220,93
242230,93
242241,93
242251,93
242261,93
242271,95
242280,95
242291,95
242301,95
242311,95
242321,93
242331,93
242340,93
242351,93
242361,93
242371,93
242381,93
242391,93
242400,93
242411,91
242431,91
242440,91
242451,91
242471,93
242480,93
242491,93
242500,93
242511,93
242530,93
242541,93
242551,93
242561,93
242571,93
242580,93
242591,93
242600,91
242610,91
242621,91
242631,91
242640,91
242649,93
242660,93
242670,93
242680,93
242690,93
242700,93
242711,93
242720,93
242730,93
242741,93
242750,93
242760,93
242770,93
242780,93
242791,93
242800,93
242810,93
242821,93
242830,93
242840,95
242851,95
242861,95
242870,95
242879,95
242890,95
242901,95
242910,95
242920,95
242931,97
242940,97
242950,97
242960,97
242970,97
242981,91
242990,91
243000,91
243010,91
243021,91
243030,95
243041,95
243050,95
243060,95
243070,95
243080,93
243091,93
243101,93
243110,93
243121,95
243130,95
243140,95
243150,95
243161,95
243171,93
243180,93
243190,93
243200,93
243210,93
243221,93
243231,93
243240,93
243250,93
243261,93
243270,91
243280,91
243290,91
243300,91
243311,89
243320,89
243330,89
243340,89
243350,89
243360,91
243370,91
243380,91
243390,91
243400,91
243410,93
243421,93
243430,93
243440,93
243450,93
243460,101
243471,101
243480,101
243490,101
243501,101
243510,97
243520,97
243530,97
243540,97
243552,95
243559,95
243570,95
243580,95
243590,95
243601,93
243610,93
243620,93
243630,93
243640,93
243650,95
243661,95
243670,95
243680,95
243690,95
243700,95
243711,95
243720,95
243730,95
243741,95
243750,93
243760,93
243770,93
243780,93
243792,93
243800,93
243810,93
243821,93
243830,93
243840,95
243850,95
243860,95
243870,95
243880,95
243890,95
243901,95
243910,95
243920,95
243930,95
243940,93
243951,93
243960,93
243970,93
243981,93
243990,93
244000,93
244010,93
244021,93
244032,93
244039,93
244050,93
244060,93
244070,93
244080,91
244090,91
244100,91
244110,91
244120,91
244130,91
244141,91
244150,91
244160,91
244171,93
244180,93
244190,93
244200,93
244210,93
244221,91
244230,91
244240,91
244250,91
244260,91
244270,89
244281,89
244290,89
244300,89
244310,89
244320,89
244330,89
244340,89
244350,89
244361,91
244370,91
244381,91
244390,91
244399,91
244411,93
244420,93
244431,93
244440,93
244450,93
244460,93
244471,93
244481,93
244491,93
244501,93
244510,93
244521,93
244530,93
244540,93
244552,93
244559,93
244570,93
244580,93
244590,93
244600,93
244611,93
244620,93
244630,93
244640,93
244650,91
244661,91
244670,91
244680,91
244690,91
244700,91
244710,91
244720,91
244730,91
244741,95
244750,95
244760,95
244770,95
244780,95
244791,97
244799,97
244810,97
244820,97
244830,97
244840,97
244851,97
244860,97
244870,97
244880,97
244890,97
244901,97
244910,97
244920,97
244930,97
244940,97
244950,97
244960,97
244970,97
244981,95
244990,95
245000,95
245010,95
245021,95
245031,95
245040,95
245050,95
245060,95
245070,95
245080,93
245090,93
245100,93
245110,93
245120,93
245130,95
245140,95
245150,95
245160,95
245170,95
245180,95
245190,95
245200,95
245210,95
245221,93
245230,93
245240,93
245250,93
245260,93
245271,93
245280,93
245290,93
245300,93
245310,93
245320,93
245330,93
245340,93
245350,93
245360,93
245370,95
245380,95
245390,95
245399,95
245410,95
245421,95
245430,95
245440,95
245450,95
245461,93
245470,93
245479,93
245490,93
245500,93
245511,93
245520,93
245530,93
245540,93
245550,93
245560,91
245571,91
245580,91
245590,91
245601,89
245610,89
245621,89
245630,89
245640,89
245651,89
245660,89
245670,89
245680,89
245690,89
245700,91
245711,91
245720,91
245730,91
245740,91
245750,91
245761,91
245770,91
245780,91
245791,91
245800,91
245810,91
245821,91
245830,91
245840,91
245850,91
245860,91
245870,91
245880,91
245890,93
245902,93
245910,93
245920,93
245930,93
245940,93
245951,93
245960,93
245970,93
245982,93
245990,93
246000,93
246010,93
246021,93
246031,93
246040,93
246050,93
246060,93
246070,93
246080,97
246090,97
246100,97
246110,97
246120,97
246130,99
246142,99
246150,99
246160,99
246170,99
246180,99
246190,99
246199,99
246210,99
246222,95
246230,95
246241,95
246251,95
246260,95
246271,97
246281,97
246291,97
246301,97
246311,97
246320,93
246330,93
246341,93
246351,93
246359,93
246371,93
246381,93
246390,93
246401,93
246411,91
246421,91
246431,91
246441,91
246451,91
246461,93
246471,93
246481,93
246490,93
246501,93
246511,93
246521,93
246531,93
246541,93
246551,93
246561,95
246571,95
246581,95
246590,95
246600,95
246611,99
246621,99
246630,99
246640,99
246650,97
246661,97
246670,97
246680,97
246690,97
246701,97
246710,97
246721,97
246730,97
246740,97
246751,95
246760,95
246770,95
246780,95
246790,95
246800,91
246811,91
246821,91
246830,91
246839,91
246850,93
246860,93
246870,93
246879,93
246891,93
246900,93
246910,93
246920,93
246930,93
246941,93
246950,93
246960,93
246970,93
246980,93
246990,93
247000,93
247010,93
247020,93
247030,93
247040,95
247051,95
247060,95
247070,95
247080,95
247090,93
247100,93
247110,93
247120,93
247131,93
247140,93
247150,93
247159,93
247170,93
247181,93
247190,93
247200,93
247210,93
247220,93
247230,93
247240,93
247250,93
247260,93
247270,93
247280,93
247290,93
247300,93
247310,93
247321,93
247330,93
247340,93
247350,93
247359,93
247371,93
247380,93
247390,93
247400,93
247410,93
247420,93
247431,93
247440,93
247450,93
247461,93
247470,93
247480,93
247490,93
247500,93
247511,89
247520,89
247530,89
247540,89
247550,89
247560,91
247570,91
247580,91
247590,91
247600,91
247610,91
247621,91
247630,91
247640,91
247651,93
247660,93
247670,93
247680,93
247690,93
247701,93
247710,93
247720,93
247730,93
247740,93
247750,93
247760,93
247770,93
247780,93
247790,93
247799,97
247811,97
247821,97
247830,97
247840,97
247850,97
247860,97
247870,97
247880,97
247891,97
247900,97
247920,97
247930,97
247940,95
247950,95
247960,95
247970,95
247980,95
247990,95
248001,95
248010,95
248021,95
248030,95
248039,97
248051,97
248060,97
248070,97
248081,97
248090,97
248110,97
248120,97
248132,95
248140,95
248150,95
248160,95
248170,95
248180,95
248190,95
248200,95
248210,95
248221,95
248231,101
248240,101
248250,101
248260,101
248270,101
248280,97
248291,97
248300,97
248310,97
248320,97
248330,95
248341,95
248350,95
248359,95
248371,93
248380,93
248390,93
248399,93
248410,93
248421,91
248430,91
248440,91
248450,91
248461,91
248471,87
248480,87
248490,87
248501,87
248512,85
248520,85
248531,85
248540,85
248550,85
248560,89
248570,89
248581,89
248591,89
248610,91
248621,91
248630,91
248640,91
248650,91
248660,91
248670,91
248680,91
248690,91
248701,91
248710,91
248720,91
248730,91
248740,91
248751,91
248760,91
248770,91
248780,91
248790,91
248800,93
248811,93
248821,93
248830,93
248840,93
248850,93
248860,93
248870,93
248879,93
248900,95
248910,95
248920,95
248930,95
248941,93
248950,93
248960,93
248970,93
248980,93
248990,95
249001,95
249010,95
249021,95
249030,95
249050,93
249060,93
249070,93
249080,93
249090,93
249110,93
249120,93
249131,93
249140,93
249150,93
249160,93
249170,93
249180,93
249190,93
249199,93
249210,93
249221,93
249230,91
249240,91
249250,91
249260,91
249271,91
249279,91
249290,91
249300,91
249310,91
249320,91
249330,91
249340,91
249350,91
249360,91
249370,95
249380,95
249390,95
249400,95
249410,95
249421,93
249430,93
249440,93
249450,93
249461,93
249470,93
249480,93
249490,93
249500,93
249511,95
249520,95
249530,95
249540,95
249550,95
249561,95
249570,95
249580,95
249590,95
249600,95
249610,95
249620,95
249630,95
249640,95
249650,95
249660,91
249670,91
249680,91
249690,91
249701,93
249710,93
249720,93
249730,93
249740,93
249751,91
249759,91
249770,91
249780,91
249790,91
249799,95
249811,95
249821,95
249830,95
249840,95
249850,97
249861,97
249870,97
249880,97
249891,95
249901,95
249910,95
249920,95
249930,95
249942,95
249950,95
249960,95
249970,95
249980,95
249992,95
250000,95
250010,95
250021,95
250030,95
250040,91
250052,91
250060,91
250070,91
250080,91
250090,93
250102,93
250110,93
250120,93
250132,91
250140,91
250150,91
250160,91
250170,91
250181,93
250190,93
250200,93
250211,93
250221,93
250232,93
250239,93
250251,93
250260,93
250270,93
250280,95
250291,95
250300,95
250310,95
250320,95
250330,99
250341,99
250350,99
250361,99
250371,95
250381,95
250391,95
250401,95
250411,95
250422,93
250431,93
250441,93
250449,93
250460,93
250471,93
250481,93
250491,93
250501,93
250511,93
250520,91
250531,91
250540,91
250551,91
250561,91
250571,91
250581,91
250590,91
250600,91
250611,91
250621,91
250631,91
250639,91
250650,91
250660,93
250671,93
250681,93
250691,93
250700,93
250711,93
250721,93
250730,93
250740,93
250751,95
250759,95
250770,95
250780,95
250790,95
250801,93
250810,93
250821,93
250830,93
250840,93
250850,95
250860,95
250870,95
250880,95
250890,95
250900,93
250911,93
250920,93
250930,93
250941,93
250950,93
250960,93
250970,93
250980,93
250991,93
250999,93
251010,93
251021,93
251030,93
251040,95
251050,95
251060,95
251070,95
251079,95
251090,95
251101,95
251110,95
251120,95
251130,95
251140,95
251150,95
251160,95
251170,95
251180,93
251190,93
251200,93
251210,93
251221,93
251231,95
251240,95
251250,95
251260,95
251270,95
251280,95
251290,95
251300,95
251310,95
251320,95
251330,95
251340,95
251350,95
251360,95
251370,95
251380,95
251391,95
251400,95
251410,95
251421,95
251430,95
251440,95
251450,95
251460,95
251471,93
251480,93
251490,93
251500,93
251510,93
251520,91
251530,91
251540,91
251550,91
251560,91
251570,91
251580,91
251590,91
251600,91
251611,93
251621,93
251630,93
251639,93
251650,93
251661,93
251670,93
251680,93
251690,93
251700,93
251710,93
251721,93
251730,93
251740,93
251750,93
251760,91
251771,91
251780,91
251790,91
251801,91
251811,91
251821,91
251830,91
251840,91
251850,91
251860,91
251870,91
251880,91
251890,91
251900,91
251911,91
251920,91
251930,91
251941,91
251950,91
251960,91
251970,91
251980,91
251991,93
252000,93
252010,93
252021,93
252030,93
252040,91
252050,91
252060,91
252070,91
252079,91
252090,87
252100,87
252110,87
252120,87
252131,91
252140,91
252150,91
252160,91
252170,91
252181,91
252190,91
252199,91
252210,91
252220,91
252230,93
252241,93
252250,93
252260,93
252271,93
252280,93
252290,93
252300,93
252310,93
252320,93
252330,93
252340,93
252350,93
252360,93
252370,95
252381,95
252390,95
252400,95
252410,95
252421,93
252430,93
252440,93
252450,93
252461,93
252470,93
252480,93
252490,93
252501,93
252510,93
252520,93
252530,93
252541,93
252551,93
252560,95
252571,95
252580,95
252591,95
252601,93
252610,93
252621,93
252630,93
252640,93
252650,93
252660,93
252671,93
252679,93
252690,93
252700,93
252711,93
252720,93
252731,93
252740,93
252750,95
252760,95
252770,95
252780,95
252791,93
252799,93
252810,93
252820,93
252830,93
252840,91
252850,91
252860,91
252870,91
252880,91
252890,91
252901,91
252910,91
252920,91
252931,95
252940,95
252950,95
252960,95
252970,95
252981,97
252990,97
253000,97
253010,97
253020,97
253031,97
253040,97
253050,97
253060,97
253070,97
253080,99
253090,99
253100,99
253110,99
253120,99
253130,99
253140,99
253150,99
253160,99
253171,97
253180,97
253190,97
253200,97
253210,97
253220,93
253230,93
253240,93
253250,93
253260,93
253270,91
253281,91
253290,91
253300,91
253310,91
253320,93
253330,93
253340,93
253350,93
253361,91
253370,91
253380,91
253390,91
253400,91
253411,91
253420,91
253430,91
253440,91
253450,91
253460,91
253471,91
253480,91
253490,91
253500,91
253510,95
253520,95
253530,95
253540,95
253551,99
253560,99
253570,99
253580,99
253590,99
253601,97
253610,97
253620,97
253630,97
253640,97
253651,97
253660,97
253670,97
253680,97
253690,97
253700,95
253711,95
253721,95
253730,95
253741,95
253750,95
253760,95
253770,95
253780,95
253791,91
253800,91
253810,91
253821,91
253830,91
253840,89
253851,89
253860,89
253870,89
253879,89
253890,91
253901,91
253910,91
253920,91
253931,91
253940,91
253950,91
253960,91
253970,91
253982,95
253990,95
254000,95
254010,95
254021,95
254030,95
254041,95
254050,95
254060,95
254070,95
254080,95
254090,95
254100,95
254110,95
254122,93
254130,93
254140,93
254150,93
254160,93
254170,87
254182,87
254190,87
254200,87
254210,87
254221,91
254231,91
254240,91
254251,91
254262,93
254270,93
254280,93
254290,93
254300,93
254310,95
254320,95
254330,95
254340,95
254350,95
254360,95
254371,95
254380,95
254390,95
254400,95
254411,93
254421,93
254431,93
254441,93
254451,95
254461,95
254471,95
254481,95
254491,95
254501,97
254511,97
254521,97
254531,97
254541,97
254550,97
254561,97
254571,97
254581,97
254591,97
254601,97
254610,97
254620,97
254631,97
254641,97
254651,99
254660,99
254671,99
254681,99
254689,99
254701,105
254711,105
254720,105
254731,105
254741,99
254750,99
254761,99
254770,99
254781,99
254791,97
254800,97
254810,97
254820,97
254830,97
254841,95
254850,95
254860,95
254870,95
254880,95
254890,93
254900,93
254910,93
254920,93
254930,93
254940,93
254950,93
254959,93
254970,93
254981,93
254990,93
255000,93
255010,93
255020,93
255031,95
255040,95
255050,95
255060,95
255070,95
255080,93
255090,93
255100,93
255110,93
255120,93
255130,91
255141,91
255150,91
255160,91
255170,91
255180,91
255191,91
255200,91
255210,91
255221,93
255230,93
255240,93
255250,93
255260,93
255271,91
255280,91
255290,91
255300,91
255310,91
255320,95
255331,95
255341,95
255350,95
255360,95
255370,93
255380,93
255390,93
255400,93
255411,93
255421,93
255430,93
255439,93
255450,93
255460,91
255471,91
255480,91
255490,91
255500,91
255510,87
255520,87
255530,87
255541,87
255551,89
255560,89
255570,89
255580,89
255590,89
255601,93
255610,93
255620,93
255630,93
255640,93
255650,95
255660,95
255670,95
255680,95
255690,95
255700,97
255711,97
255720,97
255731,97
255740,97
255750,95
255760,95
255770,95
255780,95
255791,97
255800,97
255810,97
255820,97
255831,97
255841,95
255850,95
255860,95
255871,95
255880,95
255890,95
255901,95
255910,95
255920,95
255930,95
255940,93
255950,93
255960,93
255970,93
255980,95
255990,95
256000,95
256010,95
256021,95
256031,95
256040,95
256050,95
256060,95
256070,95
256080,95
256089,95
256100,95
256110,95
256120,95
256130,93
256141,93
256151,93
256160,93
256171,93
256180,93
256190,93
256200,93
256210,93
256221,97
256230,97
256240,97
256250,97
256260,97
256271,95
256280,95
256290,95
256300,95
256310,95
256320,97
256331,97
256340,97
256350,97
256360,97
256370,95
256381,95
256390,95
256400,95
256411,93
256421,93
256431,93
256440,93
256450,93
256461,93
256470,93
256479,93
256490,93
256500,93
256511,91
256520,91
256530,91
256540,91
256551,91
256560,93
256571,93
256581,93
256591,93
256600,93
256610,95
256620,95
256631,95
256640,95
256651,95
256660,95
256670,95
256681,95
256690,95
256701,93
256711,93
256720,93
256729,93
256740,93
256751,95
256760,95
256771,95
256780,95
256791,95
256801,93
256811,93
256821,93
256831,93
256840,93
256850,95
256861,95
256871,95
256880,95
256891,93
256900,93
256910,93
256920,93
256930,93
256941,95
256950,95
256960,95
256970,95
256980,95
256991,95
257000,95
257010,95
257021,95
257030,95
257040,95
257051,95
257060,95
257071,95
257079,95
257090,95
257100,95
257110,95
257120,95
257131,97
257140,97
257151,97
257160,97
257170,97
257180,95
257191,95
257200,95
257210,95
257221,95
257230,97
257240,97
257250,97
257260,97
257271,97
257280,95
257290,95
257300,95
257310,95
257321,95
257330,95
257340,95
257351,95
257360,95
257371,95
257380,95
257391,95
257400,95
257410,95
257421,95
257430,95
257440,95
257450,95
257460,95
257471,93
257479,93
257490,93
257500,93
257510,93
257520,95
257530,95
257540,95
257551,95
257561,93
257570,93
257580,93
257591,93
257600,93
257611,93
257621,93
257631,93
257640,93
257650,93
257660,91
257671,91
257680,91
257689,91
257700,91
257710,93
257721,93
257730,93
257741,93
257751,93
257760,93
257769,93
257780,93
257791,93
257801,95
257810,95
257820,95
257831,95
257840,95
257851,95
257860,95
257871,95
257879,95
257889,95
257900,95
257911,95
257920,95
257930,95
257942,95
257951,97
257960,97
257969,97
257980,97
257991,93
258000,93
258010,93
258020,93
258031,93
258041,95
258050,95
258060,95
258071,95
258080,95
258090,93
258100,93
258110,93
258120,93
258129,93
258140,95
258152,95
258160,95
258169,95
258181,95
258191,95
258199,95
258210,95
258221,95
258232,95
258240,95
258250,95
258260,95
258271,95
258281,93
258290,93
258300,93
258310,93
258320,93
258329,93
258341,93
258351,93
258359,93
258372,93
258380,93
258391,93
258400,93
258410,93
258422,97
258431,97
258441,97
258451,97
258460,97
258471,97
258479,97
258489,97
258501,97
258511,97
258520,95
258531,95
258541,95
258551,95
258561,95
258571,95
258580,95
258591,95
258601,95
258611,93
258621,93
258631,93
258641,93
258651,93
258661,95
258671,95
258680,95
258691,95
258701,95
258710,97
258720,97
258731,97
258741,97
258751,97
258760,95
258771,95
258780,95
258791,95
258800,95
258811,95
258820,95
258831,95
258840,95
258851,95
258860,95
258871,95
258880,95
258890,95
258901,95
258910,95
258920,95
258931,95
258940,95
258951,93
258961,93
258970,93
258980,93
258991,89
259000,89
259010,89
259020,89
259031,89
259041,93
259050,93
259060,93
259071,93
259080,93
259091,93
259100,93
259110,93
259120,93
259130,93
259140,93
259151,93
259160,93
259169,93
259181,93
259190,93
259200,93
259210,93
259220,93
259231,93
259240,93
259251,93
259260,93
259270,93
259280,93
259291,93
259300,93
259310,93
259320,93
259330,93
259340,93
259351,93
259359,93
259370,93
259380,93
259391,93
259400,93
259410,93
259421,95
259431,95
259440,95
259449,95
259460,95
259470,97
259481,97
259489,97
259500,97
259510,97
259520,95
259530,95
259540,95
259551,95
259561,93
259569,93
259580,93
259590,93
259600,93
259611,93
259620,93
259631,93
259640,93
259651,93
259660,93
259671,93
259680,93
259689,93
259701,93
259710,95
259720,95
259730,95
259740,95
259751,93
259760,93
259771,93
259780,93
259790,93
259801,95
259810,95
259820,95
259830,95
259840,95
259849,95
259860,95
259870,95
259880,95
259891,95
259900,95
259911,95
259920,95
259930,95
259940,95
259951,99
259961,99
259971,99
259980,99
259991,101
260000,101
260010,101
260020,101
260031,101
260041,101
260050,101
260060,101
260070,101
260080,101
260091,97
260100,97
260110,97
260120,97
260131,97
260140,95
260151,95
260160,95
260171,95
260180,95
260190,95
260201,95
260210,95
260220,95
260232,91
260240,91
260250,91
260260,91
260270,91
260281,93
260291,93
260300,93
260310,93
260320,93
260331,91
260340,91
260350,91
260360,91
260371,91
260380,95
260391,95
260400,95
260410,95
260420,95
260430,93
260440,93
260450,93
260460,93
260471,95
260480,95
260491,95
260500,95
260510,95
260521,93
260531,93
260540,93
260550,93
260560,93
260571,95
260580,95
260591,95
260600,95
260611,93
260621,93
260631,93
260640,93
260651,93
260661,87
260670,87
260679,87
260691,87
260700,87
260711,89
260721,89
260731,89
260741,89
260751,89
260760,93
260770,93
260781,93
260790,93
260801,93
260810,93
260820,93
260830,93
260840,93
260851,95
260860,95
260870,95
260880,95
260889,95
260900,93
260911,93
260920,93
260931,93
260940,93
260951,95
260961,95
260970,95
260980,95
260991,93
261000,93
261010,93
261020,93
261030,93
261041,93
261050,93
261060,93
261070,93
261080,93
261091,93
261101,93
261110,93
261120,93
261131,93
261140,95
261151,95
261160,95
261171,95
261180,95
261191,95
261200,95
261210,95
261220,95
261231,95
261240,95
261251,95
261260,95
261270,95
261280,93
261290,93
261300,93
261310,93
261320,93
261331,93
261341,93
261351,93
261359,93
261371,95
261380,95
261390,95
261400,95
261410,95
261421,95
261431,95
261440,95
261451,95
261460,95
261471,95
261480,95
261491,95
261500,95
261510,95
261520,99
261531,99
261540,99
261551,99
261560,99
261571,97
261581,97
261591,97
261600,97
261610,97
261620,95
261631,95
261639,95
261651,95
261661,97
261671,97
261680,97
261691,97
261700,97
261711,97
261720,97
261731,97
261740,97
261750,97
261760,95
261770,95
261780,95
261790,95
261800,95
261810,93
261820,93
261831,93
261840,93
261851,93
261860,93
261871,93
261880,93
261890,93
261901,93
261910,93
261920,93
261930,93
261940,93
261951,95
261960,95
261970,95
261980,95
261991,95
262000,93
262011,93
262020,93
262030,93
262040,93
262051,95
262060,95
262071,95
262080,95
262092,95
262100,95
262110,95
262120,95
262130,95
262142,97
262150,97
262160,97
262170,97
262180,97
262191,95
262201,95
262210,95
262220,95
262231,95
262240,93
262251,93
262260,93
262271,93
262282,93
262290,93
262300,93
262310,93
262320,93
262331,93
262340,93
262350,93
262361,93
262370,93
262380,95
262391,95
262400,95
262410,95
262420,95
262430,93
262441,93
262451,93
262460,93
262471,95
262480,95
262490,95
262500,95
262510,95
262521,95
262530,95
262540,95
262551,95
262559,95
262571,95
262581,95
262591,95
262601,95
262611,95
262621,93
262631,93
262639,93
262651,93
262661,93
262671,95
262681,95
262690,95
262701,95
262710,93
262721,93
262730,93
262741,93
262751,93
262761,95
262770,95
262780,95
262791,95
262801,95
262810,93
262821,93
262830,93
262840,93
262851,93
262860,95
262871,95
262880,95
262890,95
262900,93
262910,93
262920,93
262931,93
262941,93
262951,95
262959,95
262971,95
262980,95
262991,95
263000,93
263010,93
263020,93
263031,93
263040,93
263051,95
263061,95
263070,95
263079,95
263091,95
263100,93
263110,93
263120,93
263130,93
263141,95
263151,95
263160,95
263171,95
263180,95
263191,95
263199,95
263210,95
263220,95
263231,95
263240,97
263250,97
263260,97
263270,97
263280,97
263290,97
263300,97
263310,97
263320,97
263331,97
263340,97
263351,97
263360,97
263370,97
263380,93
263390,93
263399,93
263410,93
263420,93
263431,93
263440,93
263450,93
263460,93
263471,93
263480,93
263491,93
263500,93
263510,93
263520,93
263530,91
263540,91
263551,91
263560,91
263571,91
263580,91
263591,91
263600,91
263610,91
263621,93
263631,93
263640,93
263650,93
263660,93
263670,93
263681,93
263690,93
263700,93
263711,91
263720,91
263730,91
263740,91
263750,91
263761,91
263771,91
263780,91
263791,91
263800,91
263810,93
263821,93
263831,93
263840,93
263850,93
263860,91
263871,91
263880,91
263890,91
263901,91
263910,91
263920,91
263930,91
263940,91
263951,91
263960,91
263971,91
263980,91
263991,91
264000,95
264011,95
264021,95
264031,95
264040,95
264050,93
264060,93
264070,93
264079,93
264091,97
264100,97
264110,97
264120,97
264130,97
264141,93
264151,93
264160,93
264170,93
264180,93
264190,97
264200,97
264210,97
264220,97
264231,97
264239,95
264251,95
264260,95
264270,95
264281,95
264290,97
264300,97
264310,97
264320,97
264331,93
264340,93
264351,93
264360,93
264370,93
264380,95
264390,95
264399,95
264410,95
264420,95
264431,95
264440,95
264450,95
264460,95
264470,95
264480,97
264491,97
264500,97
264510,97
264520,97
264530,97
264540,97
264551,97
264560,97
264571,97
264580,97
264590,97
264600,97
264610,97
264621,95
264631,95
264640,95
264650,95
264660,95
264671,95
264681,95
264689,95
264700,95
264711,95
264720,93
264731,93
264741,93
264751,93
264761,95
264770,95
264781,95
264791,95
264801,95
264811,93
264821,93
264831,93
264840,93
264850,93
264860,95
264870,95
264880,95
264891,95
264900,95
264910,93
264921,93
264930,93
264940,93
264951,93
264960,93
264971,93
264980,93
264990,93
265001,93
265010,93
265020,93
265031,93
265040,93
265051,95
265060,95
265071,95
265080,95
265091,95
265100,93
265111,93
265120,93
265129,93
265140,93
265151,93
265160,93
265171,93
265180,93
265191,93
265200,93
265210,93
265221,93
265231,93
265240,93
265249,93
265260,93
265270,93
265280,93
265291,93
265301,93
265310,93
265320,93
265331,93
265340,93
265351,93
265360,93
265400,93
265410,93
265420,93
265431,95
265440,95
265449,95
265460,95
265470,95
265481,95
265491,95
265500,95
265510,95
265521,95
265530,95
265540,95
265551,95
265560,95
265571,95
265580,95
265590,95
265600,95
265610,95
265620,93
265631,93
265640,93
265649,93
265660,93
265670,93
265681,93
265691,93
265700,93
265711,95
265720,95
265730,95
265740,95
265751,95
265761,93
265770,93
265780,93
265800,93
265831,93
265839,93
265849,93
265860,93
265871,93
265880,93
265890,93
265900,93
265910,93
265920,93
265930,93
265940,93
265951,95
265960,95
265971,95
265980,95
266001,97
266010,97
266040,97
266061,97
266070,97
266079,97
266090,97
266100,95
266111,95
266120,95
266130,95
266141,95
266151,95
266160,95
266171,95
266180,95
266192,93
266200,93
266210,93
266220,93
266230,93
266240,93
266249,93
266260,93
266270,93
266280,93
266290,93
266301,93
266310,93
266320,93
266332,93
266340,93
266350,93
266360,93
266370,93
266382,93
266390,93
266400,93
266410,93
266420,93
266430,93
266441,93
266450,93
266460,93
266470,93
266480,95
266491,95
266500,95
266510,95
266520,95
266531,95
266540,95
266550,95
266560,95
266571,95
266580,95
266590,95
266601,95
266611,95
266620,93
266631,93
266641,93
266651,93
266661,93
266671,97
266681,97
266691,97
266700,97
266711,97
266721,93
266731,93
266741,93
266751,93
266761,95
266771,95
266781,95
266791,95
266800,95
266811,93
266821,93
266831,93
266841,93
266851,93
266861,95
266871,95
266880,95
266891,95
266900,95
266911,93
266920,93
266931,93
266940,93
266951,95
266960,95
266970,95
266980,95
266991,95
267001,93
267009,93
267021,93
267030,93
267040,93
267050,97
267060,97
267071,97
267080,97
267089,97
267100,95
267111,95
267120,95
267131,95
267141,95
267150,95
267160,95
267170,95
267180,95
267191,95
267200,95
267210,95
267220,95
267230,95
267240,93
267250,93
267260,93
267270,93
267280,93
267289,95
267301,95
267310,95
267320,95
267330,95
267340,93
267351,93
267360,93
267371,93
267380,93
267391,93
267400,93
267410,93
267431,93
267440,93
267450,93
267460,93
267470,93
267480,95
267491,95
267500,95
267510,95
267520,95
267531,93
267541,93
267550,93
267560,93
267571,93
267580,93
267590,93
267600,93
267610,93
267621,93
267630,93
267640,93
267651,93
267660,93
267671,93
267680,93
267691,93
267700,93
267710,93
267720,93
267731,93
267740,93
267750,93
267761,93
267771,93
267780,93
267790,93
267800,93
267811,95
267820,95
267830,95
267839,95
267851,95
267860,93
267871,93
267880,93
267891,93
267900,93
267910,93
267921,93
267930,93
267940,93
267951,93
267960,93
267971,93
267980,93
267990,93
268001,95
268010,95
268020,95
268030,95
268040,95
268051,97
268060,97
268070,97
268080,97
268090,97
268100,97
268111,97
268120,97
268130,97
268140,97
268150,97
268160,97
268170,97
268180,97
268191,97
268199,97
268210,97
268220,97
268230,97
268240,97
268250,97
268260,97
268270,97
268280,97
268290,95
268300,95
268310,95
268320,95
268330,95
268340,93
268351,93
268360,93
268370,93
268381,95
268390,95
268400,95
268410,95
268420,95
268432,93
268440,93
268451,93
268460,93
268470,93
268480,95
268490,95
268500,95
268510,95
268520,95
268530,95
268541,95
268550,95
268560,95
268570,95
268580,97
268590,97
268599,97
268610,97
268621,95
268630,95
268640,95
268650,95
268660,95
268671,95
268680,95
268690,95
268700,95
268710,95
268720,93
268731,93
268740,93
268750,93
268760,93
268770,93
268781,93
268791,93
268800,93
268810,91
268820,91
268831,91
268840,91
268850,91
268861,93
268871,93
268880,93
268890,93
268900,93
268911,91
268921,91
268929,91
268940,91
268951,91
268960,95
268971,95
268980,95
268990,95
269001,95
269010,95
269020,95
269031,95
269040,95
269051,95
269060,95
269071,95
269080,95
269090,95
269101,93
269110,93
269120,93
269129,93
269140,93
269150,95
269161,95
269171,95
269180,95
269191,95
269200,93
269210,93
269220,93
269230,93
269241,95
269250,95
269260,95
269270,95
269280,95
269291,99
269300,99
269310,99
269319,99
269330,99
269340,99
269350,99
269360,99
269370,99
269380,99
269390,103
269400,103
269410,103
269420,103
269430,103
269440,97
269451,97
269460,97
269470,97
269479,97
269490,95
269500,95
269510,95
269520,95
269540,95
269550,95
269559,95
269570,95
269581,93
269590,93
269600,93
269610,93
269620,93
269630,89
269641,89
269650,89
269660,89
269670,89
269680,89
269690,89
269700,89
269710,89
269721,91
269730,91
269740,91
269750,91
269759,91
269771,91
269780,91
269790,91
269800,91
269810,91
269820,93
269831,93
269840,93
269850,93
269860,93
269870,91
269881,91
269890,91
269900,91
269911,95
269920,95
269930,95
269940,95
269950,95
269961,93
269970,93
269980,93
269990,93
270000,93
270011,95
270020,95
270030,95
270040,95
270050,95
270060,93
270071,93
270080,93
270090,93
270100,93
270111,93
270121,93
270130,93
270140,93
270151,93
270160,93
270170,93
270180,93
270190,93
270201,95
270210,95
270220,95
270230,95
270240,95
270251,91
270260,91
270270,91
270279,91
270290,91
270300,95
270311,95
270320,95
270331,95
270340,91
270350,91
270360,91
270370,91
270380,91
270392,95
270399,95
270410,95
270420,95
270431,95
270441,93
270450,93
270460,93
270470,93
270481,93
270490,97
270500,97
270510,97
270520,97
270530,97
270540,97
270551,97
270559,97
270570,97
270581,95
270590,95
270601,95
270610,95
270620,95
270641,93
270651,93
270660,93
270671,93
270681,93
270691,93
270701,93
270711,93
270720,93
270731,93
270741,93
270751,93
270761,93
270771,87
270781,87
270791,87
270801,87
270810,87
270821,91
270941,99
270951,99
270961,97
270971,97
270991,97
271000,97
271011,95
271021,95
271030,95
271040,95
271051,95
271061,95
271071,95
271079,95
271091,95
271100,93
271110,93
271120,93
271129,93
271140,93
271151,93
271160,93
271171,93
271180,93
271190,93
271201,93
271210,93
271220,93
271231,93
271240,93
271250,95
271260,95
271270,95
271280,95
271290,95
271300,95
271311,95
271320,95
271331,95
271350,97
271360,97
271370,97
271380,97
271391,95
271400,95
271410,95
271420,95
271440,97
271450,97
271460,97
271470,97
271480,97
271490,95
271501,95
271510,95
271520,95
271530,95
271540,95
271550,95
271560,95
271570,95
271580,93
271590,93
271600,93
271610,93
271620,93
271631,95
271640,95
271650,95
271660,95
271670,95
271680,93
271691,93
271700,93
271710,93
271719,93
271730,93
271740,93
271750,93
271759,93
271771,91
271780,91
271790,91
271800,91
271810,91
271821,93
271830,93
271840,93
271860,93
271870,93
271880,93
271890,93
271900,93
271910,93
271919,95
271931,95
271940,95
271950,95
271959,95
271970,101
271980,101
271990,101
271999,101
272010,97
272020,97
272030,97
272040,97
272050,97
272061,97
272070,97
272080,97
272090,97
272100,97
272110,95
272120,95
272130,95
272140,95
272150,95
272160,93
272171,93
272180,93
272190,93
272200,93
272210,93
272221,93
272230,93
272240,93
272251,91
272260,91
272270,91
272280,91
272290,91
272300,87
272310,87
272320,87
272330,87
272341,89
272350,89
272360,89
272370,89
272380,89
272391,91
272400,91
272410,91
272421,91
272430,91
272440,93
272451,93
272460,93
272470,93
272480,93
272490,93
272500,93
272510,93
272520,93
272532,93
272540,93
272550,93
272560,93
272570,93
272581,95
272590,95
272600,95
272610,95
272620,95
272630,97
272640,97
272650,97
272660,97
272670,97
272680,95
272691,95
272700,95
272710,95
272720,95
272730,95
272740,95
272750,95
272760,95
272771,95
272780,95
272791,95
272800,95
272810,95
272821,97
272831,97
272840,97
272850,97
272861,97
272871,97
272880,97
272891,97
272900,97
272910,97
272921,97
272931,97
272950,97
272960,97
272971,95
272980,95
272991,95
272999,95
273010,93
273020,93
273031,93
273040,93
273050,93
273061,93
273071,93
273080,93
273090,93
273100,93
273111,93
273120,93
273130,93
273140,93
273151,93
273160,93
273171,93
273180,93
273190,93
273200,93
273210,93
273221,93
273230,93
273251,95
273260,95
273270,95
273280,95
273290,95
273301,93
273310,93
273320,93
273330,93
273340,93
273350,95
273361,95
273370,95
273380,95
273390,95
273400,95
273411,95
273421,95
273431,95
273441,93
273450,93
273460,93
273470,93
273480,93
273491,93
273500,93
273510,93
273520,93
273530,93
273540,93
273550,93
273559,93
273570,93
273580,93
273590,93
273601,93
273610,93
273620,93
273630,95
273640,95
273650,95
273660,95
273670,95
273681,95
273690,95
273700,95
273710,95
273720,95
273731,97
273740,97
273750,97
273760,97
273770,97
273780,95
273791,95
273800,95
273810,95
273820,95
273830,95
273841,95
273850,95
273860,95
273870,91
273880,91
273890,91
273900,91
273910,91
273921,93
273930,93
273940,93
273950,93
273960,93
273970,91
273980,91
273990,91
273999,91
274010,91
274020,95
274031,95
274040,95
274050,95
274060,95
274070,101
274081,101
274090,101
274100,101
274110,97
274120,97
274130,97
274140,97
274150,97
274161,97
274170,97
274180,97
274190,97
274200,97
274210,95
274220,95
274230,95
274241,95
274250,95
274260,93
274271,93
274280,93
274290,93
274301,95
274310,95
274320,95
274330,95
274340,95
274352,93
274360,93
274370,93
274380,93
274390,93
274401,95
274410,95
274420,95
274430,95
274440,95
274450,93
274461,93
274470,93
274479,93
274490,93
274500,93
274510,93
274520,93
274530,93
274542,91
274550,91
274560,91
274570,91
274580,91
274592,91
274600,91
274610,91
274620,91
274630,91
274641,93
274651,93
274660,93
274670,93
274680,93
274690,93
274700,93
274710,93
274720,93
274731,93
274741,93
274751,93
274761,93
274770,93
274781,91
274791,91
274801,91
274811,91
274820,91
274831,91
274841,91
274851,91
274861,91
274871,91
274881,91
274891,91
274901,91
274911,91
274921,93
274931,93
274940,93
274951,93
274961,93
274971,93
274981,93
274991,93
275000,93
275011,95
275020,95
275031,95
275039,95
275050,95
275061,97
275071,97
275080,97
275090,97
275100,97
275111,97
275120,97
275130,97
275140,97
275150,97
275160,95
275171,95
275180,95
275190,95
275200,95
275210,95
275221,95
275230,95
275239,95
275250,97
275260,97
275271,97
275280,97
275290,97
275301,93
275310,93
275320,93
275330,93
275340,93
275371,93
275380,93
275390,93
275400,93
275411,93
275420,93
275430,93
275439,93
275460,97
275470,97
275480,97
275491,97
275500,97
275510,97
275520,97
275530,97
275541,97
275550,97
275560,97
275570,97
275580,97
275591,99
275600,99
275610,99
275620,99
275630,99
275640,99
275650,99
275660,99
275670,99
275680,99
275690,97
275700,97
275710,97
275720,97
275731,97
275740,93
275751,93
275760,93
275770,93
275781,91
275790,91
275800,91
275810,91
275820,91
275831,89
275840,89
275850,89
275860,89
275870,89
275880,93
275891,93
275900,93
275910,93
275920,93
275930,91
275940,91
275971,93
275980,93
275990,93
275999,93
276010,93
276020,91
276030,91
276040,91
276050,91
276060,91
276070,95
276081,95
276090,95
276100,95
276110,95
276120,93
276130,93
276140,93
276150,93
276161,95
276170,95
276180,95
276190,95
276200,95
276211,93
276220,93
276230,93
276240,93
276251,93
276260,91
276271,91
276280,91
276290,91
276301,91
276310,91
276320,91
276330,91
276340,91
276351,93
276360,93
276370,93
276380,93
276390,93
276400,93
276411,93
276421,93
276430,93
276440,93
276450,95
276461,95
276470,95
276479,95
276491,95
276500,95
276510,95
276520,95
276530,95
276541,93
276550,93
276560,93
276570,93
276580,93
276590,95
276601,95
276610,95
276620,95
276630,95
276639,93
276651,93
276660,93
276670,93
276681,93
276690,93
276700,93
276710,93
276720,93
276731,93
276740,93
276750,93
276760,93
276770,93
276780,95
276791,95
276800,95
276810,95
276820,95
276830,93
276841,93
276850,93
276860,93
276870,95
276880,95
276890,95
276901,95
276911,95
276921,99
276930,99
276941,99
276951,99
276960,99
276971,97
276980,97
276991,97
277000,97
277011,97
277021,95
277031,95
277040,95
277049,95
277060,95
277070,93
277081,93
277091,93
277100,93
277110,91
277120,91
277131,91
277140,91
277150,91
277161,91
277171,91
277180,91
277190,91
277201,91
277211,93
277220,93
277230,93
277260,91
277271,91
277280,91
277290,91
277300,93
277310,93
277320,93
277330,93
277340,93
277351,95
277360,95
277370,95
277380,95
277390,95
277400,93
277410,93
277420,93
277430,93
277440,93
277450,95
277460,95
277470,95
277479,95
277490,95
277500,93
277510,93
277520,93
277530,93
277541,95
277550,95
277560,95
277570,95
277580,95
277591,95
277599,95
277610,95
277620,95
277630,95
277640,95
277651,95
277660,95
277670,95
277680,95
277690,93
277700,93
277710,93
277720,93
277731,95
277740,95
277750,95
277760,95
277770,95
277781,93
277790,93
277800,93
277810,93
277820,93
277830,93
277841,93
277850,93
277860,93
277870,93
277880,93
277890,93
277900,93
277910,93
277921,97
277930,97
277940,97
277950,97
277959,97
277971,95
277980,95
277990,95
277999,95
278010,95
278020,95
278031,95
278040,95
278050,95
278060,95
278070,91
278081,91
278090,91
278100,91
278120,95
278130,95
278140,95
278161,93
278180,93
278190,93
278200,93
278220,95
278230,95
278240,95
278250,95
278261,93
278280,93
278290,93
278300,93
278310,97
278320,97
278331,97
278340,97
278351,93
278360,93
278370,93
278380,93
278390,93
278400,95
278410,95
278420,95
278430,95
278440,95
278450,95
278460,95
278470,95
278480,95
278490,95
278500,95
278512,95
278520,95
278530,95
278542,93
278550,93
278560,93
278570,93
278580,93
278592,91
278600,91
278610,91
278621,91
278630,91
278640,93
278650,93
278660,93
278670,93
278681,93
278690,93
278701,93
278710,93
278720,93
278730,95
278740,95
278750,95
278761,95
278770,95
278780,93
278791,93
278801,93
278810,93
278821,93
278831,89
278841,89
278851,89
278861,89
278871,91
278881,91
278891,91
278901,91
278911,91
278920,87
278931,87
278941,87
278951,87
278961,87
278970,87
278980,87
278991,87
279001,87
279010,87
279021,91
279031,91
279041,91
279049,91
279061,93
279070,93
279080,93
279091,93
279101,93
279110,95
279121,95
279130,95
279141,95
279150,95
279160,95
279171,95
279180,95
279190,95
279201,95
279210,93
279221,93
279230,93
279240,93
279252,95
279261,95
279270,95
279280,95
279290,95
279301,93
279310,93
279321,93
279330,93
279340,93
279350,95
279361,95
279370,95
279380,95
279390,95
279400,91
279411,91
279420,91
279430,91
279441,95
279450,95
279460,95
279470,95
279480,95
279491,93
279500,93
279510,93
279520,93
279530,93
279541,95
279550,95
279559,95
279570,95
279580,95
279590,93
279601,93
279610,93
279620,93
279630,93
279640,97
279650,97
279660,97
279670,97
279680,95
279690,95
279700,95
279710,95
279720,95
279731,95
279740,95
279750,95
279760,95
279770,95
279780,97
279790,97
279800,97
279810,97
279820,97
279830,97
279841,97
279850,97
279860,97
279870,97
279880,101
279891,101
279900,101
279910,101
279920,101
279930,95
279940,95
279950,95
279960,95
279971,95
279980,95
279990,95
280000,95
280010,95
280021,93
280030,93
280040,93
280050,93
280060,93
280071,93
280080,93
280090,93
280100,93
280110,93
280120,93
280131,93
280140,93
280150,93
280159,93
280171,95
280180,95
280190,95
280200,95
280210,95
280221,95
280230,95
280240,95
280250,95
280261,95
280270,95
280280,95
280290,95
280300,95
280311,95
280320,95
280330,95
280340,95
280350,95
280360,95
280371,95
280380,95
280390,95
280399,95
280410,95
280420,95
280430,95
280440,95
280451,91
280460,91
280470,91
280480,91
280490,91
280500,85
280511,85
280520,85
280530,85
280540,85
280550,89
280560,89
280570,89
280580,89
280591,93
280600,93
280610,93
280620,93
280630,93
280641,97
280650,97
280660,97
280670,97
280679,97
280690,97
280700,97
280710,97
280720,97
280730,97
280740,95
280751,95
280760,95
280770,95
280781,95
280790,95
280800,95
280810,95
280821,95
280831,93
280840,93
280850,93
280860,93
280870,93
280880,93
280891,93
280900,93
280910,93
280920,93
280930,93
280941,93
280951,93
280960,93
280971,97
280981,97
280991,97
280999,97
281010,97
281022,97
281030,97
281040,97
281051,97
281061,97
281071,97
281080,97
281089,97
281100,97
281111,97
281120,95
281130,95
281140,95
281150,95
281159,95
281170,97
281180,97
281190,97
281200,97
281210,97
281220,97
281230,97
281240,97
281250,97
281261,97
281270,97
281280,97
281290,97
281300,97
281311,97
281320,97
281330,97
281340,97
281350,97
281360,97
281370,97
281380,97
281390,97
281400,97
281410,95
281421,95
281430,95
281439,95
281451,95
281460,95
281470,95
281480,95
281490,95
281501,93
281510,93
281520,93
281530,93
281540,93
281551,97
281559,97
281570,97
281580,97
281590,97
281600,95
281611,95
281620,95
281630,95
281640,95
281650,97
281661,97
281670,97
281680,97
281691,95
281700,95
281710,95
281720,95
281730,95
281741,97
281750,97
281760,97
281770,97
281780,97
281791,95
281800,95
281810,95
281820,95
281830,95
281840,95
281851,95
281860,95
281870,95
281880,95
281890,97
281901,97
281911,97
281920,97
281931,97
281940,99
281950,99
281960,99
281970,99
281980,103
281990,103
281999,103
282010,103
282020,103
282031,99
282040,99
282050,99
282060,99
282070,99
282081,97
282090,97
282100,97
282111,97
282120,97
282130,97
282141,97
282150,97
282159,97
282171,95
282180,95
282190,95
282200,95
282210,95
282221,95
282230,95
282240,95
282250,95
282260,95
282271,93
282280,93
282290,93
282300,93
282311,93
282320,95
282331,95
282340,95
282350,95
282361,93
282370,93
282380,93
282390,93
282400,93
282410,95
282420,95
282430,95
282440,95
282450,95
282460,93
282470,93
282480,93
282490,93
282500,93
282511,95
282521,95
282530,95
282540,95
282552,95
282560,95
282571,95
282580,95
282590,95
282600,95
282610,95
282620,95
282630,95
282640,95
282651,95
282660,95
282670,95
282680,95
282690,95
282700,97
282712,97
282720,97
282730,97
282740,97
282750,99
282761,99
282770,99
282780,99
282791,99
282800,99
282809,99
282821,99
282830,99
282841,99
282851,99
282861,99
282871,99
282881,99
282891,97
282901,97
282911,97
282921,97
282931,97
282941,95
282950,95
282961,95
282971,95
282981,95
282991,97
283000,97
283011,97
283020,97
283031,93
283040,93
283051,93
283060,93
283070,93
283080,95
283091,95
283101,95
283111,95
283121,95
283130,93
283140,93
283151,93
283160,93
283171,93
283181,93
283191,93
283201,93
283210,93
283222,93
283231,93
283239,93
283249,93
283260,93
283270,91
283281,91
283290,91
283300,91
283311,91
283320,93
283331,93
283340,93
283350,93
283360,95
283370,95
283380,95
283390,95
283400,95
283410,95
283420,95
283430,95
283440,95
283450,95
283460,97
283471,97
283480,97
283490,97
283501,97
283510,93
283520,93
283530,93
283540,93
283551,85
283560,85
283570,85
283580,85
283590,85
283600,91
283610,91
283620,91
283630,91
283640,91
283650,93
283660,93
283670,93
283680,93
283691,95
283710,95
283720,95
283730,95
283741,97
283750,97
283760,97
283770,97
283780,97
283810,99
283821,99
283830,99
283839,99
283851,99
283860,99
283870,99
283880,99
283890,97
283900,97
283920,97
283931,97
283940,97
283960,97
283970,97
283981,97
284010,97
284020,97
284031,99
284040,99
284050,99
284060,99
284070,99
284081,105
284090,105
284100,105
284110,105
284120,105
284130,101
284140,101
284150,101
284160,101
284170,101
284180,103
284191,103
284201,103
284210,103
284220,95
284230,95
284240,95
284250,95
284260,95
284271,95
284280,95
284290,95
284300,95
284311,95
284320,93
284330,93
284340,93
284350,93
284360,93
284370,89
284381,89
284390,89
284400,89
284411,91
284420,91
284430,91
284439,91
284450,91
284461,95
284470,95
284480,95
284490,95
284500,95
284510,95
284520,95
284530,95
284540,95
284550,95
284560,95
284571,95
284580,95
284590,95
284600,95
284610,95
284620,95
284630,95
284640,95
284651,93
284660,93
284670,93
284680,93
284690,93
284700,95
284711,95
284720,95
284730,95
284740,95
284750,93
284760,93
284770,93
284780,93
284791,97
284800,97
284810,97
284820,97
284830,97
284840,97
284850,97
284860,97
284870,97
284880,97
284890,97
284901,97
284911,97
284920,97
284930,97
284940,95
284951,95
284960,95
284970,95
284981,97
284990,97
285000,97
285010,97
285021,97
285031,93
285040,93
285050,93
285061,93
285071,93
285080,89
285091,89
285101,89
285110,89
285120,91
285130,91
285141,91
285151,91
285160,91
285171,95
285180,95
285190,95
285201,95
285211,95
285221,103
285230,103
285240,103
285250,103
285260,103
285270,99
285279,99
285290,99
285300,99
285311,99
285320,97
285331,97
285340,97
285350,97
285361,97
285370,97
285380,97
285390,97
285400,97
285412,93
285421,93
285430,93
285440,93
285450,93
285460,91
285471,91
285480,91
285490,91
285500,91
285511,91
285521,91
285530,91
285540,91
285551,95
285561,95
285570,95
285580,95
285590,95
285601,95
285610,95
285621,95
285630,95
285640,95
285651,97
285660,97
285670,97
285680,97
285690,97
285700,97
285711,97
285720,97
285730,97
285740,97
285750,97
285760,97
285770,97
285780,97
285791,95
285801,95
285810,95
285821,95
285830,95
285840,95
285850,95
285860,95
285870,95
285879,95
285890,93
285901,93
285911,93
285921,93
285931,93
285940,95
285950,95
285959,95
285970,95
285981,97
285990,97
286001,97
286009,97
286020,97
286031,97
286040,97
286050,97
286060,97
286070,97
286080,95
286091,95
286100,95
286111,95
286121,95
286130,97
286141,97
286150,97
286159,97
286170,97
286180,101
286191,101
286201,101
286210,101
286221,99
286230,99
286240,99
286250,99
286260,99
286271,99
286280,99
286290,99
286300,99
286311,99
286321,97
286330,97
286340,97
286350,97
286359,97
286370,97
286380,97
286390,97
286399,97
286411,97
286420,95
286430,95
286439,95
286450,95
286461,91
286470,91
286479,91
286490,91
286500,91
286511,93
286521,93
286530,93
286540,93
286550,93
286559,93
286570,93
286580,93
286590,93
286602,91
286610,91
286620,91
286630,91
286639,91
286651,93
286660,93
286670,93
286679,93
286690,93
286700,93
286711,93
286721,93
286730,93
286742,93
286750,93
286761,93
286770,93
286781,93
286791,93
286801,93
286810,93
286820,93
286830,93
286841,93
286851,93
286861,93
286870,93
286881,93
286890,97
286901,97
286911,97
286920,97
286930,97
286941,99
286951,99
286961,99
286971,99
286981,99
286991,99
287001,99
287011,99
287021,99
287031,99
287041,99
287051,99
287061,99
287071,99
287081,99
287090,99
287101,99
287110,99
287121,99
287131,97
287141,97
287151,97
287161,97
287171,93
287181,93
287190,93
287201,93
287211,93
287221,93
287230,93
287240,93
287250,93
287261,93
287270,93
287280,93
287290,93
287301,93
287311,93
287320,95
287331,95
287340,95
287350,95
287360,95
287370,97
287381,97
287390,97
287400,97
287411,101
287420,101
287430,101
287440,101
287450,101
287461,99
287470,99
287480,99
287490,99
287501,99
287511,97
287519,97
287530,97
287541,97
287550,97
287560,95
287571,95
287581,95
287590,95
287601,93
287611,93
287620,93
287630,93
287640,93
287651,93
287661,93
287670,93
287680,93
287690,93
287701,93
287710,93
287720,93
287730,93
287741,93
287750,93
287761,93
287770,93
287781,93
287791,93
287800,95
287810,95
287820,95
287830,95
287841,97
287850,97
287861,97
287870,97
287880,97
287891,95
287901,95
287910,95
287919,95
287930,95
287941,95
287951,95
287960,95
287970,95
287980,95
287990,95
288000,95
288010,95
288020,95
288031,95
288040,95
288050,95
288061,95
288070,95
288080,95
288090,95
288101,95
288111,95
288120,95
288130,93
288141,93
288150,93
288160,93
288170,93
288181,93
288190,93
288201,93
288210,93
288221,95
288230,95
288240,95
288250,95
288261,95
288270,95
288280,95
288290,95
288301,95
288310,95
288320,97
288331,97
288341,97
288350,97
288361,95
288370,95
288381,95
288390,95
288400,95
288411,97
288421,97
288430,97
288440,97
288450,97
288461,95
288471,95
288480,95
288490,95
288501,95
288510,95
288520,95
288530,95
288541,95
288551,93
288560,93
288570,93
288581,93
288590,93
288600,97
288611,97
288620,97
288630,97
288640,97
288670,97
288679,97
288690,97
288730,97
288741,97
288750,95
288760,95
288770,95
288781,95
288792,97
288800,97
288811,97
288830,97
288841,97
288850,97
288860,97
288870,97
288880,97
288890,97
288900,97
288911,97
288920,97
288930,97
288940,93
288951,93
288960,93
288970,93
288981,95
288990,95
289000,95
289010,95
289031,97
289040,97
289061,97
289071,97
289081,97
289090,97
289101,97
289131,99
289141,99
289150,99
289160,99
289181,99
289191,99
289201,99
289209,99
289230,99
289241,99
289251,99
289260,99
289290,97
289300,97
289311,97
289321,93
289330,93
289340,93
289350,93
289370,93
289381,93
289400,93
289409,93
289440,91
289450,91
289461,93
289470,93
289480,93
289490,93
289500,93
289511,93
289520,93
289540,93
289550,93
289560,95
289580,95
289600,95
289610,95
289630,95
289640,95
289651,97
289660,97
289670,97
289679,97
289690,97
289701,95
289711,95
289720,95
289740,95
289750,95
289761,95
289770,95
289780,95
289790,95
289800,95
289810,95
289821,95
289830,95
289841,91
289850,91
289860,91
289870,91
289880,91
289890,91
289901,91
289911,91
289920,91
289940,91
289950,91
289960,91
289970,91
289981,93
289990,93
290000,93
290009,93
290020,93
290050,95
290060,95
290070,95
290080,93
290091,93
290100,93
290110,93
290120,93
290140,97
290150,97
290171,97
290180,97
290190,97
290201,97
290211,97
290221,97
290240,97
290250,97
290260,97
290270,95
290280,95
290290,95
290300,95
290320,97
290331,97
290350,97
290370,97
290390,97
290400,97
290420,97
290450,97
290462,103
290470,103
290479,103
290490,103
290500,103
290510,99
290550,99
290560,97
290571,97
290580,97
290590,97
290599,97
290610,97
290621,97
290630,97
290652,93
290660,93
290670,93
290680,93
290690,93
290701,95
290711,95
290720,95
290740,95
290750,93
290760,93
290770,93
290780,93
290790,93
290800,95
290841,95
290870,95
290881,95
290891,97
290900,97
290911,97
290920,97
290930,97
290941,99
290950,99
290970,99
290981,99
290991,97
290999,97
291011,97
291021,97
291050,95
291060,95
291080,95
291091,95
291101,95
291111,95
291120,95
291141,93
291171,93
291180,93
291191,93
291201,93
291211,93
291221,93
291240,93
291260,93
291271,95
291280,95
291291,95
291300,95
291311,95
291321,95
291351,95
291360,95
291370,95
291390,95
291400,95
291411,95
291421,95
291461,95
291470,95
291480,95
291490,95
291500,95
291520,95
291560,95
291571,95
291580,95
291590,95
291601,95
291609,93
291621,93
291640,93
291651,95
291660,95
291670,95
291679,95
291690,95
291711,95
291720,95
291730,95
291740,95
291750,97
291761,97
291770,97
291790,97
291800,99
291830,99
291850,99
291860,99
291870,99
291879,99
291891,99
291900,99
291920,99
291930,99
291950,97
291960,97
291970,97
291980,97
291991,99
292000,99
292010,99
292020,99
292030,99
292040,97
292051,97
292060,97
292070,97
292080,97
292090,97
292101,97
292120,97
292131,97
292140,97
292150,97
292160,97
292170,97
292181,95
292190,95
292200,95
292211,95
292220,95
292230,97
292250,97
292260,97
292270,97
292280,95
292291,95
292300,95
292311,95
292321,95
292330,95
292340,95
292350,95
292360,95
292371,93
292380,93
292390,93
292400,93
292420,95
292431,95
292440,95
292450,95
292460,95
292470,93
292479,93
292490,93
292500,93
292520,89
292530,89
292540,89
292560,91
292570,91
292580,91
292590,91
292600,91
292609,95
292621,95
292630,95
292660,97
292670,97
292680,97
292690,97
292701,97
292711,97
292720,97
292730,97
292751,95
292760,95
292770,95
292780,95
292790,95
292800,97
292811,97
292820,97
292830,97
292840,97
292850,93
292860,93
292870,93
292880,93
292891,95
292900,95
292920,95
292930,95
292960,93
292970,93
292980,93
292990,97
293020,97
293030,97
293039,95
293050,95
293060,95
293070,95
293081,95
293090,95
293100,95
293111,95
293120,95
293131,93
293141,93
293151,93
293160,93
293170,93
293181,97
293191,97
293200,97
293221,97
293230,97
293241,97
293261,97
293270,97
293280,97
293290,97
293300,97
293310,97
293321,97
293331,97
293342,97
293350,97
293360,97
293371,97
293380,97
293390,97
293400,97
293410,97
293420,95
293431,95
293440,95
293450,95
293460,95
293470,95
293481,95
293490,95
293500,95
293511,93
293520,93
293530,93
293540,93
293550,93
293561,97
293570,97
293580,97
293590,97
293600,97
293610,97
293620,97
293630,97
293639,97
293650,97
293660,97
293671,97
293679,97
293690,97
293700,97
293711,95
293721,95
293730,95
293740,95
293751,97
293760,97
293770,97
293780,97
293790,97
293801,97
293809,97
293820,97
293830,97
293840,97
293850,95
293860,95
293870,95
293880,95
293890,95
293900,95
293911,95
293920,95
293930,95
293941,97
293950,97
293959,97
293970,97
293980,97
293991,97
294000,97
294011,97
294020,97
294030,97
294040,95
294050,95
294060,95
294070,95
294080,95
294090,95
294101,95
294110,95
294120,95
294131,95
294140,95
294150,95
294160,95
294170,95
294181,93
294190,93
294201,93
294210,93
294220,93
294230,95
294239,95
294250,95
294260,95
294270,95
294280,95
294291,95
294300,95
294311,95
294320,95
294330,95
294340,95
294350,95
294359,95
294372,95
294380,95
294390,95
294400,95
294411,95
294420,97
294432,97
294440,97
294450,97
294460,97
294470,95
294481,95
294490,95
294500,95
294512,97
294520,97
294530,97
294540,97
294550,97
294562,95
294570,95
294580,95
294590,95
294600,95
294611,93
294620,93
294630,93
294640,93
294650,93
294660,93
294671,93
294680,93
294690,93
294702,97
294710,97
294719,97
294730,97
294740,97
294752,99
294760,99
294770,99
294780,99
294790,99
294801,99
294811,99
294820,99
294830,99
294840,99
294851,105
294860,105
294870,105
294879,105
294890,105
294900,99
294911,99
294920,99
294930,99
294940,99
294951,97
294961,97
294970,97
294981,97
294991,97
295001,97
295011,97
295021,97
295031,97
295041,95
295051,95
295061,95
295071,95
295081,95
295091,93
295101,93
295111,93
295121,93
295131,93
295141,91
295150,91
295161,91
295171,91
295181,93
295191,93
295201,93
295210,93
295221,93
295231,93
295240,93
295249,93
295260,93
295271,93
295280,95
295291,95
295301,95
295311,95
295321,95
295330,95
295341,95
295351,95
295359,95
295371,91
295380,91
295390,91
295400,91
295410,91
295420,91
295431,91
295440,91
295450,91
295460,91
295470,91
295480,91
295490,91
295500,91
295511,93
295520,93
295530,93
295540,93
295550,93
295560,93
295571,93
295580,93
295590,93
295600,93
295610,93
295621,93
295630,93
295640,93
295651,95
295660,95
295670,95
295680,95
295690,95
295700,97
295710,97
295720,97
295730,97
295740,97
295750,97
295761,97
295770,97
295780,97
295790,97
295800,97
295811,97
295820,97
295830,97
295840,97
295850,97
295860,97
295870,97
295880,97
295891,97
295900,97
295910,97
295920,97
295930,97
295940,97
295950,97
295960,97
295970,97
295980,97
295990,97
296001,97
296009,97
296020,97
296030,97
296040,97
296051,97
296060,97
296070,97
296081,97
296090,97
296100,97
296111,97
296120,97
296131,97
296140,97
296150,97
296159,97
296170,97
296180,97
296190,97
296200,97
296211,97
296220,97
296230,97
296241,97
296250,97
296260,97
296270,97
296280,97
296291,97
296300,97
296311,97
296321,97
296330,97
296340,97
296350,97
296359,97
296371,95
296380,95
296390,95
296400,95
296409,95
296421,95
296430,95
296440,95
296450,95
296460,95
296470,91
296481,91
296490,91
296500,91
296511,87
296520,87
296530,87
296540,87
296550,87
296561,91
296570,91
296580,91
296590,91
296600,91
296609,93
296621,93
296630,93
296640,93
296650,93
296660,93
296670,93
296680,93
296690,93
296702,95
296710,95
296720,95
296730,95
296740,95
296751,95
296760,95
296770,95
296780,95
296790,95
296800,97
296811,97
296821,97
296830,97
296840,97
296850,95
296860,95
296870,95
296880,95
296892,97
296900,97
296911,97
296920,97
296930,97
296940,95
296950,95
296960,95
296970,95
296980,95
296990,97
297001,97
297010,97
297020,97
297030,97
297040,95
297050,95
297060,95
297070,95
297081,91
297090,91
297100,91
297110,91
297120,91
297130,91
297141,91
297151,91
297160,91
297171,91
297181,93
297191,93
297200,93
297211,93
297221,93
297231,95
297240,95
297249,95
297261,95
297271,97
297279,97
297291,97
297300,97
297311,97
297321,103
297330,103
297340,103
297350,103
297361,103
297371,105
297380,105
297390,105
297400,105
297411,105
297420,101
297430,101
297440,101
297450,101
297461,101
297470,97
297481,97
297490,97
297500,97
297511,97
297520,97
297530,97
297540,97
297550,97
297561,97
297570,97
297580,97
297590,97
297599,97
297610,95
297621,95
297630,95
297640,95
297650,95
297660,95
297671,95
297680,95
297690,95
297700,95
297711,91
297720,91
297730,91
297740,91
297751,97
297760,97
297770,97
297780,97
297790,97
297800,95
297810,95
297820,95
297830,95
297840,95
297850,97
297860,97
297870,97
297880,97
297890,97
297900,95
297910,95
297920,95
297930,95
297941,97
297950,97
297960,97
297970,97
297980,97
297991,95
298000,95
298011,95
298021,95
298030,95
298040,95
298051,95
298060,95
298070,95
298081,95
298090,93
298100,93
298110,93
298120,93
298131,95
298140,95
298150,95
298160,95
298170,95
298181,95
298190,95
298200,95
298210,95
298221,95
298230,93
298241,93
298250,93
298260,93
298271,91
298280,91
298290,91
298300,91
298310,91
298321,93
298330,93
298340,93
298350,93
298360,93
298370,93
298381,93
298390,93
298400,93
298411,93
298420,93
298430,93
298440,93
298450,93
298462,93
298470,93
298480,93
298490,93
298500,93
298512,97
298520,97
298530,97
298540,97
298550,97
298560,97
298571,97
298580,97
298590,97
298601,97
298611,97
298621,97
298630,97
298639,97
298651,95
298660,95
298670,95
298680,95
298690,95
298701,97
298711,97
298720,97
298730,97
298740,97
298751,103
298760,103
298770,103
298780,103
298790,103
298800,101
298810,101
298821,101
298830,101
298839,101
298850,97
298861,97
298870,97
298880,97
298891,97
298900,97
298910,97
298920,97
298930,97
298942,95
298950,95
298961,95
298970,95
298980,95
298991,95
298999,95
299011,95
299021,95
299031,95
299041,93
299051,93
299061,93
299071,93
299081,93
299091,95
299100,95
299111,95
299121,95
299131,93
299141,93
299151,93
299161,93
299171,93
299181,95
299191,95
299200,95
299211,95
299221,95
299230,93
299241,93
299251,93
299260,93
299271,93
299280,93
299290,93
299300,93
299311,93
299321,91
299331,91
299340,91
299351,91
299360,91
299370,91
299381,91
299391,91
299400,91
299410,93
299420,93
299430,93
299440,93
299451,93
299461,95
299470,95
299480,95
299490,95
299500,95
299511,97
299520,97
299530,97
299540,97
299550,97
299560,95
299571,95
299580,95
299590,95
299601,95
299609,95
299621,95
299630,95
299639,95
299651,97
299660,97
299670,97
299680,97
299690,97
299700,99
299711,99
299720,99
299730,99
299740,99
299750,97
299760,97
299770,97
299780,97
299790,97
299800,105
299811,105
299820,105
299830,105
299840,105
299850,99
299861,99
299870,99
299880,99
299891,99
299900,97
299910,97
299920,97
299930,97
299941,97
299950,97
299960,97
299970,97
299980,97
299991,95
300000,95
300011,95
300021,95
300030,95
300039,97
300051,97
300060,97
300070,97
300080,97
300090,95
300100,95
300111,95
300120,95
300131,95
300140,95
300150,95
300160,95
300170,95
300181,93
300190,93
300200,93
300210,93
300220,93
300230,95
300241,95
300250,95
300260,95
300270,95
300280,95
300290,95
300300,95
300311,95
300321,93
300330,93
300340,93
300350,93
300360,93
300370,91
300380,91
300390,91
300400,91
300411,91
300420,93
300431,93
300440,93
300450,93
300460,93
300470,93
300480,93
300490,93
300500,93
300511,93
300520,93
300530,93
300540,93
300550,93
300560,95
300571,95
300580,95
300590,95
300599,95
300611,95
300620,95
300630,95
300639,95
300651,97
300660,97
300670,97
300680,97
300690,97
300701,93
300710,93
300720,93
300730,93
300740,93
300750,95
300761,95
300770,95
300780,95
300791,93
300800,93
300811,93
300820,93
300830,93
300841,95
300850,95
300860,95
300870,95
300880,95
300890,93
300901,93
300910,93
300920,93
300930,93
300940,93
300951,93
300960,93
300970,93
300981,95
300990,95
301000,95
301200,99
301210,99
301221,99
301231,97
301240,97
301250,97
301260,97
301271,95
301280,95
301291,95
301300,95
301311,95
301321,93
301330,93
301340,93
301350,93
301360,93
301371,95
301381,95
301390,95
301400,95
301410,95
301420,95
301430,95
301439,95
301450,95
301461,95
301470,95
301480,95
301490,95
301500,95
301511,93
301520,93
301530,93
301540,93
301550,93
301560,95
301571,95
301580,95
301590,95
301601,95
301610,95
301620,95
301630,95
301640,95
301651,95
301660,95
301670,95
301680,95
301690,95
301700,93
301711,93
301720,93
301730,93
301740,93
301750,93
301761,93
301770,93
301780,93
301791,93
301800,93
301811,93
301820,93
301830,93
301841,93
301850,93
301860,93
301870,93
301880,93
301890,93
301900,93
301911,93
301920,93
301930,93
301940,97
301951,97
301960,97
301970,97
301981,95
301990,95
302000,95
302011,95
302020,95
302031,95
302040,95
302050,95
302060,95
302070,95
302080,93
302090,93
302100,93
302110,93
302120,93
302130,93
302141,93
302150,93
302160,93
302171,93
302180,93
302190,93
302200,93
302210,93
302221,95
302230,95
302240,95
302250,95
302260,95
302270,93
302280,93
302290,93
302300,93
302310,93
302320,97
302331,97
302340,97
302350,97
302361,95
302370,95
302380,95
302390,95
302400,95
302410,95
302420,95
302430,95
302440,95
302450,95
302460,93
302470,93
302480,93
302491,93
302500,93
302511,97
302521,97
302530,97
302540,97
302550,97
302560,97
302570,97
302580,97
302590,97
302602,97
302611,97
302620,97
302630,97
302640,97
302651,97
302660,97
302670,97
302680,97
302690,97
302701,97
302710,97
302720,97
302730,97
302740,97
302750,97
302761,97
302770,97
302780,97
302791,95
302800,95
302810,95
302820,95
302830,95
302842,93
302850,93
302860,93
302870,93
302881,93
302891,95
302900,95
302910,95
302920,95
302930,95
302940,95
302951,95
302959,95
302970,95
302980,95
302990,95
303001,95
303010,95
303020,95
303031,95
303041,95
303051,95
303060,95
303071,95
303081,97
303090,97
303101,97
303111,97
303120,97
303130,97
303141,97
303151,97
303161,97
303171,97
303181,95
303191,95
303202,95
303211,95
303220,93
303231,93
303241,93
303250,93
303261,93
303271,95
303281,95
303291,95
303300,95
303311,95
303321,95
303330,95
303341,95
303351,95
303360,95
303371,95
303381,95
303390,95
303401,95
303411,93
303421,93
303430,93
303440,93
303450,93
303460,95
303470,95
303479,95
303490,95
303500,95
303511,93
303521,93
303530,93
303540,93
303550,93
303560,91
303570,91
303580,91
303590,91
303601,91
303610,91
303620,91
303630,91
303640,91
303651,93
303660,93
303670,93
303680,93
303690,93
303701,95
303711,95
303720,95
303730,95
303740,95
303750,97
303761,97
303771,97
303780,97
303790,97
303800,97
303810,97
303820,97
303830,97
303841,97
303850,97
303860,97
303870,97
303880,97
303891,99
303900,99
303911,99
303919,99
303930,99
303940,97
303950,97
303960,97
303970,97
303980,97
303990,97
304001,97
304010,97
304020,97
304030,97
304040,97
304050,97
304060,97
304070,97
304080,95
304090,95
304100,95
304111,95
304120,95
304131,95
304140,95
304150,95
304160,95
304170,95
304180,93
304191,93
304200,93
304210,93
304220,93
304230,95
304241,95
304250,95
304260,95
304271,95
304280,95
304290,95
304300,95
304311,95
304321,95
304330,95
304340,95
304350,95
304360,95
304370,95
304380,95
304390,95
304400,95
304410,95
304420,95
304431,95
304440,95
304450,95
304460,95
304470,95
304480,95
304490,95
304500,95
304511,91
304520,91
304530,91
304540,91
304550,91
304560,91
304571,91
304580,91
304590,91
304600,91
304610,93
304621,93
304630,93
304640,93
304651,93
304660,93
304670,93
304680,93
304690,93
304700,93
304711,93
304720,93
304730,93
304740,93
304750,93
304761,93
304770,93
304780,93
304790,93
304800,97
304811,97
304821,97
304830,97
304841,97
304850,97
304860,97
304870,97
304880,97
304892,97
304900,97
304911,97
304941,97
304950,97
304960,97
304970,97
304980,97
304990,97
305010,97
305030,97
305039,97
305051,97
305060,97
305070,97
305081,97
305090,95
305100,95
305111,95
305120,95
305131,93
305140,93
305150,93
305160,93
305170,93
305191,93
305200,93
305210,93
305250,93
305261,93
305271,93
305280,95
305291,95
305331,97
305341,97
305351,97
305371,97
305390,97
305399,97
305440,95
305460,95
305470,95
305481,95
305490,95
305500,95
305511,95
305550,93
305561,95
305570,95
305580,95
305590,95
305600,95
305610,93
305630,93
305640,93
305660,93
305690,93
305701,93
305710,93
305730,93
305751,91
305770,91
305780,91
305800,91
305811,91
305821,91
305841,87
305850,87
305879,87
305891,91
305900,91
305911,91
305920,91
305940,95
305960,95
305970,95
305980,95
305990,95
306001,95
306009,95
306021,95
306030,95
306039,97
306050,97
306060,97
306070,97
306080,97
306090,97
306100,97
306110,97
306120,97
306131,97
306140,97
306150,97
306159,97
306170,97
306181,99
306190,99
306200,99
306211,99
306220,99
306241,97
306250,97
306260,97
306270,97
306280,101
306291,101
306300,101
306320,101
306330,97
306340,97
306350,97
306360,97
306380,97
306390,97
306399,97
306410,97
306421,95
306430,95
306440,95
306460,95
306470,91
306481,91
306490,91
306500,91
306520,93
306530,93
306540,93
306550,93
306562,93
306570,93
306580,93
306590,93
306600,93
306611,93
306620,93
306630,93
306650,93
306660,93
306671,93
306680,93
306690,93
306701,95
306710,95
306720,95
306740,95
306752,95
306759,95
306780,95
306790,95
306800,91
306811,91
306840,91
306850,93
306861,93
306870,93
306880,93
306892,89
306900,89
306910,89
306920,89
306930,89
306941,91
306950,91
306970,91
306990,91
307001,91
307011,91
307020,91
307041,93
307060,93
307070,93
307081,97
307090,97
307100,97
307120,97
307150,97
307170,97
307181,97
307191,97
307201,97
307209,97
307220,97
307251,95
307261,95
307271,97
307281,97
307291,97
307301,97
307311,97
307321,97
307331,97
307351,97
307361,97
307381,97
307391,97
307400,97
307411,97
307431,97
307450,97
307460,97
307471,97
307491,97
307500,97
307511,97
307520,97
307530,97
307540,97
307550,97
307561,95
307571,95
307580,95
307590,95
307600,95
307611,93
307650,93
307660,93
307680,93
307690,93
307701,91
307711,91
307720,91
307730,91
307740,91
307759,93
307770,93
307780,93
307790,93
307801,93
307811,93
307820,93
307830,93
307850,97
307860,97
307870,97
307880,97
307890,97
307900,95
307911,95
307920,95
307930,95
307940,95
307950,95
307960,95
307970,95
307980,95
307991,93
308000,93
308011,93
308030,93
308051,93
308060,93
308079,93
308090,87
308100,87
308110,87
308120,87
308131,89
308140,89
308150,89
308160,89
308170,89
308180,91
308191,91
308200,91
308220,91
308230,93
308260,93
308300,97
308321,95
308330,95
308340,95
308350,95
308381,95
308399,95
308420,93
308440,93
308450,93
308460,93
308470,93
308490,93
308511,93
308520,93
308530,93
308550,93
308560,93
308570,93
308580,93
308590,93
308600,93
308620,95
308630,95
308639,95
308651,93
308660,93
308680,93
308690,93
308701,95
308710,95
308720,95
308740,95
308751,97
308760,97
308770,97
308780,97
308790,97
308799,99
308820,99
308830,99
308840,99
308850,97
308861,97
308879,97
308891,97
308900,95
308910,95
308920,95
308930,95
308941,93
308950,93
308980,93
309000,95
309010,95
309020,95
309040,93
309050,93
309060,93
309070,93
309080,93
309090,95
309101,95
309110,95
309120,95
309130,95
309140,99
309160,99
309170,99
309181,97
309190,97
309200,97
309220,97
309231,97
309239,97
309250,97
309271,97
309281,95
309290,95
309301,95
309310,95
309320,95
309330,93
309341,93
309351,93
309360,93
309371,93
309380,93
309391,93
309401,93
309411,93
309421,93
309431,93
309440,93
309449,93
309460,93
309471,93
309480,93
309491,93
309500,93
309511,93
309520,91
309531,91
309540,91
309550,91
309560,91
309570,95
309581,95
309590,95
309600,95
309611,97
309620,97
309630,97
309640,97
309650,97
309661,97
309670,97
309680,97
309690,97
309700,97
309711,101
309720,101
309730,101
309740,101
309750,101
309760,97
309770,97
309780,97
309790,97
309800,97
309811,97
309821,97
309830,97
309839,97
309850,97
309860,95
309870,95
309880,95
309890,95
309901,93
309910,93
309920,93
309930,93
309940,93
309951,93
309960,93
309970,93
309980,93
309990,93
310000,93
310011,93
310020,93
310030,93
310040,93
310050,93
310060,93
310070,93
310080,93
310091,91
310100,91
310110,91
310120,91
310130,91
310141,93
310150,93
310160,93
310170,93
310180,93
310190,93
310201,93
310211,93
310220,93
310230,93
310240,93
310251,93
310260,93
310270,93
310281,95
310290,95
310300,95
310310,95
310320,95
310331,97
310340,97
310350,97
310360,97
310370,97
310380,95
310390,95
310400,95
310410,95
310420,95
310430,95
310441,95
310450,95
310460,95
310471,93
310480,93
310490,93
310500,93
310510,93
310521,97
310530,97
310540,97
310550,97
310560,97
310571,95
310580,95
310590,95
310600,95
310610,95
310620,97
310632,97
310639,97
310651,97
310660,97
310670,95
310681,95
310690,95
310700,95
310711,95
310720,95
310730,95
310740,95
310750,95
310762,95
310770,95
310780,95
310790,95
310799,95
310811,95
310820,95
310830,95
310840,95
310850,95
310860,95
310871,95
310880,95
310890,95
310900,95
310910,95
310921,95
310930,95
310940,95
310952,93
310960,93
310970,93
310980,93
310990,93
311000,85
311010,85
311020,85
311030,85
311040,85
311050,87
311062,87
311070,87
311081,87
311091,91
311100,91
311110,91
311120,91
311130,91
311141,93
311150,93
311161,93
311170,93
311180,93
311191,95
311201,95
311211,95
311221,95
311231,95
311241,93
311251,93
311261,93
311271,93
311280,95
311291,95
311301,95
311310,95
311321,95
311331,93
311341,93
311351,93
311361,93
311370,93
311381,91
311391,91
311401,91
311410,91
311421,91
311431,91
311441,91
311450,91
311461,91
311471,93
311480,93
311491,93
311501,93
311511,93
311520,93
311530,93
311540,93
311550,93
311560,93
311570,95
311581,95
311590,95
311600,95
311611,93
311620,93
311630,93
311640,93
311650,93
311661,95
311670,95
311680,95
311690,95
311700,95
311711,93
311720,93
311730,93
311740,93
311750,93
311760,95
311771,95
311780,95
311790,95
311800,95
311811,93
311820,93
311830,93
311840,93
311852,97
311860,97
311870,97
311880,97
311890,97
311901,95
311910,95
311920,95
311930,95
311940,95
311950,95
311960,95
311970,95
311980,95
311990,95
312000,95
312011,95
312021,95
312030,95
312040,95
312050,95
312060,95
312070,95
312079,95
312091,95
312100,95
312110,95
312120,95
312130,95
312141,95
312150,95
312160,95
312170,95
312180,95
312190,93
312201,93
312210,93
312220,93
312230,93
312240,93
312251,93
312261,93
312270,93
312280,93
312290,93
312300,93
312310,93
312320,93
312331,91
312340,91
312350,91
312360,91
312370,91
312380,93
312390,93
312399,93
312409,93
312420,93
312430,97
312441,97
312450,97
312460,97
312470,97
312480,97
312491,97
312500,97
312510,97
312521,97
312530,95
312540,95
312550,95
312559,95
312571,95
312580,95
312590,95
312600,95
312610,95
312621,93
312630,93
312640,93
312650,93
312660,93
312670,95
312681,95
312690,95
312700,95
312710,95
312720,93
312730,93
312740,93
312750,93
312761,91
312770,91
312780,91
312790,91
312800,91
312811,93
312821,93
312830,93
312840,93
312850,93
312860,91
312871,91
312880,91
312890,91
312901,89
312910,89
312920,89
312930,89
312940,89
312951,91
312960,91
312970,91
312980,91
312990,91
313000,93
313011,93
313021,93
313030,93
313040,93
313050,93
313061,93
313070,93
313080,93
313091,93
313100,93
313110,93
313120,93
313130,93
313141,93
313150,93
313160,93
313170,93
313180,93
313190,95
313201,95
313210,95
313221,95
313230,95
313240,93
313250,93
313260,93
313270,93
313281,91
313290,91
313300,91
313310,91
313320,91
313331,91
313340,91
313350,91
313360,91
313370,91
313381,93
313391,93
313400,93
313410,93
313420,93
313431,97
313441,97
313451,97
313461,97
313471,97
313481,97
313490,97
313501,97
313511,97
313521,97
313531,97
313540,97
313550,97
313560,97
313571,97
313580,97
313590,97
313600,97
313609,97
313620,99
313630,99
313640,99
313650,99
313660,99
313670,97
313681,97
313690,97
313700,97
313711,97
313720,97
313731,97
313740,97
313750,97
313760,95
313770,95
313780,95
313790,95
313800,95
313811,95
313821,95
313830,95
313840,95
313850,95
313860,93
313871,93
313880,93
313890,93
313900,93
313911,91
313921,91
313930,91
313940,91
313951,93
313960,93
313970,93
313980,93
313990,93
314001,91
314010,91
314021,91
314030,91
314040,91
314050,89
314060,89
314070,89
314080,89
314091,91
314100,91
314110,91
314120,91
314130,91
314141,93
314150,93
314160,93
314170,93
314180,93
314191,95
314200,95
314210,95
314220,95
314230,95
314240,95
314251,95
314261,95
314270,95
314281,93
314290,93
314300,93
314310,93
314320,93
314331,93
314340,93
314350,93
314360,93
314370,93
314380,91
314391,91
314400,91
314410,91
314420,91
314430,93
314440,93
314450,93
314460,93
314471,93
314480,93
314490,93
314500,93
314510,93
314521,95
314530,95
314540,95
314550,95
314560,95
314570,95
314581,95
314590,95
314600,95
314610,95
314621,97
314631,97
314639,97
314650,97
314661,97
314670,97
314680,97
314690,97
314700,97
314711,97
314720,97
314730,97
314740,97
314750,97
314761,97
314770,97
314780,97
314790,97
314799,97
314810,97
314820,97
314830,97
314839,97
314850,97
314860,93
314872,93
314880,93
314890,93
314901,95
314910,95
314920,95
314930,95
314940,95
314952,95
314960,95
314970,95
314980,95
314990,95
315002,97
315010,97
315021,97
315030,97
315039,97
315052,105
315060,105
315070,105
315081,105
315090,105
315101,99
315110,99
315120,99
315130,99
315140,99
315150,97
315161,97
315170,97
315181,97
315192,95
315201,95
315211,95
315221,95
315230,95
315241,91
315251,91
315260,91
315270,91
315281,91
315290,91
315301,91
315311,91
315320,91
315330,91
315341,91
315351,91
315361,91
315371,91
315381,91
315391,91
315401,91
315411,91
315420,91
315431,89
315441,89
315451,89
315460,89
315471,89
315481,93
315490,93
315501,93
315511,93
315520,93
315531,93
315541,93
315551,93
315559,93
315571,91
315580,91
315590,91
315601,91
315610,91
315621,91
315631,91
315640,91
315650,91
315660,91
315670,93
315681,93
315691,93
315700,93
315711,93
315720,93
315730,93
315740,93
315750,93
315761,91
315770,91
315780,91
315790,91
315800,91
315810,91
315821,91
315830,91
315840,91
315850,91
315860,95
315871,95
315880,95
315890,95
315901,93
315910,93
315920,93
315930,93
315940,93
315951,95
315960,95
315970,95
315980,95
315990,95
316000,93
316010,93
316021,93
316030,93
316040,93
316050,93
316061,93
316070,93
316080,93
316091,89
316100,89
316111,89
316120,89
316130,89
316141,91
316150,91
316160,91
316170,91
316180,91
316190,91
316201,91
316211,91
316220,91
316230,91
316240,93
316250,93
316260,93
316270,93
316280,95
316290,95
316300,95
316310,95
316320,95
316331,95
316340,95
316350,95
316360,95
316370,95
316381,95
316390,95
316399,95
316410,95
316420,95
316430,97
316441,97
316450,97
316460,97
316470,97
316480,97
316490,97
316500,97
316510,97
316521,93
316530,93
316540,93
316550,93
316560,93
316571,93
316580,93
316590,93
316600,93
316610,93
316620,93
316631,93
316639,93
316650,93
316660,93
316670,95
316681,95
316690,95
316700,95
316711,93
316720,93
316730,93
316740,93
316750,93
316761,93
316770,93
316780,93
316790,93
316800,93
316811,93
316820,93
316830,93
316840,93
316850,93
316860,95
316871,95
316879,95
316890,95
316901,95
316910,95
316920,95
316930,95
316940,95
316951,93
316960,93
316970,93
316980,93
316990,93
317000,93
317010,93
317020,93
317030,93
317040,93
317050,93
317061,93
317070,93
317080,93
317091,93
317100,93
317110,93
317120,93
317130,93
317141,93
317150,93
317160,93
317170,93
317180,93
317190,91
317201,91
317210,91
317220,91
317231,91
317240,91
317250,91
317260,91
317270,91
317281,89
317290,89
317300,89
317310,89
317320,89
317331,91
317340,91
317350,91
317360,91
317370,91
317380,93
317400,93
317421,93
317430,95
317441,95
317450,95
317461,95
317471,97
317480,97
317491,97
317500,97
317511,97
317521,97
317531,97
317541,97
317551,97
317560,97
317571,97
317581,97
317590,97
317599,97
317611,97
317620,95
317631,95
317640,95
317651,95
317661,95
317670,95
317680,95
317690,95
317700,95
317711,93
317720,93
317730,93
317740,93
317750,93
317760,93
317770,93
317780,93
317790,93
317800,93
317811,91
317821,91
317830,91
317840,91
317851,91
317860,91
317870,91
317880,91
317890,91
317901,91
317910,91
317920,91
317930,91
317940,91
317951,93
317960,93
317970,93
317980,93
317990,93
318000,95
318010,95
318020,95
318030,95
318040,95
318050,97
318061,97
318071,97
318080,97
318091,97
318100,97
318110,97
318120,97
318130,97
318141,97
318150,97
318160,97
318170,97
318180,97
318191,95
318200,95
318209,95
318220,95
318230,95
318240,93
318251,93
318260,93
318270,93
318280,93
318290,93
318300,93
318310,93
318320,93
318331,93
318340,93
318350,93
318360,93
318370,93
318381,93
318390,93
318400,93
318411,93
318420,93
318430,95
318441,95
318450,95
318460,95
318471,93
318480,93
318490,93
318500,93
318510,93
318520,95
318530,95
318540,95
318550,95
318560,95
318571,95
318580,95
318590,95
318600,95
318610,95
318620,93
318631,93
318640,93
318650,93
318661,93
318670,93
318680,93
318690,93
318700,93
318711,95
318720,95
318730,95
318740,95
318750,95
318761,97
318770,97
318780,97
318790,97
318800,97
318810,95
318821,95
318830,95
318840,95
318850,95
318860,95
318871,95
318880,95
318890,95
318902,95
318910,95
318920,95
318930,95
318940,95
318951,93
318960,93
318970,93
318980,93
318990,93
319000,93
319011,93
319020,93
319030,93
319040,93
319050,91
319061,91
319071,91
319080,91
319091,95
319100,95
319110,95
319120,95
319130,95
319142,97
319150,97
319161,97
319170,97
319180,97
319191,95
319200,95
319210,95
319220,95
319230,95
319241,93
319251,93
319260,93
319270,93
319281,93
319290,93
319301,93
319310,93
319320,93
319331,93
319340,93
319351,93
319361,93
319371,93
319381,95
319391,95
319401,95
319411,95
319421,95
319431,95
319441,95
319451,95
319461,95
319471,95
319481,95
319491,95
319501,95
319511,95
319521,95
319531,95
319540,95
319551,95
319561,95
319571,93
319580,93
319591,93
319601,93
319610,93
319621,91
319630,91
319640,91
319651,91
319660,91
319670,93
319681,93
319690,93
319701,93
319711,93
319719,93
319730,93
319741,93
319750,93
319761,93
319770,93
319780,93
319791,93
319800,93
319810,93
319820,93
319830,93
319840,93
319850,93
319860,95
319871,95
319880,95
319890,95
319900,95
319910,97
319920,97
319930,97
319940,97
319951,91
319960,91
319970,91
319980,91
319990,91
320000,91
320011,91
320020,91
320030,91
320040,91
320050,93
320060,93
320070,93
320079,93
320091,93
320100,93
320110,93
320120,93
320130,93
320141,93
320150,93
320160,93
320170,93
320180,93
320191,97
320200,97
320210,97
320220,97
320230,97
320240,97
320251,97
320260,97
320270,97
320280,97
320290,103
320301,103
320310,103
320320,103
320331,97
320340,97
320350,97
320360,97
320370,97
320381,95
320390,95
320399,95
320410,95
320420,95
320431,93
320440,93
320450,93
320460,93
320471,93
320480,91
320491,91
320500,91
320510,91
320520,89
320530,89
320540,89
320550,89
320560,89
320571,91
320580,91
320590,91
320600,91
320611,91
320620,93
320631,93
320640,93
320650,93
320660,93
320670,93
320680,93
320690,93
320700,93
320711,93
320720,93
320730,93
320740,93
320750,93
320761,93
320770,93
320780,93
320790,93
320800,93
320810,95
320820,95
320830,95
320840,95
320850,95
320860,95
320870,95
320880,95
320890,95
320901,93
320910,93
320920,93
320930,93
320951,93
320960,93
320970,93
320980,93
320990,93
321000,95
321011,95
321021,95
321030,95
321039,95
321050,95
321060,95
321070,95
321080,95
321091,93
321100,93
321110,93
321120,93
321130,93
321141,91
321150,91
321160,91
321170,91
321180,91
321190,93
321201,93
321211,93
321220,93
321231,93
321240,93
321250,93
321260,93
321270,93
321280,93
321290,93
321300,93
321310,93
321320,93
321331,93
321340,93
321350,93
321360,93
321370,93
321380,95
321391,95
321399,95
321410,95
321421,95
321430,95
321440,95
321450,95
321460,95
321471,91
321480,91
321491,91
321500,91
321511,91
321521,91
321530,91
321541,91
321551,91
321560,91
321571,93
321581,93
321591,93
321600,93
321610,93
321621,95
321631,95
321640,95
321650,95
321660,95
321670,95
321679,95
321690,95
321700,95
321711,93
321720,93
321730,93
321740,93
321750,93
321760,93
321771,93
321780,93
321790,93
321800,93
321811,91
321820,91
321830,91
321840,91
321851,93
321860,93
321870,93
321880,93
321890,93
321901,93
321910,93
321940,93
321950,95
321961,95
321970,95
321980,95
321990,95
322000,95
322011,95
322021,95
322030,95
322041,95
322050,95
322060,95
322070,95
322080,95
322091,93
322100,93
322110,93
322120,93
322130,93
322140,95
322151,95
322160,95
322170,95
322180,95
322190,95
322201,95
322211,95
322220,95
322231,95
322239,95
322260,95
322270,95
322281,93
322290,93
322300,93
322310,93
322320,93
322331,95
322340,95
322350,95
322360,95
322370,95
322380,93
322391,93
322400,93
322410,93
322421,93
322430,95
322441,95
322450,95
322460,95
322470,91
322480,91
322490,91
322500,91
322510,91
322521,93
322530,93
322540,93
322550,93
322559,93
322570,91
322580,91
322590,91
322600,91
322610,91
322621,93
322631,93
322640,93
322650,93
322660,93
322670,95
322680,95
322690,95
322700,95
322711,97
322720,97
322730,97
322740,97
322750,97
322761,97
322770,97
322780,97
322790,97
322800,97
322810,95
322820,95
322830,95
322839,95
322850,95
322860,93
322871,93
322880,93
322890,93
322901,93
322910,95
322920,95
322930,95
322940,95
322950,93
322960,93
322970,93
322980,93
322990,93
323001,95
323010,95
323021,95
323030,95
323040,95
323051,99
323060,99
323070,99
323080,99
323090,99
323100,97
323111,97
323120,97
323130,97
323140,97
323150,95
323160,95
323170,95
323180,95
323191,93
323201,93
323211,93
323221,93
323230,93
323241,91
323250,91
323260,91
323270,91
323281,91
323290,93
323301,93
323310,93
323321,93
323331,93
323340,93
323350,93
323361,93
323370,93
323380,91
323391,91
323401,91
323411,91
323421,91
323431,91
323441,91
323451,91
323461,91
323471,91
323481,93
323491,93
323500,93
323511,93
323521,93
323531,93
323541,93
323551,93
323561,93
323571,95
323581,95
323591,95
323600,95
323611,95
323621,93
323630,93
323640,93
323651,93
323661,93
323671,97
323681,97
323690,97
323700,97
323711,97
323721,95
323731,95
323740,95
323751,95
323761,95
323770,95
323780,95
323790,95
323800,95
323811,93
323820,93
323830,93
323840,93
323850,93
323860,93
323871,93
323880,93
323890,93
323900,93
323911,95
323921,95
323930,95
323940,95
323951,93
323960,93
323970,93
323980,93
323990,93
324001,93
324009,93
324020,93
324030,93
324040,93
324050,93
324061,93
324070,93
324080,93
324090,93
324100,95
324111,95
324120,95
324130,95
324140,93
324150,93
324160,93
324170,93
324180,93
324191,93
324200,93
324210,93
324221,93
324230,93
324240,95
324250,95
324260,95
324270,95
324279,95
324290,95
324301,95
324311,95
324320,95
324331,95
324340,95
324350,95
324360,95
324370,95
324381,91
324390,91
324400,91
324410,91
324420,91
324431,93
324440,93
324450,93
324460,93
324470,93
324480,93
324491,93
324500,93
324510,93
324521,93
324530,95
324540,95
324550,95
324560,95
324571,93
324580,93
324590,93
324600,93
324610,93
324621,95
324630,95
324640,95
324650,95
324660,95
324670,93
324681,93
324690,93
324700,93
324711,91
324720,91
324730,91
324740,91
324750,91
324761,91
324770,91
324780,91
324790,91
324800,91
324811,93
324820,93
324830,93
324840,93
324850,93
324860,93
324871,93
324880,93
324890,93
324900,93
324910,95
324920,95
324930,95
324940,95
324951,95
324959,95
324971,95
324980,95
324990,95
325001,97
325010,97
325020,97
325030,97
325040,97
325051,97
325060,97
325070,97
325080,97
325090,97
325100,95
325111,95
325120,95
325130,95
325140,95
325150,91
325160,91
325170,91
325180,91
325192,93
325200,93
325210,93
325220,93
325230,93
325241,93
325250,93
325260,93
325270,93
325280,93
325290,95
325301,95
325310,95
325320,95
325331,95
325340,91
325350,91
325360,91
325370,91
325381,93
325390,93
325400,93
325410,93
325420,93
325431,93
325440,93
325450,93
325460,93
325470,93
325480,95
325491,95
325500,95
325510,95
325520,95
325530,93
325540,93
325551,93
325560,93
325571,95
325581,95
325591,95
325600,95
325610,95
325621,93
325630,93
325640,93
325651,93
325660,93
325671,95
325680,95
325690,95
325701,95
325711,95
325720,95
325731,95
325740,95
325750,95
325760,95
325770,95
325781,95
325790,95
325800,95
325810,95
325820,95
325830,95
325840,95
325850,95
325861,95
325870,95
325880,95
325890,95
325900,95
325910,93
325920,93
325930,93
325940,93
325950,93
325960,95
325971,95
325980,95
325990,95
326001,95
326010,95
326020,95
326030,95
326051,93
326060,93
326070,93
326080,93
326090,93
326101,93
326110,93
326120,93
326130,93
326140,93
326150,93
326170,93
326180,93
326191,93
326200,93
326210,93
326220,93
326230,93
326240,91
326250,91
326260,91
326270,91
326280,91
326291,93
326300,93
326310,93
326320,93
326330,93
326340,93
326351,93
326360,93
326370,93
326381,93
326390,95
326410,95
326420,95
326431,93
326450,93
326460,93
326470,93
326480,93
326490,93
326500,93
326510,93
326520,93
326530,93
326541,93
326550,93
326560,93
326570,93
326580,93
326590,93
326600,93
326610,93
326621,95
326630,95
326640,95
326650,95
326671,103
326680,103
326690,103
326700,103
326710,103
326721,99
326730,99
326740,99
326750,99
326759,99
326770,95
326780,95
326790,95
326800,95
326810,95
326820,95
326830,95
326840,95
326850,95
326861,91
326870,91
326880,91
326890,91
326900,91
326911,93
326920,93
326930,93
326940,93
326950,93
326960,91
326971,91
326980,91
326990,91
327002,91
327010,91
327020,91
327030,91
327040,91
327052,89
327060,89
327070,89
327080,89
327091,89
327101,93
327110,93
327120,93
327130,93
327140,93
327150,93
327161,93
327170,93
327180,93
327192,95
327200,95
327210,95
327220,95
327230,95
327242,93
327250,93
327260,93
327270,93
327281,93
327291,95
327300,95
327310,95
327320,95
327330,95
327340,93
327352,93
327361,93
327370,93
327380,93
327390,95
327401,95
327410,95
327420,95
327430,93
327440,93
327450,93
327460,93
327471,93
327480,95
327490,95
327501,95
327511,95
327521,95
327530,95
327541,95
327551,95
327561,95
327571,95
327581,95
327591,95
327601,95
327621,95
327631,93
327640,93
327651,93
327661,93
327671,95
327681,95
327690,95
327700,95
327711,95
327721,95
327731,95
327741,95
327771,93
327781,93
327790,93
327800,93
327810,93
327820,93
327831,93
327840,93
327850,93
327860,93
327870,93
327879,93
327890,93
327900,93
327911,93
327920,93
327930,93
327940,93
327950,93
327960,93
327970,93
327980,93
327990,93
328000,93
328010,93
328021,93
328030,93
328040,93
328050,93
328060,95
328070,95
328080,95
328090,95
328101,93
328110,93
328120,93
328130,93
328140,93
328151,95
328160,95
328170,95
328180,95
328190,95
328200,93
328211,93
328220,93
328230,93
328240,93
328250,95
328260,95
328270,95
328279,95
328291,91
328300,91
328310,91
328320,91
328330,91
328341,93
328350,93
328360,93
328370,93
328380,93
328390,91
328401,91
328410,91
328420,91
328430,91
328440,95
328451,95
328460,95
328470,95
328481,101
328490,101
328500,101
328510,101
328520,101
328531,99
328540,99
328550,99
328560,99
328581,95
328590,95
328600,95
328620,95
328630,97
328639,97
328650,97
328660,97
328670,97
328680,95
328691,95
328700,95
328710,95
328721,95
328730,95
328740,95
328750,95
328760,95
328771,93
328780,93
328790,93
328800,93
328810,93
328820,93
328830,93
328839,93
328850,93
328860,93
328870,93
328881,93
328890,93
328900,93
328911,89
328920,89
328930,89
328940,89
328950,89
328961,91
328970,91
328980,91
328990,91
329000,91
329010,93
329021,93
329030,93
329040,93
329050,93
329060,93
329071,93
329080,93
329090,93
329101,93
329110,93
329120,93
329130,93
329140,93
329151,93
329160,93
329170,93
329180,93
329190,93
329200,93
329211,93
329220,93
329230,93
329240,93
329251,93
329261,93
329270,93
329280,93
329291,93
329300,93
329310,93
329320,93
329330,93
329341,93
329350,93
329360,93
329370,93
329380,93
329390,97
329400,97
329410,97
329421,97
329430,97
329440,95
329451,95
329460,95
329470,95
329481,95
329490,95
329500,95
329510,95
329520,95
329531,93
329540,93
329550,93
329560,93
329570,93
329580,93
329591,93
329600,93
329610,93
329621,93
329631,93
329640,93
329650,93
329661,93
329671,93
329680,93
329691,93
329700,93
329711,93
329721,91
329731,91
329741,91
329751,91
329760,91
329771,95
329780,95
329790,95
329799,95
329811,95
329820,93
329830,93
329840,93
329850,93
329861,95
329870,95
329880,95
329890,95
329900,95
329911,93
329920,93
329930,93
329940,93
329950,93
329960,93
329971,93
329980,93
329990,93
330001,93
330010,93
330021,93
330030,93
330040,93
330051,93
330060,93
330070,93
330080,93
330090,93
330100,93
330111,93
330120,93
330130,93
330140,93
330150,93
330160,93
330170,93
330180,93
330191,95
330200,95
330210,95
330220,95
330230,95
330241,93
330250,93
330260,93
330271,93
330280,93
330291,95
330301,95
330310,95
330320,95
330330,95
330340,97
330351,97
330360,97
330370,97
330381,97
330391,97
330400,97
330410,97
330420,97
330431,95
330440,95
330450,95
330460,95
330470,95
330481,97
330490,97
330500,97
330510,97
330520,97
330530,93
330540,93
330550,93
330560,93
330570,93
330580,95
330591,95
330600,95
330610,95
330622,91
330630,91
330640,91
330650,91
330660,91
330671,95
330680,95
330690,95
330700,95
330710,95
330720,93
330730,93
330740,93
330750,93
330760,93
330770,95
330780,95
330790,95
330800,95
330811,95
330820,93
330830,93
330840,93
330850,93
330861,95
330870,95
330880,95
330890,95
330900,95
330911,93
330920,93
330930,93
330940,93
330950,93
330960,95
330971,95
330980,95
330990,95
331150,93
331162,93
331170,93
331180,93
331192,93
331200,93
331220,93
331230,93
331242,93
331250,93
331260,93
331270,93
331281,93
331291,95
331300,95
331310,95
331320,95
331331,95
331340,95
331352,95
331361,95
331381,93
331401,93
331410,93
331421,93
331431,93
331441,93
331450,93
331460,93
331471,93
331480,89
331491,89
331500,89
331510,89
331520,89
331530,91
331540,91
331551,91
331561,91
331571,91
331581,91
331591,91
331601,91
331611,91
331621,91
331631,91
331641,91
331651,91
331661,91
331671,95
331680,95
331691,95
331701,95
331711,95
331721,95
331730,95
331740,95
331750,95
331760,95
331770,95
331781,95
331791,95
331800,95
331811,93
331820,93
331831,93
331839,93
331851,93
331860,93
331871,93
331880,93
331890,93
331900,93
331911,91
331920,91
331931,91
331940,91
331951,89
331960,89
331970,89
331980,89
331990,89
332000,91
332009,91
332020,91
332030,91
332040,91
332050,93
332061,93
332070,93
332080,93
332090,93
332100,95
332111,95
332120,95
332130,95
332141,95
332150,95
332160,95
332170,95
332180,95
332191,95
332200,95
332211,95
332220,95
332230,95
332240,95
332250,95
332260,95
332270,95
332280,95
332290,103
332300,103
332310,103
332320,103
332330,103
332340,97
332351,97
332360,97
332370,97
332380,97
332390,97
332400,97
332410,97
332420,97
332431,95
332440,95
332450,95
332460,95
332470,95
332480,95
332490,95
332500,95
332510,95
332520,95
332530,93
332541,93
332550,93
332560,93
332570,93
332580,93
332591,93
332600,93
332610,93
332621,93
332630,93
332640,93
332650,93
332660,93
332672,95
332680,95
332690,95
332700,95
332710,95
332721,93
332730,93
332740,93
332750,93
332760,93
332770,95
332781,95
332790,95
332800,95
332810,95
332821,97
332831,97
332839,97
332850,97
332861,97
332870,97
332880,97
332890,97
332900,97
332911,95
332920,95
332930,95
332940,95
332950,95
332960,93
332970,93
332980,93
332990,93
333000,93
333010,93
333021,93
333030,93
333040,93
333051,93
333060,93
333070,93
333080,93
333090,93
333101,91
333110,91
333120,91
333130,91
333140,91
333151,91
333160,91
333170,91
333180,91
333190,91
333200,93
333211,93
333220,93
333230,93
333241,93
333250,93
333260,93
333270,93
333280,93
333291,93
333300,93
333310,93
333320,93
333330,93
333341,93
333350,93
333360,93
333370,93
333380,93
333391,95
333401,95
333410,95
333420,95
333430,95
333439,97
333451,97
333460,97
333470,97
333481,97
333490,97
333500,97
333510,97
333520,97
333531,95
333540,95
333550,95
333560,95
333570,95
333580,95
333590,95
333599,95
333630,93
333640,93
333650,93
333660,93
333671,91
333680,91
333701,91
333721,91
333731,91
333741,91
333751,91
333760,91
333771,95
333781,95
333791,95
333800,95
333811,95
333820,95
333831,95
333840,95
333850,95
333861,95
333871,95
333880,95
333890,95
333900,95
333911,93
333920,93
333930,93
333940,93
333950,93
333960,95
333970,95
333980,95
333990,95
334000,95
334011,95
334021,95
334030,95
334040,95
334051,93
334060,93
334070,93
334080,93
334090,93
334102,95
334110,95
334120,95
334130,95
334140,95
334151,97
334160,97
334170,97
334180,97
334191,97
334201,101
334220,101
334230,101
334240,101
334250,97
334260,97
334270,97
334280,97
334290,97
334300,93
334311,93
334320,93
334330,93
334342,93
334350,93
334360,93
334370,93
334380,93
334391,93
334400,93
334410,93
334420,93
334430,93
334440,93
334451,93
334460,93
334470,93
334480,93
334490,91
334501,91
334510,91
334520,91
334531,93
334540,93
334550,93
334560,93
334570,93
334581,93
334590,93
334600,93
334610,93
334620,93
334630,93
334641,93
334650,93
334660,93
334671,93
334680,93
334690,93
334700,93
334710,93
334721,93
334730,93
334740,93
334750,93
334760,93
334770,93
334781,93
334790,93
334800,93
334810,93
334820,91
334830,91
334840,91
334850,91
334861,93
334870,93
334880,93
334890,93
334900,93
334911,93
334920,93
334930,93
334940,93
334950,93
334960,95
334970,95
334981,95
334990,95
334999,95
335010,95
335020,95
335030,95
335040,95
335051,93
335060,93
335070,93
335081,93
335090,93
335101,97
335110,97
335120,97
335130,97
335140,97
335150,97
335160,97
335170,97
335180,97
335190,97
335200,95
335211,95
335220,95
335230,95
335240,95
335250,93
335260,93
335271,93
335279,93
335292,95
335300,95
335310,95
335320,95
335330,95
335342,95
335350,95
335360,95
335370,95
335380,95
335391,95
335401,95
335410,95
335420,95
335430,95
335439,97
335451,97
335460,97
335470,97
335479,97
335490,95
335501,95
335510,95
335520,95
335531,93
335540,93
335550,93
335559,93
335571,93
335581,93
335591,93
335601,93
335610,93
335621,93
335641,93
335651,93
335661,93
335670,93
335681,93
335690,93
335701,93
335721,93
335730,93
335741,93
335751,93
335761,93
335771,93
335781,93
335801,93
335811,93
335821,93
335830,93
335841,93
335849,93
335861,93
335870,95
335881,95
335891,95
335901,95
335911,93
335921,93
335930,93
335940,93
335950,93
335961,91
335970,91
335981,91
335991,91
335999,91
336011,91
336021,91
336030,91
336040,91
336051,91
336060,93
336071,93
336080,93
336090,93
336101,93
336110,93
336120,93
336130,93
336140,93
336151,95
336160,95
336170,95
336180,95
336191,95
336200,93
336211,93
336220,93
336230,93
336241,93
336250,95
336260,95
336270,95
336280,95
336291,95
336300,95
336310,95
336320,95
336330,95
336341,95
336350,95
336359,95
336370,95
336380,95
336390,93
336401,93
336410,93
336420,93
336430,93
336440,95
336451,95
336460,95
336470,95
336481,95
336490,97
336500,97
336510,97
336520,97
336531,95
336540,95
336550,95
336560,95
336570,95
336581,97
336590,97
336599,97
336610,97
336620,97
336630,97
336639,97
336650,97
336660,97
336670,97
336680,93
336691,93
336700,93
336710,93
336720,95
336730,95
336740,95
336750,95
336760,95
336771,93
336780,93
336790,93
336800,93
336810,93
336820,95
336830,95
336840,95
336850,95
336860,95
336870,95
336879,95
336890,95
336900,95
336910,95
336920,95
336931,95
336940,95
336950,95
336960,93
336970,93
336980,93
336990,93
337000,93
337011,95
337021,95
337030,95
337040,95
337050,95
337061,93
337070,93
337080,93
337090,93
337100,93
337110,93
337121,93
337130,93
337140,93
337151,91
337160,91
337170,91
337180,91
337190,91
337201,93
337210,93
337220,93
337230,93
337240,93
337250,91
337261,91
337270,91
337280,91
337290,91
337300,93
337311,93
337320,93
337330,93
337341,95
337350,95
337360,95
337370,95
337380,95
337391,97
337400,97
337410,97
337421,97
337430,97
337440,95
337450,95
337460,95
337470,95
337480,95
337490,95
337501,95
337510,95
337520,95
337530,91
337540,91
337550,91
337560,91
337570,91
337580,93
337590,93
337600,93
337610,93
337620,93
337630,91
337640,91
337650,91
337660,91
337670,91
337680,93
337691,93
337700,93
337710,93
337720,93
337730,93
337740,93
337751,93
337760,93
337771,95
337781,95
337791,95
337799,95
337810,95
337821,97
337831,97
337840,97
337851,97
337861,97
337870,97
337880,97
337890,97
337901,97
337911,97
337920,93
337931,93
337940,93
337950,93
337960,93
337970,95
337980,95
337990,95
338000,95
338011,93
338021,93
338030,93
338039,93
338050,93
338061,95
338070,95
338080,95
338090,95
338100,95
338111,97
338120,97
338130,97
338140,97
338150,97
338160,95
338171,95
338180,95
338190,95
338199,95
338210,95
338221,95
338230,95
338240,95
338251,95
338260,95
338270,95
338280,95
338290,95
338301,93
338310,93
338320,93
338330,93
338340,93
338350,95
338361,95
338370,95
338380,95
338390,95
338400,91
338411,91
338421,91
338430,91
338441,89
338450,89
338460,89
338470,89
338480,89
338491,89
338500,89
338510,89
338520,89
338530,89
338540,93
338551,93
338560,93
338570,93
338580,93
338590,93
338600,93
338610,93
338621,93
338631,95
338640,95
338650,95
338660,95
338670,95
338680,93
338690,93
338700,93
338710,93
338720,93
338730,97
338741,97
338750,97
338760,97
338770,97
338780,95
338791,95
338800,95
338821,95
338830,95
338840,95
338850,95
338860,95
338871,95
338880,95
338890,95
338901,95
338920,95
338930,95
338940,95
338950,95
338959,95
338970,93
338981,93
338990,93
339001,93
339010,93
339021,95
339030,95
339040,95
339050,95
339061,91
339070,91
339080,91
339090,91
339100,91
339111,93
339120,93
339130,93
339140,93
339150,93
339160,91
339171,91
339180,91
339190,91
339199,91
339210,95
339221,95
339230,95
339240,95
339252,97
339260,97
339270,97
339280,97
339290,97
339302,97
339310,97
339320,97
339330,97
339340,97
339351,95
339360,95
339370,95
339380,95
339390,95
339400,95
339411,95
339421,95
339430,95
339441,91
339450,91
339460,91
339470,91
339480,91
339491,93
339500,93
339510,93
339520,93
339530,93
339540,91
339552,91
339559,91
339570,91
339580,91
339590,91
339601,91
339610,91
339621,91
339631,91
339641,91
339651,91
339661,91
339671,91
339680,95
339690,95
339701,95
339711,95
339721,95
339731,93
339741,93
339751,93
339761,93
339771,93
339781,95
339791,95
339801,95
339811,95
339821,91
339831,91
339840,91
339851,91
339860,91
339871,95
339881,95
339891,95
339901,95
339911,95
339919,91
339931,91
339940,91
339951,91
339961,93
339971,93
339980,93
339991,93
340000,93
340011,91
340020,91
340031,91
340040,91
340050,91
340060,93
340071,93
340080,93
340090,93
340100,93
340111,91
340121,91
340130,91
340140,91
340151,91
340159,91
340170,91
340180,91
340190,91
340201,91
340210,91
340221,91
340230,91
340239,91
340250,93
340261,93
340270,93
340280,93
340290,93
340300,93
340311,93
340320,93
340330,93
340341,95
340350,95
340360,95
340370,95
340380,95
340391,93
340400,93
340410,93
340420,93
340430,93
340440,95
340451,95
340460,95
340470,95
340480,95
340490,91
340500,91
340510,91
340520,91
340531,91
340540,91
340550,91
340560,91
340570,91
340580,91
340590,91
340600,91
340610,91
340620,91
340630,93
340641,93
340650,93
340660,93
340671,93
340680,95
340690,95
340700,95
340710,95
340721,95
340730,95
340740,95
340750,95
340760,95
340771,93
340780,93
340790,93
340800,93
340809,93
340821,93
340831,93
340840,93
340850,93
340861,93
340870,93
340880,93
340890,93
340900,93
340911,91
340920,91
340930,91
340940,91
340950,91
340960,91
340970,91
340980,91
340990,91
341000,91
341010,93
341021,93
341030,93
341040,93
341051,93
341060,93
341070,93
341080,93
341090,93
341101,93
341110,93
341120,93
341130,93
341140,93
341150,93
341160,93
341170,93
341180,93
341190,93
341200,95
341211,95
341220,95
341230,95
341241,95
341250,95
341260,95
341270,95
341280,95
341291,95
341300,95
341310,95
341320,95
341330,95
341341,93
341350,93
341360,93
341370,93
341380,93
341390,95
341401,95
341410,95
341420,95
341430,95
341440,93
341450,93
341460,93
341470,93
341481,95
341490,95
341500,95
341510,95
341520,95
341531,95
341540,95
341550,95
341560,95
341570,95
341581,97
341590,97
341600,97
341610,97
341620,97
341630,95
341641,95
341650,95
341660,95
341670,95
341680,93
341690,93
341700,93
341710,93
341720,93
341730,93
341740,93
341750,93
341760,93
341771,95
341780,95
341791,95
341799,95
341810,95
341821,95
341831,95
341840,95
341850,95
341861,95
341871,93
341881,93
341891,93
341900,93
341911,93
341920,93
341931,93
341941,93
341950,93
341961,91
341971,91
341980,91
341990,91
342000,91
342011,93
342020,93
342030,93
342040,93
342050,93
342060,91
342071,91
342080,91
342090,91
342101,93
342110,93
342120,93
342130,93
342140,93
342151,93
342160,93
342170,93
342180,93
342190,93
342201,95
342210,95
342220,95
342230,95
342240,95
342250,93
342261,93
342271,93
342280,93
342290,93
342300,95
342310,95
342320,95
342330,95
342340,93
342350,93
342360,93
342370,93
342380,93
342391,95
342400,95
342410,95
342421,95
342430,95
342440,93
342451,93
342460,93
342470,93
342480,93
342490,95
342501,95
342510,95
342520,95
342531,93
342540,93
342550,93
342560,93
342570,93
342581,95
342590,95
342600,95
342610,95
342620,95
342631,95
342640,95
342650,95
342660,95
342670,95
342680,97
342691,97
342700,97
342710,97
342721,97
342730,103
342741,103
342750,103
342760,103
342770,103
342780,97
342791,97
342799,97
342810,97
342820,95
342830,95
342840,95
342850,95
342860,95
342871,95
342880,95
342890,95
342900,95
342910,95
342920,91
342931,91
342940,91
342950,91
342960,91
342970,91
342980,91
342990,91
343000,91
343011,89
343020,89
343030,89
343040,89
343050,89
343061,91
343070,91
343080,91
343090,91
343100,91
343110,99
343120,99
343130,99
343140,99
343150,99
343160,97
343171,97
343180,97
343190,97
343200,97
343210,95
343220,95
343230,95
343240,95
343251,97
343260,97
343270,97
343279,97
343290,97
343302,93
343310,93
343320,93
343330,93
343340,93
343350,95
343361,95
343370,95
343380,95
343390,95
343400,91
343410,91
343420,91
343430,91
343442,95
343450,95
343460,95
343470,95
343480,95
343491,91
343500,91
343510,91
343520,91
343530,91
343540,93
343551,93
343561,93
343570,93
343582,89
343590,89
343601,89
343610,89
343620,89
343631,91
343641,91
343660,91
343670,91
343681,91
343691,91
343700,91
343711,91
343721,91
343761,93
343771,93
343781,93
343790,93
343801,93
343821,93
343831,93
343841,93
343850,93
343861,93
343871,95
343880,95
343891,95
343901,95
343910,95
343921,93
343951,93
343971,89
343981,89
343991,89
344000,89
344011,91
344021,91
344030,91
344050,91
344061,93
344071,93
344090,93
344101,93
344110,93
344120,93
344130,93
344151,95
344160,95
344170,95
344180,95
344190,95
344220,95
344240,95
344270,95
344310,93
344320,93
344330,93
344370,87
344380,87
344390,91
344400,91
344410,91
344430,91
344440,93
344451,93
344460,93
344470,93
344501,105
344510,105
344520,105
344540,103
344550,103
344580,105
344590,105
344600,105
344610,105
344620,105
344631,97
344640,97
344650,97
344680,95
344690,95
344700,95
344710,95
344730,93
344760,93
344771,93
344780,93
344790,93
344800,93
344810,93
344821,93
344830,93
344850,93
344860,93
344880,93
344890,93
344900,93
344910,93
344920,93
344931,93
344950,93
344961,91
344970,91
344980,91
344990,91
345000,91
345011,91
345020,91
345030,91
345040,91
345050,91
345060,91
345071,91
345080,91
345090,91
345101,85
345110,85
345120,85
345130,85
345141,85
345151,91
345160,91
345170,91
345180,91
345190,91
345200,93
345220,93
345230,93
345261,95
345270,95
345280,95
345291,95
345300,95
345310,95
345320,95
345330,95
345341,93
345350,93
345360,93
345370,93
345380,93
345410,95
345420,95
345430,95
345440,93
345451,93
345460,93
345470,93
345481,93
345490,93
345500,93
345510,93
345520,93
345531,91
345540,91
345550,91
345560,91
345570,91
345580,93
345600,93
345610,93
345621,93
345630,93
345640,93
345660,93
345671,95
345680,95
345690,95
345710,95
345720,93
345730,93
345740,93
345750,93
345760,93
345770,95
345781,95
345790,95
345800,95
345810,95
345820,93
345831,93
345840,93
345850,93
345861,93
345871,93
345880,93
345890,93
345901,93
345911,93
345920,93
345931,93
345941,93
345951,93
345960,93
345971,93
345981,93
345990,93
346000,93
346010,95
346021,95
346051,95
346060,93
346070,93
346080,93
346090,93
346101,93
346111,93
346120,93
346130,93
346140,93
346151,95
346160,95
346170,95
346180,95
346190,95
346201,103
346210,103
346221,103
346230,103
346240,103
346250,97
346261,97
346270,97
346280,97
346290,97
346300,101
346311,101
346320,101
346330,101
346340,101
346350,97
346360,97
346370,97
346380,97
346391,95
346400,95
346410,95
346421,95
346430,95
346441,93
346450,93
346460,93
346470,93
346480,93
346490,91
346501,91
346510,91
346520,91
346530,91
346540,93
346551,93
346560,93
346570,93
346580,91
346590,91
346610,91
346621,91
346631,93
346640,93
346650,93
346660,93
346670,93
346680,91
346691,91
346700,91
346710,91
346720,91
346730,93
346740,93
346750,93
346760,93
346772,93
346780,93
346790,93
346800,93
346810,93
346821,91
346830,91
346840,91
346850,91
346860,91
346870,93
346881,93
346890,93
346900,93
346911,93
346920,93
346930,93
346940,93
346950,93
346961,93
346970,93
346980,93
346990,93
347000,93
347010,93
347021,93
347030,93
347040,93
347050,93
347060,95
347071,95
347080,95
347090,95
347100,95
347110,95
347120,95
347130,95
347140,95
347151,95
347160,95
347170,95
347180,95
347190,95
347200,93
347210,93
347221,93
347230,93
347240,93
347250,93
347261,93
347270,93
347280,93
347290,93
347300,93
347311,93
347320,93
347330,93
347341,95
347350,95
347360,95
347392,95
347400,95
347410,95
347420,95
347430,95
347441,95
347450,95
347460,95
347470,95
347480,95
347490,95
347500,95
347510,95
347520,95
347530,95
347540,95
347552,95
347560,95
347570,95
347581,95
347590,95
347601,95
347610,95
347621,95
347631,93
347641,93
347650,93
347660,93
347681,93
347691,93
347700,93
347710,93
347720,93
347730,91
347740,91
347750,91
347759,91
347772,89
347781,89
347791,89
347801,89
347811,89
347821,91
347831,91
347841,91
347851,91
347861,91
347871,93
347880,93
347891,93
347901,93
347911,93
347931,95
347941,95
347951,95
347961,93
347971,93
347981,93
347991,93
348001,93
348011,95
348020,95
348031,95
348040,95
348050,95
348060,95
348071,95
348080,95
348091,95
348101,95
348111,95
348120,95
348140,95
348151,93
348160,93
348171,93
348190,93
348200,91
348211,91
348220,91
348240,91
348250,93
348261,93
348270,93
348300,95
348310,95
348320,95
348330,95
348341,95
348350,95
348360,95
348370,95
348380,95
348391,93
348400,93
348410,93
348421,93
348440,97
348451,97
348460,97
348470,97
348480,97
348490,99
348500,99
348510,99
348520,99
348531,97
348540,97
348550,97
348560,97
348571,97
348581,95
348590,95
348600,95
348610,95
348620,95
348631,95
348640,95
348650,95
348660,95
348670,95
348680,93
348691,93
348700,93
348710,93
348720,93
348730,93
348740,93
348750,93
348760,93
348771,91
348780,91
348790,91
348799,91
348810,91
348821,95
348830,95
348840,95
348850,95
348860,95
348870,93
348881,93
348890,93
348900,93
348910,93
348920,95
348930,95
348940,95
348950,95
348960,93
348980,93
349000,93
349011,95
349020,95
349030,95
349040,95
349050,95
349060,93
349071,93
349080,93
349090,93
349100,93
349110,95
349121,95
349130,95
349151,93
349160,93
349170,93
349180,93
349190,93
349201,95
349210,95
349221,95
349230,95
349240,95
349251,93
349260,93
349270,93
349280,93
349290,93
349300,95
349311,95
349320,95
349330,95
349340,95
349360,91
349370,91
349410,95
349420,95
349430,95
349441,93
349450,93
349460,93
349470,93
349480,93
349490,93
349501,93
349510,93
349520,93
349530,93
349540,91
349550,91
349560,91
349570,91
349600,95
349610,95
349621,95
349631,93
349640,93
349650,93
349660,93
349670,93
349680,85
349691,85
349710,85
349721,89
349730,89
349740,89
349750,89
349760,89
349771,93
349780,93
349790,93
349800,93
349811,93
349820,91
349831,91
349840,91
349850,91
349861,87
349870,87
349880,87
349890,87
349900,87
349920,89
349930,89
349941,89
349951,89
349960,93
349971,93
349981,93
349991,93
350000,93
350020,93
350031,93
350040,93
350052,95
350061,95
350070,95
350080,95
350091,95
350101,93
350111,93
350121,93
350130,93
350140,93
350150,97
350160,97
350170,97
350180,97
350190,97
350200,99
350230,99
350240,99
350250,97
350261,97
350270,97
350280,97
350290,95
350300,95
350310,95
350320,95
350330,95
350340,95
350350,95
350360,95
350370,95
350380,95
350400,93
350410,93
350420,93
350430,93
350440,93
350451,93
350460,93
350470,93
350479,93
350490,93
350501,93
350510,93
350520,93
350531,97
350540,97
350550,97
350560,97
350570,97
350581,105
350590,105
350620,105
350631,99
350639,99
350650,99
350660,99
350670,99
350680,95
350690,95
350700,95
350710,95
350720,95
350730,95
350741,95
350750,95
350760,95
350771,95
350780,91
350790,91
350800,91
350811,91
350821,91
350830,91
350840,91
350850,91
350860,91
350870,89
350880,89
350890,89
350900,89
350910,89
350920,91
350931,91
350940,91
350950,91
350961,91
350970,91
350980,91
350990,91
351000,91
351030,89
351040,89
351050,89
351060,89
351071,89
351080,89
351090,89
351110,93
351121,93
351130,93
351140,93
351152,93
351160,93
351170,93
351180,93
351190,93
351220,95
351230,95
351240,95
351251,93
351260,93
351270,93
351280,93
351320,97
351330,97
351342,97
351350,93
351360,93
351370,93
351380,93
351391,93
351400,93
351420,93
351430,93
351440,89
351450,89
351460,89
351470,89
351480,89
351490,93
351501,93
351510,93
351520,93
351530,93
351540,93
351551,93
351559,93
351570,93
351582,95
351590,95
351600,95
351621,95
351632,97
351640,97
351650,97
351660,97
351670,97
351681,97
351690,97
351700,97
351710,97
351720,97
351730,95
351741,95
351750,95
351759,95
351770,95
351780,95
351790,95
351801,95
351811,95
351822,91
351831,91
351841,91
351851,91
351861,91
351871,93
351881,93
351891,93
351901,93
351921,91
351930,91
351941,91
351951,91
351971,91
351981,91
351991,91
352001,91
352020,89
352030,89
352041,89
352051,89
352060,93
352071,93
352081,93
352091,93
352101,93
352110,91
352121,91
352130,91
352141,91
352151,93
352160,93
352170,93
352181,93
352191,93
352201,91
352210,91
352220,91
352230,91
352240,91
352250,93
352261,93
352271,93
352281,93
352290,93
352300,93
352311,93
352320,93
352330,93
352341,95
352350,95
352360,95
352370,95
352380,95
352391,95
352399,95
352411,95
352420,95
352430,95
352441,95
352450,95
352460,95
352470,95
352480,95
352490,95
352501,95
352510,95
352520,95
352531,95
352540,97
352551,97
352559,97
352570,97
352581,97
352590,95
352599,95
352611,95
352620,95
352631,99
352640,99
352650,99
352660,99
352670,99
352680,95
352690,95
352700,95
352710,95
352720,95
352731,97
352740,97
352750,97
352759,97
352770,97
352780,95
352791,95
352799,95
352811,95
352820,95
352830,93
352841,93
352850,93
352860,93
352871,93
352880,93
352890,93
352900,93
352910,93
352921,91
352930,91
352940,91
352950,91
352960,91
352970,93
352981,93
352990,93
353000,93
353011,93
353020,93
353030,93
353040,93
353050,93
353061,93
353070,93
353080,93
353090,93
353100,93
353111,93
353120,93
353130,93
353140,93
353150,93
353160,93
353171,93
353180,93
353190,93
353201,93
353209,91
353220,91
353230,91
353240,91
353251,89
353260,89
353270,89
353280,89
353290,89
353300,89
353311,89
353320,89
353330,89
353341,89
353350,91
353360,91
353370,91
353380,91
353391,93
353400,93
353411,93
353421,93
353430,93
353440,93
353450,93
353460,93
353471,93
353480,93
353490,93
353501,93
353510,93
353520,93
353531,93
353540,93
353550,93
353560,93
353570,93
353581,93
353590,93
353600,93
353610,93
353621,93
353630,93
353640,93
353660,93
353671,89
353680,89
353690,89
353700,89
353710,89
353721,91
353730,91
353740,91
353750,91
353760,91
353770,93
353781,93
353790,93
353800,93
353810,93
353820,93
353830,93
353840,93
353850,93
353861,95
353870,95
353880,95
353890,95
353900,95
353911,95
353920,95
353930,95
353940,95
353950,95
353961,99
353970,99
353980,99
353991,99
354000,99
354011,105
354020,105
354031,105
354040,105
354051,105
354061,99
354071,99
354080,99
354091,99
354101,99
354111,97
354121,97
354131,97
354141,97
354151,95
354159,95
354171,95
354180,95
354190,95
354201,93
354210,93
354220,93
354230,93
354240,93
354250,93
354260,93
354270,93
354280,93
354290,93
354300,95
354311,95
354321,95
354330,95
354340,95
354350,97
354361,97
354370,97
354380,97
354391,95
354400,95
354409,95
354421,95
354430,95
354441,95
354450,95
354460,95
354470,95
354480,95
354490,91
354501,91
354511,91
354520,91
354530,91
354540,89
354550,89
354559,89
354570,89
354581,89
354590,89
354600,89
354609,89
354621,89
354630,89
354640,89
354650,89
354660,89
354670,89
354680,91
354691,91
354700,91
354711,91
354721,91
354730,95
354740,95
354750,95
354760,95
354771,93
354780,93
354790,93
354800,93
354809,93
354821,95
354830,95
354839,95
354850,95
354860,95
354870,93
354881,93
354890,93
354900,93
354911,93
354920,95
354930,95
354940,95
354950,95
354961,93
354970,93
354980,93
354990,93
355000,93
355011,91
355021,91
355030,91
355040,91
355050,91
355060,91
355071,91
355080,91
355090,91
355100,93
355111,93
355120,93
355130,93
355140,93
355151,93
355160,93
355170,93
355180,93
355190,93
355200,93
355210,93
355220,93
355230,93
355240,93
355250,99
355260,99
355270,99
355280,99
355290,99
355300,99
355311,99
355320,99
355330,99
355340,99
355350,101
355359,101
355370,101
355380,101
355392,97
355400,97
355410,97
355420,97
355430,97
355441,93
355450,93
355460,93
355471,93
355480,93
355490,93
355501,93
355511,93
355520,93
355530,93
355540,93
355550,93
355560,93
355570,93
355582,93
355590,93
355600,93
355610,93
355621,93
355632,93
355640,93
355650,93
355660,93
355670,93
355680,95
355690,95
355700,95
355711,95
355720,95
355730,103
355741,103
355750,103
355761,103
355770,103
355780,97
355792,97
355800,97
355810,97
355820,97
355830,97
355841,97
355851,97
355860,97
355871,95
355881,95
355890,95
355901,95
355911,95
355921,93
355930,93
355941,93
355951,93
355961,93
355971,91
355981,91
355991,91
356001,91
356011,91
356021,91
356031,91
356041,91
356051,91
356061,91
356071,91
356080,91
356091,91
356100,91
356110,93
356121,93
356131,93
356141,93
356151,93
356160,93
356171,93
356180,93
356190,93
356201,93
356210,93
356221,93
356231,93
356240,93
356251,95
356260,95
356270,95
356280,95
356291,95
356301,95
356310,95
356320,95
356330,95
356340,95
356350,95
356361,95
356370,95
356380,95
356391,93
356400,93
356410,93
356420,93
356430,93
356441,93
356450,93
356460,93
356470,93
356479,93
356491,93
356500,93
356511,93
356520,93
356530,93
356540,93
356551,93
356560,93
356570,93
356581,93
356590,93
356600,93
356610,93
356621,93
356631,95
356640,95
356650,95
356660,95
356670,95
356681,93
356690,93
356700,93
356711,93
356720,93
356730,95
356741,95
356750,95
356760,95
356770,95
356780,93
356791,93
356800,93
356810,93
356821,95
356830,95
356840,95
356850,95
356860,95
356871,93
356880,93
356890,93
356900,93
356911,93
356920,93
356930,93
356940,93
356950,93
356960,93
356970,91
356981,91
356990,91
356999,91
357011,93
357020,93
357030,93
357040,93
357050,93
357061,93
357070,93
357080,93
357090,93
357100,93
357111,89
357120,89
357130,89
357140,89
357151,91
357160,91
357170,91
357180,91
357190,91
357201,93
357209,93
357221,93
357230,93
357240,93
357250,93
357261,93
357270,93
357280,93
357290,93
357300,93
357311,93
357320,93
357330,93
357341,93
357350,93
357360,93
357370,93
357380,93
357390,93
357400,93
357410,93
357420,93
357430,93
357440,95
357450,95
357460,95
357470,95
357480,95
357490,95
357500,95
357511,95
357520,95
357530,95
357540,97
357551,97
357560,97
357570,97
357580,97
357590,97
357600,97
357610,97
357620,97
357631,95
357640,95
357650,95
357660,95
357670,95
357680,91
357691,91
357700,91
357710,91
357720,91
357730,91
357740,91
357750,91
357760,91
357771,91
357780,91
357790,91
357800,91
357810,91
357821,93
357830,93
357840,93
357850,93
357860,93
357870,93
357881,93
357890,93
357900,93
357911,93
357920,93
357930,93
357940,93
357950,93
357961,95
357970,95
357980,95
357990,95
358000,95
358011,95
358021,95
358030,95
358040,95
358050,95
358061,95
358071,95
358080,95
358090,95
358101,95
358111,93
358121,93
358131,93
358141,93
358151,93
358161,93
358171,93
358181,93
358190,93
358201,93
358210,93
358220,93
358230,93
358239,93
358251,95
358260,95
358270,95
358280,95
358290,95
358300,95
358311,95
358320,95
358330,95
358340,95
358350,95
358360,95
358370,95
358380,95
358391,95
358400,95
358410,95
358420,95
358430,95
358441,93
358450,93
358460,93
358471,93
358480,93
358490,93
358501,93
358511,93
358520,93
358530,93
358540,93
358551,93
358560,93
358570,93
358580,93
358590,93
358600,93
358610,93
358620,93
358631,93
358640,93
358650,93
358660,93
358670,93
358680,93
358690,93
358700,93
358711,93
358720,93
358730,95
358741,95
358750,95
358760,95
358771,95
358780,95
358790,95
358800,95
358810,95
358821,93
358830,93
358840,93
358850,93
358860,93
358871,93
358880,93
358891,93
358900,93
358911,93
358920,93
358931,93
358940,93
358950,93
358960,93
358970,93
358981,93
358990,93
359000,93
359011,93
359020,93
359030,93
359040,93
359050,93
359061,95
359070,95
359080,95
359090,95
359100,95
359111,95
359120,95
359130,95
359140,95
359150,95
359160,95
359171,95
359180,95
359190,95
359199,95
359210,93
359220,93
359230,93
359239,93
359251,93
359260,93
359270,93
359280,93
359290,93
359301,93
359311,93
359320,93
359330,93
359340,93
359350,93
359361,93
359370,93
359380,93
359390,93
359400,93
359410,93
359420,93
359430,93
359441,91
359450,91
359460,91
359471,91
359480,91
359491,93
359500,93
359511,93
359520,93
359530,93
359540,91
359551,91
359560,91
359570,91
359580,91
359590,91
359600,91
359610,91
359620,91
359631,91
359640,91
359650,91
359660,91
359670,91
359680,93
359690,93
359700,93
359711,93
359720,93
359730,93
359741,93
359750,93
359760,93
359772,93
359780,95
359790,95
359801,95
359810,95
359821,95
359830,95
359841,95
359850,95
359860,95
359870,97
359881,97
359890,97
359900,97
359911,97
359921,97
359930,97
359940,97
359951,97
359961,97
359970,95
359981,95
359991,95
360001,95
360011,95
360021,93
360031,93
360041,93
360051,93
360061,93
360071,93
360081,93
360090,93
360101,93
360111,93
360121,93
360131,93
360141,93
360151,93
360161,93
360171,93
360180,93
360191,93
360201,93
360210,93
360221,93
360230,93
360240,93
360252,93
360261,93
360271,93
360280,93
360290,93
360301,95
360310,95
360320,95
360330,95
360341,95
360350,93
360361,93
360370,93
360380,93
360390,93
360400,93
360411,93
360420,93
360430,93
360441,93
360450,93
360460,93
360470,93
360480,93
360491,95
360500,95
360510,95
360520,95
360530,95
360540,93
360551,93
360560,93
360570,93
360580,93
360590,93
360600,93
360610,93
360620,93
360631,91
360640,91
360650,91
360660,91
360670,91
360680,93
360690,93
360700,93
360710,93
360720,93
360730,93
360741,93
360750,93
360760,93
360770,93
360780,93
360790,93
360800,93
360810,93
360821,95
360830,95
360840,95
360850,95
360860,95
360871,95
360880,95
360890,95
360900,95
360910,95
360920,95
360931,95
360940,95
360950,95
360959,95
360970,99
360980,99
360990,99
361000,99
361010,99
361020,97
361030,97
361039,97
361050,97
361061,97
361071,97
361080,97
361090,97
361100,97
361111,95
361120,95
361130,95
361140,95
361150,95
361159,93
361170,93
361180,93
361190,93
361200,93
361210,93
361221,93
361230,93
361240,93
361279,93
361290,93
361301,95
361310,95
361320,95
361330,95
361340,95
361351,97
361360,97
361370,97
361380,97
361390,97
361400,95
361410,95
361420,95
361430,95
361440,95
361450,95
361460,95
361470,95
361479,95
361491,95
361500,93
361511,93
361520,93
361530,93
361541,93
361550,93
361560,93
361570,93
361580,93
361591,93
361600,93
361610,93
361621,93
361630,93
361640,91
361651,91
361660,91
361670,91
361680,93
361690,93
361700,93
361710,93
361720,93
361731,93
361740,93
361750,93
361760,93
361770,93
361780,95
361790,95
361800,95
361810,95
361820,95
361830,95
361841,95
361850,95
361860,95
361871,95
361880,95
361890,95
361900,95
361910,95
361922,93
361930,93
361940,93
361950,93
361960,93
361970,93
361981,93
361990,93
362000,93
362010,93
362020,93
362030,93
362040,93
362050,93
362061,95
362070,95
362080,95
362090,95
362100,95
362111,93
362120,93
362130,93
362141,93
362151,93
362160,95
362171,95
362181,95
362191,95
362200,95
362210,93
362221,93
362231,93
362240,93
362249,93
362261,95
362270,95
362280,95
362291,95
362300,95
362310,95
362321,95
362330,95
362340,95
362351,95
362360,95
362370,95
362380,95
362390,95
362400,93
362411,93
362420,93
362430,93
362440,93
362450,93
362461,93
362470,93
362480,93
362491,93
362500,93
362510,93
362520,93
362530,93
362541,97
362550,97
362560,97
362570,97
362580,97
362591,95
362600,95
362610,95
362620,95
362630,95
362640,95
362651,95
362660,95
362670,95
362680,95
362690,93
362701,93
362710,93
362720,93
362731,95
362740,95
362750,95
362760,95
362770,95
362781,93
362790,93
362800,93
362810,93
362820,93
362830,95
362840,95
362850,95
362860,95
362870,95
362880,93
362891,93
362900,93
362910,93
362920,95
362930,95
362940,95
362950,95
362960,95
362971,93
362980,93
362990,93
363000,93
363010,93
363020,93
363031,93
363040,93
363050,93
363060,93
363070,91
363081,91
363090,91
363100,91
363111,93
363120,93
363131,93
363140,93
363150,93
363161,91
363170,91
363180,91
363190,91
363200,91
363210,93
363221,93
363230,93
363240,93
363250,93
363260,91
363271,91
363280,91
363290,91
363301,95
363310,95
363320,95
363330,95
363340,95
363351,93
363360,93
363370,93
363380,93
363390,93
363400,93
363411,93
363420,93
363430,93
363440,93
363450,91
363461,91
363470,91
363480,91
363492,95
363500,95
363510,95
363520,95
363530,95
363542,93
363550,93
363560,93
363570,93
363580,93
363590,93
363601,93
363610,93
363621,93
363630,93
363640,93
363651,93
363660,93
363670,93
363681,95
363690,95
363700,95
363710,95
363720,95
363732,93
363740,93
363750,93
363760,93
363770,93
363780,91
363792,91
363801,91
363810,91
363821,91
363830,91
363840,91
363850,91
363860,91
363872,93
363881,93
363890,93
363900,93
363910,93
363921,91
363930,91
363940,91
363950,91
363961,91
363972,93
363980,93
363990,93
364001,93
364011,93
364021,91
364031,91
364041,91
364051,91
364060,97
364072,97
364081,97
364091,97
364100,97
364111,97
364121,97
364131,97
364141,97
364151,97
364161,97
364171,97
364181,97
364191,97
364200,97
364211,95
364220,95
364230,95
364241,95
364251,95
364261,95
364271,95
364280,95
364290,95
364300,93
364311,93
364321,93
364331,93
364340,93
364351,95
364360,95
364370,95
364380,95
364390,95
364400,97
364410,97
364420,97
364430,97
364440,97
364451,97
364461,97
364470,97
364480,97
364490,97
364500,93
364511,93
364520,93
364530,93
364541,93
364550,93
364560,93
364570,93
364580,93
364591,89
364600,89
364610,89
364620,89
364630,89
364640,93
364651,93
364660,93
364670,93
364680,93
364690,91
364700,91
364710,91
364720,91
364731,91
364740,91
364750,91
364760,91
364770,91
364780,89
364791,89
364800,89
364810,89
364821,89
364830,89
364840,89
364850,89
364860,89
364871,89
364880,89
364890,89
364900,89
364910,89
364920,89
364930,89
364940,89
364950,89
364960,89
364970,89
364981,89
364990,89
365000,89
365011,93
365020,93
365030,93
365040,93
365050,93
365061,93
365070,93
365080,93
365090,93
365100,93
365110,93
365120,93
365130,93
365140,93
365150,93
365160,93
365171,93
365180,93
365190,93
365201,93
365210,93
365221,93
365230,93
365240,93
365251,95
365260,95
365270,95
365280,95
365290,95
365300,93
365311,93
365320,93
365330,93
365340,93
365350,93
365361,93
365370,93
365380,93
365391,95
365400,95
365410,95
365420,95
365430,95
365441,97
365450,97
365460,97
365470,97
365480,97
365491,97
365500,97
365510,97
365520,97
365530,97
365540,97
365550,97
365560,97
365570,97
365580,97
365590,95
365601,95
365610,95
365621,95
365630,95
365639,95
365651,95
365660,95
365670,95
365680,95
365690,95
365700,95
365710,95
365720,95
365730,99
365740,99
365750,99
365760,99
365770,99
365780,97
365790,97
365800,97
365810,97
365820,97
365831,95
365839,95
365850,95
365860,95
365870,95
365880,93
365891,93
365900,93
365910,93
365921,91
365930,91
365940,91
365950,91
365960,91
365970,93
365980,93
365990,93
366000,93
366010,93
366020,91
366031,91
366040,91
366050,91
366060,91
366071,93
366080,93
366090,93
366100,93
366111,91
366120,91
366130,91
366140,91
366150,91
366161,95
366171,95
366181,95
366191,95
366200,95
366211,95
366220,95
366231,95
366240,95
366251,95
366260,95
366271,95
366280,95
366290,95
366301,93
366320,93
366331,93
366340,93
366351,93
366360,93
366370,93
366380,93
366390,93
366400,91
366411,91
366420,91
366430,91
366441,91
366450,87
366460,87
366471,87
366480,87
366491,89
366500,89
366510,89
366520,89
366530,89
366541,93
366550,93
366560,93
366570,93
366580,93
366590,93
366601,93
366610,93
366620,93
366631,95
366640,95
366650,95
366660,95
366670,95
366681,93
366690,93
366700,93
366710,93
366720,93
366731,95
366740,95
366750,95
366760,95
366770,95
366780,93
366791,93
366800,93
366810,93
366820,93
366830,95
366840,95
366850,95
366860,95
366871,93
366880,93
366890,93
366900,93
366910,93
366921,97
366930,97
366940,97
366950,97
366960,97
366971,95
366980,95
366991,95
366999,95
367010,95
367020,97
367031,97
367040,97
367050,97
367060,97
367071,95
367080,95
367090,95
367100,95
367111,95
367120,95
367130,95
367140,95
367150,95
367161,91
367170,91
367180,91
367190,91
367200,91
367209,93
367221,93
367230,93
367240,93
367250,93
367260,91
367271,91
367280,91
367290,91
367301,95
367310,95
367320,95
367330,95
367340,95
367351,97
367360,97
367371,97
367380,97
367390,97
367401,95
367410,95
367420,95
367430,95
367440,95
367450,95
367460,95
367471,95
367480,95
367490,95
367500,95
367511,95
367520,95
367530,95
367540,95
367550,97
367560,97
367570,97
367580,97
367590,97
367600,97
367610,97
367620,97
367630,97
367642,93
367650,93
367660,93
367670,93
367680,93
367690,95
367700,95
367710,95
367720,95
367730,95
367740,93
367751,93
367760,93
367770,93
367782,93
367790,93
367800,93
367810,93
367820,93
367832,91
367840,91
367850,91
367860,91
367870,91
367880,93
367890,93
367900,93
367910,93
367920,93
367930,93
367941,93
367950,93
367961,93
367971,93
367980,93
367991,93
368001,93
368010,93
368021,91
368030,91
368041,91
368050,91
368060,91
368071,93
368081,93
368091,93
368101,93
368111,93
368121,93
368131,93
368141,93
368150,93
368161,93
368171,93
368181,93
368191,93
368201,93
368211,93
368221,93
368231,93
368241,93
368250,93
368261,93
368271,93
368281,93
368291,93
368301,93
368311,93
368321,93
368330,93
368341,93
368351,95
368360,95
368370,95
368380,95
368390,95
368401,95
368410,95
368421,95
368430,95
368440,95
368450,97
368461,97
368471,97
368479,97
368490,97
368500,95
368511,95
368521,95
368530,95
368541,97
368550,97
368560,97
368570,97
368580,97
368591,99
368600,99
368610,99
368620,99
368630,99
368641,97
368650,97
368660,97
368671,97
368680,97
368690,95
368701,95
368720,95
368730,95
368740,93
368751,93
368760,93
368770,93
368781,91
368790,91
368820,91
368831,93
368840,93
368850,93
368860,93
368870,93
368880,93
368890,93
368900,93
368910,93
368920,93
368930,93
368941,93
368950,93
368960,93
368971,91
368980,91
368990,91
369000,91
369010,91
369020,95
369030,95
369040,95
369050,95
369060,95
369071,93
369080,93
369090,93
369100,93
369110,93
369120,95
369131,95
369140,95
369150,95
369161,93
369170,93
369180,93
369190,93
369200,93
369211,93
369220,93
369230,93
369240,93
369250,93
369260,91
369271,91
369280,91
369290,91
369301,87
369310,87
369320,87
369330,87
369340,87
369351,91
369360,91
369370,91
369380,91
369390,91
369401,95
369410,95
369420,95
369430,95
369440,95
369451,105
369460,105
369471,105
369480,105
369490,105
369500,99
369530,99
369540,99
369550,97
369561,97
369570,97
369580,97
369591,95
369599,95
369610,95
369630,95
369641,93
369650,93
369660,93
369670,93
369680,93
369690,91
369701,91
369710,91
369720,91
369730,91
369740,93
369750,93
369760,93
369770,93
369781,93
369790,93
369800,93
369810,93
369821,93
369831,93
369840,93
369850,93
369860,93
369870,93
369880,89
369891,89
369900,89
369910,89
369921,91
369930,91
369940,91
369950,91
369960,91
369970,93
369980,93
369990,93
370000,93
370020,95
370039,95
370050,95
370060,95
370070,93
370080,93
370090,93
370100,93
370111,93
370120,93
370130,93
370140,93
370150,93
370161,93
370170,93
370180,93
370190,93
370200,93
370210,95
370220,95
370231,95
370240,95
370250,95
370261,93
370280,93
370291,93
370302,93
370321,93
370331,93
370340,93
370351,95
370361,95
370371,95
370381,95
370390,95
370401,95
370411,95
370420,95
370430,95
370440,95
370450,93
370461,93
370470,93
370480,93
370491,93
370500,93
370510,93
370520,93
370530,93
370541,93
370550,93
370560,93
370570,93
370580,93
370591,93
370600,93
370610,93
370621,93
370630,93
370640,93
370651,93
370660,93
370670,93
370681,93
370690,93
370700,93
370710,93
370720,93
370731,93
370740,93
370750,93
370760,93
370770,93
370780,93
370791,93
370800,93
370810,93
370820,93
370830,93
370841,93
370850,93
370860,93
370870,93
370880,93
370890,93
370900,93
370910,93
370921,93
370930,93
370940,93
370950,93
370960,93
370970,95
370981,95
370990,95
371000,95
371011,95
371020,93
371031,93
371040,93
371050,93
371061,95
371070,95
371080,95
371090,95
371100,95
371111,93
371120,93
371130,93
371140,93
371150,93
371160,95
371170,95
371180,95
371190,95
371200,95
371210,93
371221,93
371230,93
371240,93
371251,93
371260,93
371270,93
371280,93
371290,93
371301,93
371310,93
371320,93
371330,93
371340,93
371350,93
371360,93
371370,93
371380,93
371390,93
371400,93
371411,93
371420,93
371430,93
371439,93
371450,99
371460,99
371470,99
371479,99
371491,97
371500,97
371510,97
371520,97
371530,97
371541,95
371550,95
371560,95
371570,95
371580,95
371590,93
371601,93
371610,93
371621,93
371630,93
371640,91
371650,91
371660,91
371670,91
371680,93
371690,93
371700,93
371710,93
371720,93
371732,93
371740,93
371750,93
371760,93
371770,93
371780,93
371790,93
371800,93
371810,93
371821,93
371830,95
371841,95
371850,95
371860,95
371870,95
371880,95
371891,95
371900,95
371911,95
371921,95
371930,95
371940,95
371950,95
371961,95
371972,93
371980,93
371990,93
372001,93
372011,93
372021,93
372032,93
372041,93
372050,93
372060,93
372070,93
372081,93
372090,93
372100,93
372112,93
372120,93
372130,93
372141,93
372151,93
372161,91
372171,91
372181,91
372191,91
372201,91
372212,93
372221,93
372231,93
372241,93
372251,93
372261,93
372270,93
372281,93
372291,93
372301,93
372311,93
372320,93
372331,93
372340,93
372351,91
372360,91
372371,91
372381,91
372391,91
372400,91
372410,91
372420,91
372430,91
372440,91
372451,93
372461,93
372471,93
372480,93
372491,91
372500,91
372511,91
372520,91
372531,91
372541,93
372550,93
372560,93
372570,93
372580,93
372590,91
372601,91
372610,91
372620,91
372630,91
372640,95
372651,95
372660,95
372670,95
372681,93
372690,93
372700,93
372710,93
372720,93
372731,95
372740,95
372750,95
372760,95
372770,95
372780,93
372790,93
372800,93
372810,93
372820,93
372830,95
372841,95
372850,95
372860,95
372871,93
372880,93
372890,93
372900,93
372910,93
372921,93
372930,93
372940,93
372950,93
372960,93
372971,95
372980,95
372990,95
373000,95
373010,95
373021,95
373031,95
373040,95
373050,95
373060,95
373070,93
373081,93
373090,93
373100,93
373111,95
373120,95
373130,95
373140,95
373150,95
373161,101
373170,101
373180,101
373190,101
373200,101
373211,97
373221,97
373230,97
373240,97
373250,97
373261,95
373270,95
373280,95
373290,95
373300,95
373310,93
373321,93
373330,93
373340,93
373350,93
373360,93
373371,93
373380,93
373390,93
373400,95
373410,95
373420,95
373430,95
373440,95
373451,95
373460,95
373470,95
373480,95
373490,95
373500,95
373510,95
373520,95
373530,95
373540,95
373550,95
373561,95
373570,95
373580,95
373590,95
373600,93
373610,93
373621,93
373630,93
373640,93
373650,93
373660,93
373670,93
373680,93
373691,93
373700,93
373710,93
373720,93
373730,93
373740,91
373751,91
373760,91
373770,91
373781,91
373790,93
373800,93
373810,93
373821,93
373831,95
373840,95
373850,95
373860,95
373870,95
373880,95
373890,95
373900,95
373910,95
373921,95
373930,93
373941,93
373950,93
373960,93
373970,95
373980,95
373990,95
374000,95
374010,95
374021,93
374030,93
374040,93
374050,93
374060,93
374070,95
374080,95
374090,95
374100,95
374110,95
374120,93
374131,93
374140,93
374150,93
374160,95
374170,95
374180,95
374190,95
374200,95
374211,93
374220,93
374230,93
374240,93
374250,93
374260,93
374271,93
374280,93
374290,93
374301,93
374311,95
374321,95
374330,95
374341,95
374351,95
374360,95
374371,95
374380,95
374391,95
374401,95
374411,95
374420,95
374431,95
374440,95
374451,95
374460,95
374470,95
374480,95
374491,95
374501,93
374510,93
374520,93
374530,93
374540,93
374550,95
374561,95
374570,95
374580,95
374590,93
374600,93
374610,93
374620,93
374630,93
374641,95
374650,95
374660,95
374670,95
374680,95
374691,95
374700,95
374710,95
374720,95
374730,95
374740,97
374751,97
374759,97
374770,97
374780,97
374790,95
374801,95
374810,95
374820,95
374831,95
374840,95
374850,95
374861,95
374870,95
374881,93
374890,93
374900,93
374910,93
374920,93
374931,95
374940,95
374950,95
374960,95
374970,95
374980,93
374991,93
375000,93
375010,93
375020,93
375030,95
375040,95
375050,95
375060,95
375071,93
375080,93
375090,93
375100,93
375110,93
375121,95
375130,95
375140,95
375150,95
375160,95
375170,93
375181,93
375190,93
375200,93
375209,93
375220,95
375231,95
375239,95
375250,95
375261,93
375270,93
375280,93
375290,93
375300,93
375311,93
375320,93
375330,93
375340,93
375350,93
375361,93
375370,93
375380,93
375390,93
375400,93
375410,93
375420,93
375430,93
375439,93
375450,93
375460,93
375470,93
375480,93
375490,93
375501,95
375510,95
375520,95
375530,95
375540,95
375551,93
375560,93
375570,93
375580,93
375590,93
375600,95
375611,95
375620,95
375630,95
375640,91
375650,91
375660,91
375670,91
375680,91
375691,91
375700,91
375710,91
375720,91
375730,91
375740,89
375751,89
375760,89
375770,89
375782,89
375790,89
375800,89
375810,89
375821,89
375832,91
375840,91
375850,91
375860,91
375870,91
375880,93
375890,93
375900,93
375910,93
375920,93
375930,93
375941,93
375950,93
375960,93
375970,93
375980,95
375990,95
376000,95
376011,95
376022,93
376030,93
376041,93
376050,93
376060,93
376071,95
376081,95
376090,95
376100,95
376110,95
376120,91
376132,91
376140,91
376150,91
376161,91
376170,93
376180,93
376191,93
376201,93
376212,91
376221,91
376231,91
376241,91
376251,91
376260,95
376270,95
376281,95
376291,95
376301,95
376311,95
376321,95
376331,95
376341,95
376351,95
376361,95
376371,95
376381,95
376391,95
376400,93
376411,93
376420,93
376431,93
376441,93
376451,95
376460,95
376470,95
376480,95
376491,95
376501,93
376510,93
376520,93
376530,93
376541,93
376550,95
376561,95
376570,95
376581,95
376590,95
376599,97
376611,97
376620,97
376630,97
376641,97
376650,97
376660,97
376670,97
376680,97
376691,95
376700,95
376710,95
376720,95
376730,95
376740,95
376750,95
376760,95
376770,95
376780,95
376790,93
376801,93
376810,93
376820,93
376830,93
376840,95
376851,95
376860,95
376870,95
376881,93
376890,93
376900,93
376910,93
376920,93
376931,95
376940,95
376950,95
376960,95
376970,95
376981,93
376990,93
377000,93
377010,93
377020,93
377030,95
377040,95
377050,95
377060,95
377070,95
377080,93
377090,93
377100,93
377110,93
377121,93
377130,93
377140,93
377150,93
377160,93
377171,93
377180,93
377190,93
377200,93
377210,93
377220,93
377231,93
377240,93
377250,93
377261,91
377270,91
377280,91
377290,91
377300,91
377311,93
377320,93
377330,93
377340,93
377350,93
377360,93
377370,93
377380,93
377390,93
377400,93
377410,95
377421,95
377430,95
377439,95
377450,95
377460,93
377470,93
377480,93
377490,93
377501,95
377510,95
377520,95
377530,95
377540,95
377551,93
377560,93
377570,93
377580,93
377590,93
377600,93
377611,93
377621,93
377630,93
377640,93
377650,93
377660,93
377670,93
377680,93
377691,93
377700,93
377710,93
377720,93
377730,93
377741,93
377750,93
377760,93
377770,93
377780,93
377790,97
377800,97
377810,97
377820,97
377830,97
377840,97
377851,97
377860,97
377870,97
377880,97
377890,97
377900,97
377910,97
377919,97
377930,95
377940,95
377950,95
377960,95
377970,95
377981,95
377990,95
378000,95
378010,95
378021,95
378030,91
378041,91
378050,91
378060,91
378071,89
378080,89
378090,89
378100,89
378110,89
378120,89
378130,89
378140,89
378150,89
378160,89
378171,93
378180,93
378190,93
378200,93
378210,93
378221,93
378231,93
378240,93
378250,93
378261,93
378270,93
378280,93
378290,93
378301,93
378311,93
378320,93
378330,93
378341,93
378351,93
378361,95
378370,95
378381,95
378391,95
378400,95
378411,95
378421,95
378430,95
378440,95
378451,93
378461,93
378470,93
378480,93
378490,93
378501,93
378510,93
378520,93
378530,93
378540,93
378550,93
378560,93
378570,93
378580,93
378590,93
378600,93
378611,93
378620,93
378630,93
378641,93
378650,93
378660,93
378670,93
378680,93
378691,95
378700,95
378710,95
378720,95
378730,95
378741,105
378750,105
378760,105
378770,105
378780,105
378791,99
378800,99
378810,99
378820,99
378830,99
378840,97
378851,97
378860,97
378870,97
378880,97
378890,95
378900,95
378910,95
378920,95
378931,93
378940,93
378950,93
378960,93
378970,93
378981,95
378990,95
379000,95
379010,95
379020,95
379030,93
379041,93
379050,93
379060,93
379070,93
379080,95
379091,95
379100,95
379110,95
379121,93
379130,93
379140,93
379150,93
379160,93
379171,95
379180,95
379190,95
379200,95
379210,95
379220,91
379231,91
379240,91
379250,91
379260,91
379270,93
379281,93
379290,93
379300,93
379311,93
379320,93
379330,93
379340,93
379350,93
379361,93
379370,93
379380,93
379390,93
379400,93
379410,91
379421,91
379430,91
379440,91
379450,91
379460,91
379470,91
379480,91
379490,91
379501,93
379510,93
379520,93
379530,93
379540,93
379550,93
379560,93
379570,93
379580,93
379590,93
379600,93
379610,93
379621,93
379630,93
379640,93
379650,93
379660,93
379670,93
379680,93
379691,95
379700,95
379710,95
379720,95
379730,95
379741,95
379750,95
379760,95
379770,95
379780,95
379790,95
379801,95
379810,95
379820,95
379832,95
379840,93
379851,93
379860,93
379870,93
379882,95
379890,95
379900,95
379910,95
379920,95
379931,95
379940,95
379950,95
379960,95
379970,95
379980,95
379992,95
380000,95
380010,95
380021,95
380030,95
380041,95
380051,95
380060,95
380072,95
380080,95
380090,95
380100,95
380110,95
380122,93
380130,93
380140,93
380150,93
380160,93
380171,93
380180,93
380190,93
380200,93
380210,93
380221,91
380231,91
380241,91
380251,91
380261,93
380271,93
380281,93
380291,93
380301,93
380312,91
380321,91
380331,91
380340,91
380351,91
380361,91
380370,91
380381,91
380391,91
380400,91
380411,91
380421,91
380431,91
380440,91
380450,95
380461,95
380471,95
380481,95
380491,95
380501,93
380511,93
380520,93
380530,93
380540,93
380551,93
380561,93
380571,93
380580,93
380591,93
380600,91
380611,91
380620,91
380631,91
380641,93
380649,93
380660,93
380670,93
380680,93
380691,93
380700,93
380711,93
380720,93
380730,93
380740,93
380751,93
380760,93
380770,93
380780,93
380790,93
380801,93
380810,93
380820,93
380831,95
380840,95
380850,95
380860,95
380870,95
380881,93
380890,93
380900,93
380911,93
380920,93
380931,95
380940,95
380950,95
380960,95
380970,95
380980,93
380991,93
381000,93
381010,93
381021,93
381030,93
381040,93
381050,93
381060,93
381071,93
381080,93
381090,93
381100,93
381110,93
381120,89
381131,89
381140,89
381150,89
381160,89
381170,89
381180,89
381190,89
381200,89
381211,93
381220,93
381230,93
381240,93
381250,93
381261,93
381270,93
381280,93
381290,93
381300,93
381310,95
381321,95
381330,95
381340,95
381350,95
381360,93
381371,93
381380,93
381390,93
381401,95
381410,95
381420,95
381430,95
381440,95
381451,95
381460,95
381470,95
381480,95
381490,95
381501,95
381510,95
381520,95
381530,95
381540,95
381550,95
381561,95
381570,95
381580,95
381590,95
381600,95
381610,95
381620,95
381630,95
381640,95
381650,95
381660,95
381670,95
381680,95
381691,93
381700,93
381710,93
381720,93
381730,93
381740,93
381751,93
381760,93
381770,93
381780,93
381790,93
381801,93
381810,93
381820,93
381831,93
381840,93
381850,93
381861,93
381870,93
381881,93
381890,93
381900,93
381910,93
381920,93
381930,93
381940,93
381950,93
381961,93
381970,93
381980,95
381991,95
382000,95
382010,95
382021,95
382030,93
382040,93
382050,93
382060,93
382072,95
382080,95
382090,95
382100,95
382110,95
382121,93
382130,93
382140,93
382150,93
382160,93
382170,93
382181,93
382190,93
382200,93
382211,93
382220,93
382230,93
382240,93
382250,93
382261,93
382270,93
382280,93
382290,93
382300,93
382311,91
382320,91
382330,91
382340,91
382350,91
382360,93
382370,93
382381,93
382391,93
382400,91
382410,91
382421,91
382431,91
382440,91
382451,93
382461,93
382470,93
382480,93
382491,93
382501,93
382510,93
382521,93
382530,93
382541,93
382551,95
382561,95
382571,95
382580,95
382590,95
382601,97
382611,97
382620,97
382630,97
382640,95
382650,95
382660,95
382670,95
382680,95
382691,93
382700,93
382710,93
382720,93
382730,93
382740,95
382750,95
382760,95
382770,95
382780,95
382790,95
382801,95
382810,95
382820,95
382831,93
382840,93
382850,93
382860,93
382870,93
382881,93
382890,93
382900,93
382910,93
382920,93
382931,95
382940,95
382950,95
382960,95
382970,95
382980,93
382991,93
383000,93
383010,93
383020,93
383030,95
383041,95
383050,95
383060,95
383071,93
383080,93
383090,93
383100,93
383110,93
383121,95
383130,95
383140,95
383150,95
383160,95
383171,101
383180,101
383190,101
383200,101
383210,101
383220,97
383230,97
383240,97
383250,97
383260,97
383270,95
383281,95
383290,95
383300,95
383311,93
383320,93
383330,93
383340,93
383350,93
383361,93
383370,93
383380,93
383390,93
383400,93
383410,91
383421,91
383430,91
383440,91
383450,91
383460,89
383471,89
383480,89
383490,89
383501,91
383511,91
383520,91
383530,91
383540,91
383551,91
383560,91
383570,91
383580,91
383590,91
383600,93
383611,93
383620,93
383630,93
383640,93
383650,93
383660,93
383670,93
383680,93
383691,95
383700,95
383710,95
383720,95
383730,95
383741,95
383750,95
383760,95
383771,95
383780,95
383790,95
383801,95
383810,95
383821,95
383830,95
383840,93
383850,93
383860,93
383871,93
383882,95
383890,95
383900,95
383910,95
383920,95
383931,93
383940,93
383950,93
383960,93
383970,93
383980,91
383991,91
384000,91
384010,91
384022,91
384030,91
384040,91
384050,91
384060,91
384072,95
384080,95
384090,95
384100,95
384110,95
384120,97
384130,97
384140,97
384150,97
384159,97
384170,95
384182,95
384190,95
384200,95
384210,95
384220,93
384231,93
384241,93
384250,93
384261,95
384270,95
384280,95
384291,95
384300,95
384312,93
384321,93
384331,93
384341,93
384351,93
384361,93
384371,93
384381,93
384390,93
384401,93
384411,97
384421,97
384431,97
384441,97
384451,97
384461,95
384471,95
384481,95
384491,95
384501,95
384511,95
384521,95
384531,95
384541,95
384551,93
384561,93
384570,93
384581,93
384590,93
384600,93
384611,93
384621,93
384630,93
384640,93
384650,93
384661,93
384670,93
384680,93
384690,93
384700,93
384711,93
384719,93
384730,93
384741,93
384750,93
384761,93
384770,93
384780,93
384791,91
384800,91
384810,91
384820,91
384830,91
384840,93
384851,93
384860,93
384870,93
384880,93
384890,93
384901,93
384910,93
384920,93
384931,93
384940,93
384950,93
384960,93
384970,93
384981,93
384990,93
385000,93
385010,93
385020,93
385030,93
385041,93
385050,93
385060,93
385070,93
385080,93
385091,93
385100,93
385110,93
385121,93
385130,93
385140,93
385150,93
385160,93
385171,93
385180,93
385190,93
385200,93
385210,93
385220,95
385231,95
385240,95
385250,95
385260,95
385270,93
385280,93
385290,93
385300,93
385311,93
385320,93
385330,93
385340,93
385350,93
385360,91
385370,91
385380,91
385390,91
385400,91
385410,93
385421,93
385430,93
385440,93
385450,93
385460,93
385470,93
385480,93
385490,93
385501,93
385510,93
385520,93
385530,93
385540,93
385551,91
385560,91
385570,91
385580,91
385590,91
385600,93
385611,93
385621,93
385630,93
385641,93
385650,93
385660,93
385670,93
385680,93
385691,93
385700,93
385710,93
385720,93
385730,93
385740,91
385751,91
385760,91
385770,91
385780,91
385790,93
385801,93
385810,93
385820,93
385831,93
385840,93
385850,93
385860,93
385870,93
385881,95
385890,95
385900,95
385910,95
385920,95
385931,97
385940,97
385950,97
385960,97
385970,97
385980,97
385991,97
386000,97
386010,97
386020,97
386030,95
386041,95
386050,95
386060,95
386071,95
386080,95
386090,95
386100,95
386110,95
386121,93
386130,93
386140,93
386150,93
386160,93
386170,93
386180,93
386190,93
386200,93
386210,93
386221,93
386231,93
386240,93
386250,93
386261,93
386270,93
386280,93
386290,93
386300,93
386311,91
386320,91
386330,91
386340,91
386350,91
386360,93
386370,93
386380,93
386390,93
386400,93
386410,93
386420,93
386431,93
386440,93
386451,93
386461,93
386471,93
386480,93
386490,93
386500,93
386511,93
386520,93
386531,93
386540,93
386551,95
386560,95
386571,95
386581,95
386591,95
386601,97
386610,97
386620,97
386630,97
386639,97
386651,97
386661,97
386670,97
386681,97
386690,97
386700,95
386711,95
386720,95
386730,95
386741,95
386750,95
386760,95
386770,95
386780,95
386791,97
386800,97
386810,97
386820,97
386830,97
386840,95
386850,95
386860,95
386870,95
386880,95
386890,93
386901,93
386910,93
386920,93
386930,93
386940,95
386951,95
386960,95
386970,95
386981,93
386990,93
387000,93
387010,93
387020,93
387031,95
387040,95
387050,95
387060,95
387070,95
387081,93
387090,93
387100,93
387111,93
387120,93
387130,95
387141,95
387150,95
387160,95
387170,95
387180,93
387191,93
387200,93
387210,93
387221,93
387230,93
387240,93
387250,93
387260,93
387271,89
387280,89
387290,89
387300,89
387310,89
387320,91
387331,91
387340,91
387350,91
387361,85
387370,85
387380,85
387390,85
387400,85
387411,89
387420,89
387430,89
387440,89
387450,89
387460,89
387471,89
387480,89
387490,89
387501,89
387510,91
387520,91
387530,91
387540,91
387551,95
387560,95
387570,95
387580,95
387590,95
387600,95
387610,95
387620,95
387630,95
387640,95
387650,95
387661,95
387670,95
387680,95
387690,95
387700,99
387711,99
387720,99
387730,99
387740,99
387750,97
387760,97
387770,97
387780,97
387792,97
387800,97
387810,97
387820,97
387830,97
387841,95
387850,95
387860,95
387870,95
387880,95
387891,95
387900,95
387910,95
387920,95
387930,95
387940,95
387952,95
387960,95
387970,95
387980,95
387990,93
388000,93
388010,93
388020,93
388032,93
388040,93
388050,93
388060,93
388070,93
388080,91
388090,91
388100,91
388110,91
388120,91
388130,93
388141,93
388150,93
388161,93
388171,91
388180,91
388190,91
388200,91
388210,91
388221,93
388230,93
388241,93
388251,93
388260,93
388272,93
388280,93
388290,93
388300,93
388310,93
388321,93
388331,93
388340,93
388350,93
388361,93
388370,95
388381,95
388391,95
388401,95
388411,93
388421,93
388431,93
388441,93
388451,93
388460,95
388471,95
388481,95
388491,95
388501,95
388511,93
388521,93
388531,93
388541,93
388551,93
388560,95
388571,95
388581,95
388590,95
388600,91
388611,91
388621,91
388631,91
388640,91
388651,95
388660,95
388670,95
388681,95
388691,95
388700,93
388710,93
388721,93
388730,93
388740,93
388751,93
388761,93
388771,93
388780,93
388791,91
388800,91
388810,91
388820,91
388830,91
388841,95
388850,95
388860,95
388870,95
388880,95
388891,95
388900,95
388910,95
388920,95
388930,95
388940,97
388951,97
388960,97
388970,97
388980,97
388990,93
389000,93
389010,93
389020,93
389031,93
389040,93
389050,93
389060,93
389070,93
389080,89
389090,89
389100,89
389110,89
389120,89
389130,87
389141,87
389150,87
389160,87
389171,89
389180,89
389190,89
389200,89
389210,89
389221,93
389230,93
389240,93
389250,93
389260,93
389271,93
389280,93
389290,93
389300,93
389310,93
389320,95
389331,95
389340,95
389350,95
389361,95
389370,93
389380,93
389390,93
389400,93
389411,95
389420,95
389430,95
389440,95
389450,95
389461,93
389470,93
389480,93
389490,93
389500,93
389510,93
389521,93
389530,93
389540,93
389551,91
389560,91
389570,91
389580,91
389590,91
389601,91
389610,91
389620,91
389630,91
389640,91
389650,89
389661,89
389671,89
389680,89
389691,89
389700,91
389710,91
389720,91
389730,91
389741,91
389750,91
389760,91
389770,91
389780,91
389791,99
389800,99
389810,99
389820,99
389830,99
389840,97
389851,97
389860,97
389870,97
389880,97
389890,95
389900,95
389911,95
389920,95
389931,95
389940,95
389950,95
389960,95
389970,95
389981,93
389990,93
390001,93
390010,93
390020,93
390031,95
390040,95
390051,95
390060,95
390070,95
390080,93
390091,93
390100,93
390110,93
390120,93
390130,93
390140,93
390150,93
390160,93
390171,93
390180,93
390190,93
390200,93
390210,93
390221,95
390230,95
390240,95
390250,95
390260,95
390270,93
390281,93
390290,93
390300,93
390311,93
390320,93
390330,93
390340,93
390350,93
390361,93
390370,93
390380,93
390390,93
390400,93
390411,93
390420,93
390430,93
390440,93
390450,93
390460,91
390471,91
390480,91
390490,91
390500,89
390510,89
390520,89
390530,89
390541,89
390551,91
390560,91
390570,91
390581,91
390591,91
390600,93
390611,93
390621,93
390631,93
390641,93
390651,93
390661,93
390670,93
390679,93
390691,93
390700,93
390710,93
390721,93
390730,93
390741,97
390750,97
390760,97
390770,97
390780,97
390791,97
390800,97
390810,97
390820,97
390830,97
390840,95
390851,95
390860,95
390871,95
390880,95
390890,95
390900,95
390911,95
390920,95
390931,93
390940,93
390950,93
390960,93
390970,93
391000,95
391030,91
391041,91
391050,91
391060,91
391070,93
391080,93
391090,93
391100,93
391111,93
391121,91
391160,91
391170,93
391180,93
391190,93
391200,93
391240,91
391250,91
391261,91
391270,91
391290,91
391300,91
391311,93
391320,93
391330,93
391340,93
391350,93
391360,95
391370,95
391380,95
391390,95
391400,95
391410,95
391440,95
391460,93
391470,93
391480,93
391490,93
391501,97
391510,97
391520,97
391530,97
391551,97
391560,97
391570,97
391580,97
391590,97
391610,97
391620,97
391640,97
391660,97
391670,97
391680,97
391690,97
391700,97
391711,97
391720,97
391730,97
391741,95
391750,95
391760,95
391770,95
391780,95
391791,95
391800,95
391811,95
391820,95
391830,95
391840,91
391850,91
391860,91
391870,91
391880,91
391890,93
391901,93
391911,93
391920,93
391931,93
391940,91
391950,91
391960,91
391970,91
391981,95
391990,95
392000,95
392010,95
392031,93
392040,93
392050,93
392060,93
392070,93
392080,97
392091,97
392100,97
392110,97
392120,97
392142,93
392150,93
392159,93
392171,93
392180,93
392190,93
392200,93
392210,93
392222,89
392230,89
392241,89
392250,89
392260,89
392270,95
392280,95
392290,95
392300,95
392310,95
392320,97
392331,97
392340,97
392360,97
392370,95
392380,95
392390,95
392401,95
392411,93
392420,93
392431,93
392451,93
392461,93
392471,93
392481,93
392491,93
392501,93
392510,91
392521,91
392541,91
392551,87
392561,87
392570,87
392581,87
392591,87
392601,89
392610,89
392620,89
392630,89
392641,89
392651,93
392661,93
392671,93
392681,93
392690,93
392701,93
392711,93
392720,93
392731,93
392740,95
392750,95
392760,95
392770,95
392781,95
392791,93
392801,93
392811,93
392821,93
392830,93
392841,95
392850,95
392860,95
392870,95
392881,95
392890,93
392901,93
392910,93
392920,93
392930,93
392940,93
392950,93
392960,93
392970,93
392981,93
392990,93
393000,93
393010,93
393020,93
393031,95
393040,95
393050,95
393060,95
393070,95
393080,95
393091,95
393100,95
393110,95
393120,95
393130,95
393141,95
393150,95
393160,95
393171,93
393180,93
393190,93
393200,93
393210,93
393221,95
393230,95
393240,95
393250,95
393260,95
393270,93
393280,93
393290,93
393300,93
393310,93
393320,91
393331,91
393340,91
393350,91
393360,91
393370,91
393380,91
393390,91
393400,91
393411,93
393420,93
393430,93
393440,93
393450,93
393460,93
393471,93
393480,93
393490,93
393500,93
393510,93
393520,93
393530,93
393540,93
393551,93
393560,93
393570,93
393580,93
393590,93
393601,93
393610,93
393620,93
393630,93
393640,93
393650,93
393661,93
393670,93
393680,93
393691,89
393700,89
393711,89
393719,89
393730,89
393741,91
393750,91
393760,91
393770,91
393780,91
393791,95
393800,95
393810,95
393821,95
393830,95
393840,95
393851,95
393860,95
393870,95
393880,95
393890,97
393901,97
393910,97
393921,97
393931,95
393940,95
393950,95
393960,95
393970,95
393981,97
393990,97
394000,97
394010,97
394020,97
394031,97
394040,97
394050,97
394060,97
394070,97
394080,95
394090,95
394100,95
394110,95
394120,95
394130,95
394141,95
394150,95
394160,95
394171,95
394180,93
394190,93
394200,93
394210,93
394222,93
394230,93
394240,93
394250,93
394260,93
394271,91
394280,91
394290,91
394300,91
394310,91
394320,93
394331,93
394340,93
394350,93
394360,93
394370,93
394380,93
394390,93
394400,93
394411,95
394420,95
394430,95
394440,95
394450,95
394460,91
394470,91
394480,91
394490,91
394500,91
394510,93
394520,93
394530,93
394540,93
394551,91
394560,91
394570,91
394581,91
394591,91
394601,89
394610,89
394621,89
394631,89
394640,89
394650,89
394661,89
394671,89
394680,89
394691,89
394701,91
394711,91
394721,91
394730,91
394741,95
394750,95
394759,95
394771,95
394780,95
394791,95
394801,95
394810,95
394820,95
394830,95
394840,93
394851,93
394860,93
394870,93
394880,93
394890,93
394900,93
394910,93
394920,93
394931,95
394940,95
394950,95
394960,95
394970,95
394981,93
394990,93
395000,93
395010,93
395020,93
395030,93
395041,93
395050,93
395060,93
395070,93
395080,93
395091,93
395100,93
395110,93
395120,95
395130,95
395140,95
395150,95
395160,95
395171,95
395180,95
395190,95
395200,95
395211,95
395220,93
395230,93
395240,93
395250,93
395260,93
395270,93
395281,93
395290,93
395300,93
395311,93
395320,93
395330,93
395340,93
395350,93
395361,93
395370,93
395380,93
395390,93
395400,93
395411,93
395420,93
395430,93
395440,93
395450,93
395460,91
395471,91
395480,91
395490,91
395500,91
395510,93
395521,93
395530,93
395540,93
395551,95
395560,95
395570,95
395580,95
395590,95
395601,95
395610,95
395620,95
395630,95
395640,95
395651,93
395660,93
395670,93
395680,93
395690,93
395700,95
395711,95
395720,95
395730,95
395740,95
395750,95
395761,95
395770,95
395780,95
395790,95
395800,95
395810,95
395820,95
395830,95
395841,93
395850,93
395860,93
395870,93
395880,93
395891,95
395900,95
395910,95
395920,95
395930,95
395940,95
395952,95
395960,95
395970,95
395980,95
395990,95
396001,95
396010,95
396020,95
396032,93
396040,93
396050,93
396060,93
396070,93
396082,93
396090,93
396100,93
396110,93
396120,93
396131,93
396140,93
396150,93
396160,93
396170,93
396180,91
396192,91
396200,91
396211,91
396222,91
396230,91
396240,91
396250,91
396260,91
396272,89
396281,89
396290,89
396300,89
396310,89
396320,93
396330,93
396340,93
396350,93
396361,93
396370,91
396381,91
396390,91
396401,91
396411,93
396420,93
396430,93
396441,93
396450,93
396461,91
396470,91
396481,91
396491,91
396501,91
396511,95
396521,95
396531,95
396541,95
396551,95
396561,91
396571,91
396580,91
396591,91
396601,93
396611,93
396621,93
396631,93
396641,93
396651,93
396661,93
396671,93
396680,93
396691,93
396701,93
396711,93
396721,93
396731,93
396741,93
396751,93
396761,93
396770,93
396780,93
396792,91
396800,91
396811,91
396820,91
396831,91
396841,93
396851,93
396860,93
396871,93
396880,93
396891,99
396900,99
396910,99
396920,99
396930,99
396940,97
396951,97
396960,97
396971,97
396980,97
396990,97
397001,97
397011,97
397020,97
397030,97
397040,97
397050,97
397060,97
397070,97
397080,97
397090,97
397100,97
397110,97
397120,97
397131,95
397140,95
397150,95
397160,95
397170,95
397181,93
397190,93
397200,93
397211,93
397220,93
397230,93
397241,93
397250,93
397260,93
397270,93
397280,93
397290,93
397300,93
397310,93
397321,93
397330,93
397340,93
397350,93
397360,93
397371,93
397380,93
397390,93
397400,93
397410,93
397420,93
397431,93
397440,93
397450,93
397460,93
397470,93
397480,93
397490,93
397500,93
397511,93
397520,93
397530,93
397540,93
397550,93
397560,91
397570,91
397580,91
397590,91
397600,91
397610,93
397621,93
397630,93
397640,93
397650,91
397660,91
397670,91
397680,91
397690,91
397700,89
397710,89
397720,89
397730,89
397740,89
397750,91
397761,91
397770,91
397780,91
397790,91
397800,93
397811,93
397820,93
397830,93
397841,93
397850,95
397860,95
397870,95
397880,95
397891,95
397900,95
397910,95
397920,95
397930,95
397941,95
397950,95
397960,95
397970,95
397980,95
397991,97
398000,97
398010,97
398020,97
398030,97
398040,95
398051,95
398060,95
398070,95
398080,95
398090,93
398100,93
398110,93
398120,93
398131,93
398140,93
398150,93
398160,93
398170,93
398181,93
398190,93
398200,93
398210,93
398220,93
398230,93
398241,93
398250,93
398260,93
398270,93
398280,91
398291,91
398300,91
398310,91
398321,93
398330,93
398340,93
398350,93
398360,93
398371,93
398380,93
398390,93
398400,93
398410,93
398420,93
398430,93
398440,93
398450,93
398460,93
398470,91
398481,91
398490,91
398500,91
398511,93
398520,93
398530,93
398540,93
398550,93
398561,91
398570,91
398580,91
398590,91
398600,91
398610,93
398621,93
398630,93
398640,93
398650,93
398661,91
398671,91
398680,91
398690,91
398701,91
398710,91
398720,91
398731,91
398740,91
398751,93
398761,93
398770,93
398781,93
398791,93
398799,93
398811,93
398820,93
398830,93
398840,93
398851,95
398860,95
398870,95
398880,95
398892,93
398900,93
398910,93
398920,93
398931,93
398941,95
398950,95
398960,95
398970,95
398980,95
398990,93
399001,93
399010,93
399020,93
399030,93
399040,93
399051,93
399060,93
399070,93
399080,93
399090,93
399100,93
399110,93
399120,93
399131,95
399140,95
399150,95
399160,95
399171,95
399181,95
399190,95
399200,95
399211,95
399220,95
399230,95
399241,95
399250,95
399260,95
399270,95
399280,95
399291,95
399300,95
399310,95
399320,95
399330,103
399341,103
399350,103
399360,103
399371,99
399380,99
399390,99
399400,99
399410,99
399421,95
399430,95
399440,95
399450,95
399460,95
399471,95
399480,95
399490,95
399500,95
399510,95
399520,93
399531,93
399540,93
399550,93
399561,93
399570,93
399580,93
399590,93
399600,93
399611,91
399620,91
399630,91
399640,91
399650,91
399661,93
399670,93
399680,93
399690,93
399700,93
399710,91
399721,91
399730,91
399740,91
399750,89
399760,89
399770,89
399780,89
399790,89
399801,89
399810,89
399820,89
399830,89
399840,89
399851,89
399861,89
399870,89
399880,89
399890,89
399900,91
399911,91
399920,91
399930,91
399941,93
399950,93
399960,93
399970,93
399980,93
399991,93
400000,93
400010,93
400020,93
400030,93
400040,93
400051,93
400060,93
400071,93
400080,93
400090,93
400100,93
400110,93
400120,93
400131,95
400140,95
400150,95
400160,95
400170,95
400181,91
400190,91
400200,91
400211,91
400220,91
400230,91
400241,91
400250,91
400260,91
400272,91
400280,91
400290,91
400300,91
400310,91
400322,93
400330,93
400340,93
400350,93
400361,93
400371,93
400380,93
400390,93
400401,93
400410,93
400420,95
400431,95
400441,95
400450,95
400460,95
400471,103
400481,103
400490,103
400500,103
400511,97
400521,97
400530,97
400540,97
400551,97
400560,95
400570,95
400581,95
400591,95
400601,95
400611,93
400621,93
400631,93
400641,93
400651,93
400661,91
400671,91
400681,91
400691,91
400701,91
400710,93
400721,93
400730,93
400741,93
400751,91
400761,91
400771,91
400780,91
400791,91
400801,93
400810,93
400821,93
400830,93
400840,93
400850,93
400861,93
400871,93
400880,93
400890,93
400901,95
400911,95
400921,95
400931,95
400941,93
400950,93
400959,93
400970,93
400980,93
400991,93
401001,93
401010,93
401020,93
401030,93
401040,93
401051,93
401060,93
401070,93
401080,93
401090,93
401101,93
401111,93
401120,93
401131,93
401140,93
401150,93
401161,93
401170,93
401181,91
401190,91
401200,91
401211,91
401220,91
401230,95
401241,95
401250,95
401260,95
401271,95
401280,93
401291,93
401300,93
401310,93
401321,93
401330,93
401340,93
401350,93
401361,93
401371,91
401380,91
401390,91
401400,91
401410,91
401420,93
401431,93
401440,93
401450,93
401461,93
401470,93
401481,93
401490,93
401500,93
401511,95
401520,95
401530,95
401540,95
401550,95
401560,93
401570,93
401580,93
401590,93
401600,93
401611,95
401620,95
401630,95
401640,95
401650,95
401660,91
401671,91
401680,91
401690,91
401700,93
401710,93
401720,93
401730,93
401740,93
401751,91
401761,91
401770,91
401780,91
401790,91
401800,93
401810,93
401820,93
401830,93
401840,93
401850,93
401860,93
401870,93
401880,93
401891,91
401900,91
401910,91
401920,91
401930,91
401941,93
401950,93
401961,93
401970,93
401980,93
401991,97
402000,97
402010,97
402020,97
402030,97
402040,97
402050,97
402060,97
402070,97
402080,97
402090,97
402100,97
402110,97
402120,97
402130,97
402140,95
402150,95
402160,95
402170,95
402180,93
402190,93
402200,93
402211,93
402220,93
402231,95
402240,95
402250,95
402260,95
402270,95
402280,93
402290,93
402300,93
402310,93
402320,93
402330,93
402341,93
402350,93
402360,93
402370,93
402380,93
402390,93
402400,93
402410,93
402422,95
402430,95
402440,95
402450,95
402460,95
402471,93
402480,93
402490,93
402500,93
402510,93
402520,93
402530,93
402540,93
402550,93
402560,93
402570,95
402581,95
402590,95
402600,95
402611,93
402620,93
402630,93
402640,93
402650,93
402661,93
402670,93
402680,93
402690,93
402700,93
402711,91
402720,91
402731,91
402741,91
402751,91
402760,93
402771,93
402780,93
402791,93
402800,93
402811,93
402821,93
402830,93
402841,93
402851,89
402860,89
402870,89
402880,89
402891,89
402900,87
402911,87
402921,87
402930,87
402940,91
402950,91
402960,91
402971,91
402980,91
402991,89
403000,89
403010,89
403020,89
403030,89
403040,91
403051,91
403060,91
403070,91
403080,91
403090,91
403100,91
403111,91
403120,91
403130,93
403140,93
403150,93
403160,93
403170,93
403181,95
403190,95
403200,95
403211,95
403220,95
403230,93
403241,93
403250,93
403260,93
403270,93
403280,95
403290,95
403300,95
403310,95
403321,93
403330,93
403340,93
403350,93
403360,93
403371,95
403380,95
403390,95
403400,95
403411,95
403420,93
403431,93
403440,93
403450,93
403460,93
403470,95
403481,95
403490,95
403500,95
403511,93
403520,93
403530,93
403540,93
403550,93
403561,93
403570,93
403580,93
403590,93
403600,93
403611,93
403620,93
403630,93
403640,93
403650,93
403660,95
403671,95
403680,95
403690,95
403700,95
403710,97
403721,97
403730,97
403740,97
403751,95
403760,95
403771,95
403780,95
403790,95
403801,93
403810,93
403820,93
403830,93
403840,93
403850,95
403860,95
403870,95
403880,95
403890,95
403900,95
403911,95
403920,95
403930,95
403941,95
403950,95
403960,95
403970,95
403980,95
403991,93
404000,93
404010,93
404020,93
404030,93
404040,93
404050,93
404060,93
404070,93
404080,93
404090,93
404101,93
404110,93
404120,93
404130,93
404140,93
404150,93
404160,93
404170,93
404181,93
404190,93
404200,93
404212,93
404220,93
404231,93
404240,93
404250,93
404260,93
404270,93
404280,93
404291,93
404300,93
404310,93
404320,93
404331,93
404340,93
404350,93
404360,93
404372,91
404380,91
404390,91
404400,91
404410,91
404420,89
404432,89
404440,89
404450,89
404460,89
404470,91
404481,91
404490,91
404500,91
404511,93
404521,93
404531,93
404541,93
404550,93
404560,93
404570,93
404580,93
404590,93
404601,93
404610,93
404621,93
404631,93
404640,93
404651,93
404661,91
404671,91
404681,91
404691,91
404701,91
404711,91
404721,91
404731,91
404741,91
404751,91
404761,91
404771,91
404781,91
404791,91
404800,93
404811,93
404821,93
404831,93
404841,93
404851,97
404861,97
404871,97
404880,97
404891,97
404900,97
404911,97
404920,97
404931,97
404941,97
404950,97
404961,97
404971,97
404980,97
404991,95
405000,95
405010,95
405020,95
405031,95
405041,93
405051,93
405060,93
405071,93
405080,93
405091,93
405100,93
405111,93
405120,93
405131,93
405140,93
405151,93
405160,93
405170,93
405181,93
405190,93
405200,93
405211,93
405220,93
405231,99
405240,99
405250,99
405260,99
405271,99
405280,95
405290,95
405300,95
405310,95
405320,95
405330,95
405341,95
405351,95
405360,95
405371,93
405380,93
405391,93
405400,93
405411,93
405421,95
405430,95
405440,95
405451,95
405460,95
405471,95
405480,95
405490,95
405500,95
405510,95
405520,93
405531,93
405540,93
405550,93
405560,93
405571,93
405580,93
405590,93
405600,93
405611,91
405620,91
405630,91
405640,91
405651,91
405661,93
405670,93
405680,93
405691,93
405700,93
405710,91
405721,91
405730,91
405740,91
405750,91
405760,93
405771,93
405781,93
405790,93
405801,93
405811,93
405820,93
405830,93
405840,93
405851,95
405860,95
405870,95
405880,95
405890,95
405901,93
405910,93
405920,93
405930,93
405940,93
405950,95
405961,95
405971,95
405980,95
405990,93
406000,93
406011,93
406020,93
406030,93
406041,95
406050,95
406060,95
406070,95
406080,95
406091,91
406101,91
406110,91
406120,91
406130,91
406140,93
406151,93
406160,93
406171,93
406182,91
406190,91
406200,91
406211,91
406220,91
406231,93
406240,93
406250,93
406260,93
406270,93
406280,91
406291,91
406300,91
406310,91
406320,91
406330,93
406340,93
406350,93
406360,93
406371,93
406380,93
406390,93
406400,93
406411,93
406421,95
406430,95
406440,95
406450,95
406460,95
406470,95
406481,95
406491,95
406500,95
406510,95
406520,93
406531,93
406540,93
406550,93
406560,93
406571,93
406580,93
406591,93
406600,93
406611,93
406620,93
406630,93
406640,93
406650,93
406660,93
406670,93
406680,93
406691,93
406700,93
406710,95
406721,95
406730,95
406740,95
406750,95
406760,99
406771,99
406781,99
406791,99
406801,97
406811,97
406821,97
406830,97
406840,97
406851,95
406861,95
406871,95
406881,95
406891,95
406901,93
406911,93
406920,93
406930,93
406940,93
406951,93
406961,93
406971,93
406980,93
406991,93
407001,93
407011,93
407020,93
407031,93
407041,93
407051,93
407060,93
407070,93
407080,93
407091,93
407100,93
407110,93
407120,93
407130,93
407141,97
407151,97
407160,97
407170,97
407180,97
407191,95
407201,95
407211,95
407220,95
407231,95
407239,93
407251,93
407260,93
407270,93
407281,93
407290,93
407300,93
407310,93
407320,93
407331,91
407341,91
407351,91
407361,91
407370,91
407380,91
407391,91
407400,91
407411,91
407421,89
407431,89
407440,89
407451,89
407460,89
407471,87
407480,87
407491,87
407500,87
407510,87
407520,89
407531,89
407540,89
407551,89
407561,91
407570,91
407580,91
407591,91
407600,91
407611,91
407620,91
407631,91
407640,91
407651,91
407661,93
407671,93
407680,93
407691,93
407700,93
407711,95
407721,95
407730,95
407740,95
407751,93
407760,93
407770,93
407780,93
407790,93
407801,91
407810,91
407820,91
407831,91
407840,91
407850,91
407861,91
407871,91
407880,91
407890,91
407900,93
407911,93
407920,93
407930,93
407941,93
407951,93
407960,93
407970,93
407980,93
407992,95
408000,95
408010,95
408020,95
408031,95
408041,97
408050,97
408060,97
408071,97
408080,97
408090,97
408101,97
408111,97
408120,97
408130,97
408140,95
408151,95
408160,95
408171,95
408180,95
408190,95
408200,95
408212,95
408220,95
408232,93
408240,93
408250,93
408260,93
408271,93
408280,93
408290,93
408300,93
408311,93
408320,93
408330,93
408342,93
408351,93
408360,93
408371,93
408380,93
408390,93
408400,93
408411,93
408422,91
408431,91
408440,91
408450,91
408460,91
408471,93
408481,93
408490,93
408500,93
408511,93
408521,93
408531,93
408540,93
408551,93
408561,93
408570,93
408580,93
408591,93
408601,93
408611,91
408620,91
408631,91
408641,91
408651,91
408660,91
408671,91
408681,91
408690,91
408701,91
408711,91
408721,91
408731,91
408741,91
408751,91
408761,91
408771,91
408781,91
408791,91
408801,91
408811,91
408821,91
408831,91
408841,91
408850,93
408861,93
408870,93
408881,93
408891,93
408900,93
408911,93
408921,93
408930,93
408940,93
408951,95
408961,95
408971,95
408980,95
408992,93
409000,93
409010,93
409021,93
409030,93
409041,95
409050,95
409060,95
409071,95
409079,95
409090,93
409100,93
409111,93
409119,93
409130,89
409140,89
409150,89
409159,89
409170,89
409181,89
409190,89
409199,89
409211,89
409220,89
409231,93
409239,93
409250,93
409260,93
409271,93
409279,93
409291,93
409300,93
409311,93
409320,93
409330,95
409341,95
409350,95
409359,95
409371,93
409380,93
409390,93
409401,93
409410,93
409421,95
409431,95
409441,95
409450,95
409461,95
409470,95
409480,95
409490,95
409501,95
409511,95
409520,93
409531,93
409540,93
409551,93
409561,93
409570,93
409580,93
409590,93
409600,93
409611,91
409620,91
409631,91
409640,91
409650,91
409660,93
409671,93
409680,93
409690,93
409701,93
409711,91
409721,91
409730,91
409740,91
409751,93
409760,93
409770,93
409780,93
409790,93
409802,95
409810,95
409820,95
409830,95
409840,95
409851,97
409860,97
409870,97
409880,97
409890,97
409900,95
409911,95
409920,95
409930,95
409940,95
409950,95
409960,95
409970,95
409980,95
409992,91
410000,91
410010,91
410020,91
410030,91
410041,95
410050,95
410060,95
410070,95
410080,95
410090,91
410100,91
410111,91
410120,91
410130,91
410140,95
410151,95
410160,95
410170,95
410181,95
410190,93
410200,93
410211,93
410220,93
410231,95
410240,95
410250,95
410260,95
410270,95
410280,95
410290,95
410300,95
410310,95
410320,95
410330,95
410340,95
410350,95
410360,95
410370,95
410380,95
410391,95
410400,95
410410,95
410421,95
410430,95
410440,95
410450,95
410460,95
410472,91
410480,91
410490,91
410500,91
410510,91
410520,93
410530,93
410540,93
410550,93
410560,93
410570,91
410581,91
410590,91
410600,91
410611,93
410620,93
410630,93
410640,93
410650,93
410661,89
410670,89
410680,89
410690,89
410700,89
410711,93
410720,93
410730,93
410740,93
410750,93
410760,91
410771,91
410780,91
410791,91
410801,91
410810,95
410820,95
410831,95
410840,95
410851,91
410861,91
410871,91
410880,91
410890,91
410901,93
410911,93
410920,93
410931,93
410941,93
410951,91
410961,91
410970,91
410981,91
410991,93
411000,93
411011,93
411020,93
411030,93
411041,91
411050,91
411060,91
411070,91
411080,91
411090,91
411101,91
411110,91
411121,91
411130,91
411140,93
411151,93
411161,93
411170,93
411181,93
411190,93
411201,93
411210,93
411220,93
411231,95
411241,95
411250,95
411261,95
411270,95
411281,95
411290,95
411300,95
411310,95
411320,95
411330,95
411340,95
411350,95
411360,95
411370,95
411380,95
411391,95
411400,95
411410,95
411422,93
411430,93
411440,93
411450,93
411460,93
411471,93
411480,93
411490,93
411500,93
411510,93
411520,93
411530,93
411540,93
411550,93
411560,93
411570,95
411581,95
411590,95
411600,95
411610,95
411620,95
411631,95
411640,95
411650,95
411661,97
411670,97
411680,97
411690,97
411700,97
411711,95
411720,95
411730,95
411740,95
411750,95
411760,97
411770,97
411780,97
411790,97
411800,97
411811,95
411820,95
411830,95
411840,95
411850,95
411860,99
411871,99
411880,99
411890,99
411900,99
411910,95
411921,95
411930,95
411940,95
411950,95
411960,95
411970,95
411980,95
411990,95
412000,95
412010,95
412020,95
412030,95
412040,95
412051,95
412060,95
412070,95
412080,95
412090,95
412100,93
412110,93
412120,93
412130,93
412140,93
412150,95
412161,95
412170,95
412180,95
412192,95
412200,93
412210,93
412220,93
412230,93
412242,93
412250,93
412260,93
412270,93
412280,93
412291,93
412300,93
412310,93
412320,93
412330,93
412340,91
412352,91
412360,91
412370,91
412382,89
412390,89
412400,89
412410,89
412420,89
412432,91
412440,91
412450,91
412460,91
412470,91
412480,93
412492,93
412500,93
412510,93
412520,93
412530,93
412540,93
412550,93
412561,93
412572,91
412580,91
412590,91
412600,91
412610,91
412620,91
412630,91
412641,91
412650,91
412660,91
412670,91
412681,91
412690,91
412700,91
412711,93
412720,93
412731,93
412741,93
412751,93
412760,93
412770,93
412781,93
412791,93
412801,93
412811,93
412821,93
412831,93
412841,93
412851,93
412861,95
412871,95
412881,95
412891,95
412901,95
412911,95
412920,95
412931,95
412940,95
412951,97
412961,97
412971,97
412981,97
412991,97
413001,93
413010,93
413020,93
413031,93
413040,93
413050,95
413061,95
413071,95
413081,95
413091,95
413100,99
413111,99
413121,99
413131,99
413141,97
413151,97
413161,97
413171,97
413180,97
413191,101
413201,101
413211,101
413220,101
413231,101
413241,97
413251,97
413261,97
413271,97
413281,97
413291,95
413300,95
413311,95
413321,95
413331,95
413340,95
413350,95
413361,95
413371,95
413381,95
413391,93
413400,93
413410,93
413421,93
413431,93
413440,93
413451,93
413460,93
413470,93
413480,93
413490,93
413500,93
413510,93
413520,93
413530,91
413541,91
413550,91
413560,91
413571,91
413580,91
413590,91
413600,91
413610,91
413621,91
413630,91
413640,91
413650,91
413660,91
413670,91
413681,91
413690,91
413700,91
413710,91
413721,91
413730,91
413740,91
413750,91
413761,91
413770,91
413780,91
413790,91
413800,91
413811,93
413820,93
413830,93
413840,93
413850,93
413860,95
413871,95
413880,95
413890,95
413901,93
413910,93
413920,93
413930,93
413940,93
413951,93
413960,93
413970,93
413980,93
413990,93
414000,93
414010,93
414020,93
414030,93
414040,93
414050,93
414061,93
414070,93
414080,93
414092,91
414100,91
414110,91
414120,91
414130,91
414141,91
414150,91
414160,91
414170,91
414180,91
414190,93
414201,93
414210,93
414220,93
414230,93
414240,95
414251,95
414260,95
414270,95
414281,97
414290,97
414300,97
414310,97
414320,97
414331,95
414340,95
414350,95
414360,95
414370,95
414380,95
414391,95
414400,95
414410,95
414420,95
414430,93
414441,93
414450,93
414460,93
414471,93
414480,93
414490,93
414500,93
414510,93
414521,93
414530,93
414540,93
414550,93
414560,93
414571,95
414580,95
414590,95
414600,95
414610,95
414620,93
414631,93
414640,93
414650,93
414660,93
414670,93
414681,93
414690,93
414700,93
414711,91
414720,91
414730,91
414740,91
414750,91
414761,93
414770,93
414780,93
414790,93
414800,93
414811,93
414820,93
414830,93
414840,93
414850,93
414860,93
414871,93
414880,93
414890,93
414901,91
414911,91
414920,91
414930,91
414941,91
414951,93
414960,93
414971,93
414980,93
414991,93
415001,91
415011,91
415021,91
415031,91
415040,91
415050,95
415061,95
415070,95
415080,95
415091,95
415100,95
415110,95
415119,95
415131,95
415141,97
415150,97
415159,97
415171,97
415180,97
415191,95
415200,95
415211,95
415220,95
415230,95
415240,95
415251,95
415260,95
415270,95
415279,95
415290,91
415300,91
415310,91
415319,91
415332,93
415340,93
415351,93
415359,93
415371,93
415381,93
415390,93
415401,93
415410,93
415420,93
415430,95
415440,95
415450,95
415460,95
415470,95
415480,97
415491,97
415500,97
415510,97
415520,97
415531,97
415541,97
415550,97
415560,97
415571,97
415580,97
415590,97
415600,97
415610,97
415621,95
415630,95
415640,95
415650,95
415660,95
415670,91
415680,91
415690,91
415700,91
415710,91
415720,89
415731,89
415740,89
415750,89
415762,89
415770,89
415780,89
415790,89
415800,89
415811,91
415820,91
415830,91
415840,91
415850,91
415860,89
415871,89
415880,89
415890,89
415900,89
415910,93
415920,93
415930,93
415940,93
415951,93
415960,93
415970,93
415980,93
415990,93
416001,93
416010,93
416020,93
416030,93
416040,93
416050,91
416061,91
416070,91
416080,91
416090,91
416100,95
416111,95
416120,95
416131,95
416140,95
416150,97
416160,97
416170,97
416180,97
416191,97
416200,97
416210,97
416220,97
416230,97
416241,97
416250,97
416260,97
416270,97
416280,97
416291,97
416300,97
416310,97
416320,97
416330,97
416340,97
416351,97
416360,97
416370,97
416380,97
416390,95
416401,95
416410,95
416420,95
416430,91
416440,91
416450,91
416460,91
416470,91
416482,93
416490,93
416500,93
416510,93
416520,93
416530,89
416540,89
416550,89
416560,89
416570,89
416580,93
416591,93
416601,93
416610,93
416622,93
416630,93
416641,93
416650,93
416660,93
416672,97
416681,97
416690,97
416700,97
416710,97
416721,95
416730,95
416740,95
416750,95
416761,95
416770,93
416781,93
416791,93
416801,93
416811,93
416821,89
416831,89
416841,89
416851,89
416861,89
416871,89
416881,89
416891,89
416901,89
416911,89
416921,89
416931,89
416941,89
416951,89
416961,89
416971,89
416981,89
416990,89
417000,91
417011,91
417020,91
417031,91
417041,91
417051,93
417061,93
417070,93
417081,93
417090,93
417101,93
417111,93
417120,93
417130,93
417141,93
417151,95
417160,95
417171,95
417181,95
417191,91
417200,91
417212,91
417220,91
417231,91
417241,97
417250,97
417261,97
417270,97
417280,97
417291,97
417301,97
417310,97
417320,97
417331,97
417341,95
417351,95
417361,95
417371,95
417381,95
417390,91
417399,91
417410,91
417420,91
417431,95
417441,95
417450,95
417461,95
417470,95
417480,91
417490,91
417500,91
417510,91
417520,91
417530,89
417541,89
417550,89
417561,89
417571,89
417580,89
417590,89
417600,89
417610,89
417621,93
417630,93
417639,93
417650,93
417660,93
417671,95
417680,95
417690,95
417700,95
417710,95
417720,95
417731,95
417741,95
417750,95
417761,95
417770,95
417780,95
417790,95
417800,95
417811,93
417820,93
417830,93
417841,93
417850,93
417861,93
417870,93
417880,93
417890,93
417900,93
417910,93
417921,93
417930,93
417940,93
417950,93
417960,91
417970,91
417980,91
417990,91
418000,93
418010,93
418020,93
418030,93
418040,93
418051,95
418060,95
418070,95
418080,95
418090,95
418100,95
418111,95
418120,95
418130,95
418140,95
418150,95
418161,95
418170,95
418180,95
418191,95
418200,97
418210,97
418220,97
418230,97
418241,95
418250,95
418260,95
418270,95
418280,95
418291,93
418300,93
418310,93
418320,93
418330,93
418340,91
418351,91
418360,91
418370,91
418381,91
418390,91
418400,91
418410,91
418420,91
418431,91
418440,91
418450,91
418460,91
418470,91
418480,93
418490,93
418500,93
418510,93
418520,93
418530,91
418541,91
418550,91
418560,91
418571,93
418580,93
418590,93
418600,93
418610,93
418621,91
418630,91
418640,91
418650,91
418660,91
418670,91
418681,91
418690,91
418700,91
418711,91
418720,89
418730,89
418740,89
418750,89
418762,91
418770,91
418780,91
418790,91
418800,91
418811,95
418820,95
418830,95
418840,95
418850,95
418860,95
418870,95
418880,95
418890,95
418900,95
418910,93
418920,93
418930,93
418940,93
418951,95
418961,95
418970,95
418981,95
418991,95
419001,95
419011,95
419020,95
419030,95
419040,95
419051,93
419061,93
419071,93
419081,93
419091,93
419101,93
419111,93
419121,93
419131,93
419141,93
419150,95
419161,95
419171,95
419181,95
419192,95
419201,95
419211,95
419220,95
419231,95
419241,93
419251,93
419261,93
419271,93
419281,93
419291,93
419301,93
419311,93
419321,93
419331,93
419341,91
419351,91
419361,91
419370,91
419381,93
419391,93
419401,93
419411,93
419420,93
419431,91
419440,91
419451,91
419461,91
419470,91
419481,93
419491,93
419500,93
419510,93
419520,93
419531,91
419540,91
419550,91
419561,91
419571,93
419580,93
419590,93
419600,93
419610,93
419621,91
419630,91
419640,91
419650,91
419660,91
419670,93
419681,93
419690,93
419700,93
419710,93
419720,91
419730,91
419740,91
419751,91
419762,95
419770,95
419780,95
419790,95
419800,95
419811,93
419820,93
419830,93
419840,93
419851,93
419860,95
419871,95
419880,95
419890,95
419900,95
419910,93
419921,93
419931,93
419940,93
419952,93
419961,93
419970,93
419980,93
419990,93
420001,91
420010,91
420020,91
420030,91
420040,91
420050,93
420061,93
420070,93
420080,93
420090,93
420100,93
420111,93
420120,93
420131,93
420141,93
420150,93
420161,93
420170,93
420180,93
420191,93
420200,93
420210,93
420220,93
420230,93
420241,93
420250,93
420260,93
420270,93
420280,93
420290,95
420301,95
420310,95
420320,95
420331,95
420340,95
420351,95
420361,95
420370,95
420382,95
420390,95
420400,95
420410,95
420420,95
420432,93
420440,93
420450,93
420460,93
420470,93
420480,93
420490,93
420500,93
420510,93
420520,93
420531,93
420541,93
420550,93
420561,93
420572,93
420580,93
420590,93
420600,93
420610,93
420621,91
420630,91
420640,91
420650,91
420660,91
420672,93
420681,93
420690,93
420700,93
420710,93
420721,93
420731,93
420740,93
420750,93
420760,93
420770,93
420780,93
420790,93
420800,93
420811,91
420820,91
420830,91
420841,91
420851,91
420861,95
420871,95
420880,95
420890,95
420901,95
420911,95
420921,95
420931,95
420941,95
420951,95
420961,95
420970,95
420981,95
420991,95
421001,95
421011,93
421021,93
421031,93
421040,93
421051,93
421060,93
421071,93
421080,93
421091,93
421101,91
421110,91
421121,91
421131,91
421140,91
421151,91
421161,91
421171,91
421180,91
421191,91
421200,89
421211,89
421220,89
421230,89
421241,93
421250,93
421261,93
421270,93
421281,93
421291,91
421300,91
421311,91
421320,91
421330,91
421341,93
421351,93
421360,93
421371,93
421381,91
421391,91
421401,91
421410,91
421420,91
421431,93
421440,93
421450,93
421461,93
421470,93
421481,91
421491,91
421500,91
421511,91
421520,91
421531,89
421540,89
421551,89
421561,89
421572,91
421580,91
421590,91
421600,91
421610,91
421621,93
421631,93
421640,93
421650,93
421661,93
421670,95
421680,95
421690,95
421700,95
421710,95
421720,95
421731,95
421740,95
421750,95
421760,93
421770,93
421780,93
421790,93
421800,93
421811,93
421820,93
421830,93
421840,93
421850,93
421861,93
421870,93
421880,93
421890,93
421900,93
421910,93
421921,93
421930,93
421940,93
421950,93
421961,95
421971,95
421980,95
421990,95
422001,95
422010,97
422020,97
422030,97
422040,97
422051,99
422060,99
422070,99
422080,99
422090,99
422101,95
422110,95
422120,95
422130,95
422140,95
422150,93
422160,93
422170,93
422180,93
422190,93
422200,93
422211,93
422220,93
422230,93
422240,93
422250,93
422260,93
422270,93
422280,93
422291,93
422300,93
422310,93
422320,93
422331,93
422341,93
422350,93
422360,93
422370,93
422380,93
422390,93
422400,93
422410,93
422420,93
422430,93
422440,93
422450,93
422461,93
422470,93
422481,91
422491,91
422500,91
422511,91
422520,91
422531,91
422540,91
422550,91
422561,91
422570,91
422580,91
422591,91
422600,91
422610,91
422621,91
422630,93
422641,93
422650,93
422661,93
422672,91
422680,91
422690,91
422700,91
422711,91
422721,93
422730,93
422740,93
422750,93
422761,93
422770,93
422781,93
422790,93
422800,93
422810,93
422820,95
422831,95
422840,95
422850,95
422860,91
422870,91
422880,91
422890,91
422900,91
422911,93
422921,93
422930,93
422940,93
422950,93
422960,93
422970,93
422980,93
422990,93
423001,93
423010,95
423021,95
423031,95
423040,95
423051,95
423061,93
423071,93
423080,93
423091,93
423101,95
423111,95
423121,95
423131,95
423141,95
423151,93
423160,93
423170,93
423181,93
423191,93
423200,95
423212,95
423221,95
423231,95
423241,95
423251,93
423260,93
423271,93
423280,93
423290,93
423301,93
423311,93
423321,93
423330,93
423341,95
423351,95
423360,95
423370,95
423380,95
423391,95
423400,95
423411,95
423421,95
423431,95
423441,93
423451,93
423461,93
423471,93
423479,93
423491,93
423500,93
423510,93
423521,93
423531,93
423540,93
423550,93
423561,93
423570,93
423581,91
423590,91
423600,91
423610,91
423620,91
423630,91
423641,91
423650,91
423661,91
423672,91
423681,91
423690,91
423700,91
423710,91
423721,91
423730,91
423740,91
423750,91
423761,91
423770,91
423781,91
423790,91
423801,91
423810,91
423820,93
423830,93
423841,93
423850,93
423861,91
423870,91
423881,91
423890,91
423900,91
423911,93
423921,93
423930,93
423940,93
423950,93
423960,97
423970,97
423980,97
423990,97
424001,97
424010,97
424020,97
424030,97
424041,97
424050,97
424061,97
424071,97
424081,97
424090,97
424101,97
424110,97
424121,97
424130,97
424140,97
424151,95
424161,95
424170,95
424180,95
424190,95
424201,93
424210,93
424220,93
424230,93
424241,93
424250,95
424261,95
424270,95
424281,95
424290,95
424300,97
424311,97
424321,97
424330,97
424342,99
424350,99
424361,99
424370,99
424380,99
424391,97
424401,97
424410,97
424420,97
424430,97
424440,95
424450,95
424461,95
424470,95
424481,95
424490,93
424502,93
424511,93
424521,93
424530,93
424540,93
424550,93
424561,93
424570,93
424582,93
424590,93
424601,93
424611,93
424620,93
424631,91
424641,91
424650,91
424662,91
424670,91
424681,93
424691,93
424700,93
424710,93
424722,93
424730,91
424740,91
424750,91
424761,91
424771,89
424780,89
424790,89
424801,89
424810,89
424820,91
424830,91
424840,91
424850,91
424862,91
424870,93
424881,93
424890,93
424900,93
424911,95
424921,95
424930,95
424941,95
424951,95
424961,95
424971,95
424981,95
424991,95
425001,95
425011,93
425021,93
425030,93
425041,93
425051,93
425061,93
425071,93
425081,93
425091,93
425100,93
425111,93
425121,93
425130,93
425141,93
425151,93
425161,93
425171,93
425181,93
425191,93
425201,93
425211,93
425221,93
425231,93
425241,93
425251,95
425261,95
425271,95
425281,95
425291,93
425301,93
425311,93
425321,93
425330,93
425341,93
425351,93
425361,93
425371,93
425381,93
425391,91
425400,91
425411,91
425420,91
425431,91
425439,93
425451,93
425461,93
425471,93
425481,93
425490,93
425501,93
425510,93
425520,93
425531,95
425540,95
425550,95
425561,95
425571,95
425581,99
425590,99
425601,99
425610,99
425620,99
425631,99
425639,99
425651,99
425661,99
425670,99
425681,103
425691,103
425700,103
425710,103
425721,103
425730,97
425741,97
425750,97
425761,97
425771,95
425780,95
425790,95
425799,95
425810,95
425821,95
425830,95
425839,95
425851,95
425860,95
425871,93
425880,93
425891,93
425900,93
425910,93
425921,93
425931,93
425940,93
425950,93
425961,93
425971,93
425980,93
425990,93
425999,93
426011,95
426020,95
426030,95
426039,95
426051,95
426061,97
426070,97
426081,97
426091,97
426100,97
426111,95
426119,95
426131,95
426140,95
426150,95
426160,95
426171,95
426180,95
426190,95
426200,95
426210,95
426220,95
426230,95
426240,95
426251,91
426260,91
426270,91
426280,91
426291,91
426301,89
426311,89
426320,89
426331,89
426340,89
426350,91
426361,91
426371,91
426380,91
426392,93
426400,93
426411,93
426420,93
426430,93
426441,93
426451,93
426460,93
426470,93
426480,93
426491,95
426501,95
426510,95
426520,95
426531,95
426540,95
426551,95
426559,95
426571,95
426580,95
426590,95
426600,95
426611,95
426620,95
426631,95
426639,95
426651,95
426660,95
426670,95
426681,93
426690,93
426701,93
426710,93
426720,93
426730,91
426741,91
426750,91
426759,91
426771,93
426780,93
426790,93
426800,93
426811,93
426822,93
426830,93
426839,93
426851,93
426860,93
426870,91
426881,91
426891,91
426900,91
426910,91
426920,91
426931,91
426940,91
426950,91
426960,93
426971,93
426980,93
426990,93
427000,93
427010,91
427020,91
427030,91
427039,91
427050,91
427060,93
427071,93
427080,93
427090,93
427100,93
427111,93
427119,93
427130,93
427140,93
427151,95
427160,95
427171,95
427180,95
427190,95
427201,93
427211,93
427220,93
427230,93
427240,93
427250,93
427261,93
427270,93
427280,93
427290,91
427300,91
427310,91
427320,91
427331,91
427341,93
427350,93
427360,93
427371,93
427381,93
427391,97
427401,97
427410,97
427420,97
427430,97
427440,97
427450,97
427460,97
427471,97
427481,97
427491,97
427501,97
427510,97
427520,97
427530,97
427540,97
427550,97
427560,97
427571,97
427581,95
427590,95
427600,95
427611,95
427620,95
427631,93
427640,93
427650,93
427660,93
427670,93
427680,91
427690,91
427701,91
427710,91
427721,91
427731,91
427740,91
427750,91
427760,91
427771,91
427780,91
427790,91
427800,91
427811,91
427821,93
427830,93
427840,93
427850,93
427860,93
427870,93
427881,93
427890,93
427901,93
427911,93
427920,93
427931,93
427940,93
427951,93
427961,95
427971,95
427980,95
427991,95
427999,95
428011,91
428020,91
428030,91
428040,91
428050,91
428060,93
428071,93
428080,93
428090,93
428101,93
428110,93
428120,93
428130,93
428140,93
428151,93
428160,93
428171,93
428180,93
428190,93
428200,93
428211,93
428221,93
428230,93
428241,93
428251,91
428261,91
428270,91
428280,91
428291,93
428301,93
428310,93
428321,93
428330,93
428341,93
428351,93
428360,93
428370,93
428380,93
428391,95
428400,95
428410,95
428420,95
428430,95
428441,93
428451,93
428460,93
428470,93
428481,95
428490,95
428500,95
428510,95
428521,95
428532,91
428541,91
428551,91
428560,91
428571,91
428580,91
428592,91
428600,91
428610,91
428621,91
428631,91
428641,91
428651,91
428660,91
428672,91
428680,91
428690,91
428701,91
428710,91
428721,93
428730,93
428741,93
428751,93
428761,93
428770,93
428781,93
428791,93
428800,93
428810,93
428820,95
428832,95
428841,95
428852,95
428861,95
428871,95
428881,95
428890,95
428900,95
428911,95
428921,95
428930,95
428941,95
428952,95
428960,93
428970,93
428981,93
428991,93
429001,93
429010,93
429020,93
429031,93
429041,93
429051,93
429061,93
429071,93
429081,93
429091,93
429101,95
429111,95
429121,95
429131,95
429141,95
429151,93
429161,93
429171,93
429181,93
429191,93
429201,91
429212,91
429221,91
429231,91
429240,89
429251,89
429261,89
429271,89
429281,89
429291,91
429301,91
429311,91
429320,91
429331,91
429341,93
429350,93
429360,93
429370,93
429380,93
429391,91
429401,91
429411,91
429421,91
429431,95
429441,95
429450,95
429460,95
429470,95
429481,95
429490,95
429500,95
429511,95
429521,95
429530,95
429541,95
429551,95
429560,95
429570,95
429581,93
429591,93
429601,93
429611,93
429621,95
429631,95
429641,95
429650,95
429661,95
429671,93
429681,93
429691,93
429701,93
429711,93
429720,93
429730,93
429741,93
429751,93
429761,93
429770,91
429781,91
429791,91
429801,91
429811,91
429821,95
429831,95
429841,95
429850,95
429861,93
429871,93
429881,93
429891,93
429900,93
429911,95
429920,95
429931,95
429941,95
429951,95
429960,91
429971,91
429981,91
429991,91
430000,91
430011,95
430021,95
430031,95
430041,95
430051,91
430061,91
430071,91
430081,91
430090,91
430101,93
430111,93
430120,93
430130,93
430141,93
430151,89
430161,89
430170,89
430181,89
430191,89
430201,93
430211,93
430221,93
430231,93
430241,91
430251,91
430261,91
430271,91
430281,91
430291,93
430301,93
430311,93
430321,93
430331,93
430341,91
430351,91
430361,91
430370,91
430381,91
430391,93
430401,93
430410,93
430421,93
430431,93
430441,93
430451,93
430461,93
430471,93
430481,95
430491,95
430501,95
430511,95
430521,95
430531,93
430541,93
430551,93
430561,93
430571,93
430581,95
430591,95
430601,95
430611,95
430621,95
430631,95
430641,95
430651,95
430661,95
430671,93
430681,93
430691,93
430701,93
430711,93
430721,91
430730,91
430740,91
430751,91
430761,91
430770,91
430781,91
430791,91
430801,91
430811,91
430821,93
430830,93
430841,93
430851,93
430862,91
430871,91
430881,91
430890,91
430901,91
430911,93
430920,93
430931,93
430941,93
430951,93
430961,97
430971,97
430981,97
430991,97
431001,97
431010,97
431021,97
431031,97
431040,97
431051,97
431061,97
431071,97
431081,97
431091,97
431101,95
431111,95
431121,95
431130,95
431141,95
431151,93
431161,93
431171,93
431181,93
431191,93
431200,93
431211,93
431221,93
431230,93
431240,93
431251,93
431260,93
431271,93
431280,93
431291,91
431300,91
431311,91
431321,91
431330,91
431340,93
431351,93
431361,93
431370,93
431381,93
431391,91
431401,91
431411,91
431420,91
431431,91
431440,91
431451,91
431461,91
431471,91
431481,91
431490,91
431500,91
431511,91
431520,91
431531,95
431541,95
431550,95
431560,95
431571,95
431580,101
431591,101
431601,101
431611,101
431621,101
431630,97
431641,97
431651,97
431660,97
431671,97
431681,95
431691,95
431701,95
431711,95
431721,97
431731,97
431740,97
431751,97
431760,97
431771,93
431780,93
431790,93
431800,93
431810,93
431820,93
431831,93
431840,93
431851,93
431860,93
431871,89
431881,89
431891,89
431901,89
431912,91
431920,91
431931,91
431940,91
431951,91
431961,93
431971,93
431980,93
431991,93
431999,93
432010,93
432021,93
432030,93
432040,93
432051,93
432060,93
432071,93
432081,93
432090,93
432100,93
432111,93
432120,93
432131,93
432140,93
432151,95
432159,95
432170,95
432180,95
432190,95
432201,93
432211,93
432221,93
432231,93
432239,93
432251,93
432261,93
432271,93
432280,93
432291,93
432301,93
432311,93
432320,93
432331,93
432341,95
432350,95
432360,95
432370,95
432380,95
432391,93
432399,93
432411,93
432420,93
432431,93
432439,93
432451,93
432460,93
432471,93
432480,93
432490,93
432501,93
432511,93
432520,93
432532,95
432540,95
432550,95
432559,95
432571,95
432582,91
432590,91
432600,91
432610,91
432620,91
432630,95
432639,95
432651,95
432660,95
432671,95
432680,95
432691,95
432700,95
432711,95
432720,95
432731,95
432740,95
432750,95
432759,95
432772,93
432780,93
432791,93
432800,93
432811,93
432822,95
432830,95
432839,95
432850,95
432860,95
432871,93
432881,93
432890,93
432900,93
432911,93
432920,93
432931,93
432940,93
432950,93
432961,89
432971,89
432980,89
432991,89
433000,89
433011,89
433021,89
433030,89
433040,89
433050,89
433061,89
433071,89
433080,89
433091,89
433101,93
433111,93
433121,93
433131,93
433141,93
433151,91
433159,91
433171,91
433181,91
433190,91
433201,95
433211,95
433221,95
433230,95
433241,95
433250,95
433261,95
433271,95
433281,95
433290,95
433300,95
433311,95
433321,95
433331,95
433341,91
433350,91
433360,91
433370,91
433380,91
433391,89
433400,89
433411,89
433421,89
433431,89
433441,89
433450,89
433460,89
433471,89
433482,91
433490,91
433501,91
433511,91
433520,91
433531,91
433541,91
433551,91
433560,91
433571,91
433581,95
433590,95
433601,95
433611,95
433620,95
433630,101
433641,101
433650,101
433660,101
433670,101
433681,97
433691,97
433700,97
433711,97
433720,95
433731,95
433740,95
433751,95
433760,95
433771,95
433781,95
433791,95
433801,95
433810,95
433820,93
433830,93
433840,93
433850,93
433860,93
433870,95
433881,95
433890,95
433900,95
433910,95
433919,91
433931,91
433941,91
433951,91
433961,93
433971,93
433981,93
433991,93
434000,93
434011,91
434021,91
434031,91
434040,91
434050,91
434060,93
434071,93
434080,93
434091,93
434101,89
434111,89
434121,89
434131,89
434141,89
434151,91
434161,91
434171,91
434181,91
434190,91
434200,91
434211,91
434221,91
434230,91
434241,91
434250,91
434261,91
434270,91
434280,91
434291,93
434300,93
434310,93
434321,93
434331,93
434341,93
434351,93
434360,93
434371,93
434381,93
434390,95
434401,95
434411,95
434421,95
434431,95
434441,95
434451,95
434460,95
434470,95
434481,95
434490,95
434501,95
434511,95
434521,95
434531,93
434541,93
434551,93
434561,93
434570,93
434581,95
434591,95
434601,95
434610,95
434621,95
434631,95
434640,95
434650,95
434660,95
434671,95
434681,93
434690,93
434700,93
434711,93
434721,93
434730,93
434741,93
434751,93
434761,93
434771,95
434780,95
434791,95
434800,95
434810,95
434820,93
434830,93
434841,93
434850,93
434860,93
434870,93
434881,93
434890,93
434900,93
434911,91
434921,91
434930,91
434941,91
434951,91
434961,93
434970,93
434980,93
434991,93
435001,93
435010,91
435021,91
435031,91
435041,91
435050,91
435061,91
435071,91
435081,91
435090,91
435101,91
435111,91
435121,91
435130,91
435141,91
435151,93
435161,93
435171,93
435180,93
435191,93
435200,93
435211,93
435221,93
435231,93
435241,93
435251,93
435261,93
435271,93
435281,93
435291,91
435301,91
435311,91
435321,91
435330,91
435341,93
435351,93
435361,93
435371,93
435380,93
435390,91
435401,91
435410,91
435421,91
435430,91
435441,91
435450,91
435461,91
435470,91
435481,91
435491,91
435500,91
435511,91
435520,91
435531,93
435541,93
435551,93
435561,93
435571,93
435581,93
435591,93
435601,93
435610,93
435621,93
435631,95
435641,95
435650,95
435661,95
435672,93
435680,93
435691,93
435701,93
435711,93
435721,95
435731,95
435741,95
435751,95
435760,95
435770,95
435781,95
435791,95
435801,95
435810,95
435821,95
435831,95
435841,95
435851,95
435861,95
435871,93
435880,93
435891,93
435901,93
435911,95
435921,95
435931,95
435941,95
435951,95
435961,93
435970,93
435981,93
435991,93
436001,93
436011,95
436021,95
436031,95
436041,95
436051,95
436061,95
436071,95
436081,95
436091,95
436101,95
436111,95
436120,95
436131,95
436141,95
436151,95
436161,95
436170,95
436181,95
436191,95
436201,93
436210,93
436221,93
436230,93
436241,93
436251,95
436260,95
436271,95
436281,95
436290,95
436301,93
436311,93
436321,93
436330,93
436341,95
436351,95
436361,95
436371,95
436381,95
436391,91
436401,91
436411,91
436421,91
436431,91
436441,93
436451,93
436461,93
436471,93
436481,93
436491,91
436501,91
436511,91
436521,91
436532,93
436541,93
436551,93
436561,93
436570,93
436582,89
436590,89
436601,89
436610,89
436621,89
436630,93
436640,93
436650,93
436661,93
436671,93
436681,91
436691,91
436701,91
436711,91
436722,93
436731,93
436741,93
436752,93
436761,93
436771,91
436781,91
436792,91
436801,91
436811,91
436821,93
436832,93
436841,93
436851,93
436862,93
436872,93
436881,93
436891,93
436901,93
436912,93
436921,93
436931,93
436941,93
436950,93
436961,89
436970,89
436981,89
436992,89
437001,89
437011,91
437021,91
437032,91
437040,91
437050,91
437061,95
437072,95
437081,95
437091,95
437101,105
437111,105
437121,105
437131,105
437141,105
437152,99
437161,99
437171,99
437181,99
437191,99
437200,97
437211,97
437220,97
437231,97
437241,97
437251,95
437261,95
437271,95
437281,95
437291,95
437301,93
437311,93
437321,93
437331,93
437342,91
437351,91
437361,91
437370,91
437380,91
437391,93
437400,93
437411,93
437420,93
437430,93
437441,93
437451,93
437461,93
437471,93
437481,93
437490,93
437501,93
437510,93
437520,93
437531,93
437540,93
437550,93
437561,93
437570,93
437581,93
437591,93
437601,93
437611,93
437621,93
437631,93
437641,93
437650,93
437661,93
437671,93
437681,93
437690,93
437701,93
437711,93
437720,93
437731,93
437741,93
437751,93
437760,93
437771,91
437781,91
437791,91
437801,91
437811,91
437821,93
437830,93
437840,93
437850,93
437861,93
437871,93
437880,93
437891,93
437901,93
437911,93
437920,95
437930,95
437941,95
437951,95
437960,93
437971,93
437981,93
437991,93
438001,93
438011,95
438021,95
438030,95
438040,95
438050,95
438061,93
438071,93
438081,93
438091,93
438101,93
438111,93
438121,93
438131,93
438141,93
438150,91
438160,91
438171,91
438181,91
438190,91
438201,93
438210,93
438220,93
438230,93
438240,93
438251,93
438261,93
438271,93
438280,93
438291,93
438300,95
438311,95
438320,95
438331,95
438341,95
438351,95
438361,95
438371,95
438380,95
438391,95
438401,95
438411,95
438421,95
438430,95
438441,95
438450,95
438460,95
438471,95
438480,95
438490,93
438501,93
438510,93
438520,93
438531,93
438540,91
438551,91
438560,91
438571,91
438581,93
438590,93
438600,93
438611,93
438621,93
438631,93
438640,93
438650,93
438660,93
438671,93
438680,93
438691,93
438700,93
438711,93
438720,93
438731,93
438741,93
438750,93
438759,93
438771,93
438781,93
438791,93
438800,93
438811,93
438821,93
438830,93
438840,93
438851,93
438860,93
438871,91
438880,91
438891,91
438901,91
438911,91
438920,91
438930,91
438940,91
438951,91
438960,93
438971,93
438980,93
438990,93
439000,93
439011,91
439020,91
439030,91
439041,91
439051,91
439060,87
439071,87
439080,87
439091,87
439100,87
439110,89
439121,89
439131,89
439140,89
439151,93
439159,93
439171,93
439180,93
439190,93
439201,93
439211,93
439220,93
439230,93
439240,93
439250,95
439260,95
439271,95
439280,95
439290,95
439300,93
439311,93
439320,93
439331,93
439341,95
439351,95
439361,95
439371,95
439381,95
439391,93
439401,93
439410,93
439421,93
439431,93
439440,93
439450,93
439461,93
439471,93
439481,93
439491,91
439500,91
439510,91
439521,91
439531,91
439540,95
439550,95
439561,95
439571,95
439581,95
439590,95
439600,95
439611,95
439620,95
439631,95
439640,95
439651,95
439660,95
439671,95
439681,99
439691,99
439700,99
439710,99
439720,99
439731,97
439741,97
439750,97
439760,97
439770,97
439780,97
439791,97
439800,97
439811,97
439820,97
439831,95
439840,95
439850,95
439860,95
439871,93
439880,93
439891,93
439901,93
439910,93
439921,93
439930,93
439941,93
439950,93
439960,93
439971,93
439980,93
439990,93
440000,93
440010,93
440020,93
440031,93
440040,93
440050,93
440060,91
440070,91
440081,91
440090,91
440101,91
440111,93
440120,93
440130,93
440141,93
440151,93
440160,91
440170,91
440180,91
440191,91
440200,91
440211,91
440221,91
440231,91
440240,91
440251,89
440260,89
440271,89
440280,89
440290,89
440300,93
440310,93
440321,93
440330,93
440341,93
440351,91
440361,91
440370,91
440380,91
440391,89
440400,89
440411,89
440421,89
440430,89
440441,91
440450,91
440461,91
440470,91
440481,91
440491,93
440500,93
440510,93
440521,93
440530,93
440541,93
440550,93
440560,93
440570,93
440580,93
440591,95
440600,95
440611,95
440621,95
440631,93
440640,93
440650,93
440661,93
440670,93
440681,95
440690,95
440701,95
440710,95
440721,95
440731,93
440740,93
440751,93
440760,93
440770,93
440781,93
440792,93
440800,93
440810,93
440820,93
440831,93
440840,93
440850,93
440861,93
440871,93
440880,93
440890,93
440901,93
440911,93
440920,93
440930,93
440942,93
440951,93
440960,93
440970,93
440982,93
440991,93
441001,93
441012,93
441022,93
441031,93
441041,93
441050,93
441062,93
441070,93
441081,93
441090,93
441102,93
441111,93
441121,93
441130,93
441142,93
441151,93
441161,91
441171,91
441181,91
441191,91
441200,91
441211,93
441221,93
441231,93
441241,93
441250,93
441261,99
441271,99
441281,99
441291,99
441301,95
441311,95
441321,95
441330,95
441341,95
441351,97
441361,97
441371,97
441380,97
441391,97
441401,95
441411,95
441421,95
441431,95
441441,95
441450,93
441461,93
441471,93
441480,93
441490,91
441501,91
441511,91
441521,91
441530,91
441541,89
441551,89
441561,89
441570,89
441580,89
441591,91
441601,91
441611,91
441621,91
441631,91
441641,91
441651,91
441661,91
441670,91
441682,93
441690,93
441701,93
441711,93
441720,93
441730,91
441741,91
441751,91
441761,91
441770,91
441781,91
441791,91
441800,91
441810,91
441821,91
441831,91
441840,91
441850,91
441861,91
441871,93
441880,93
441890,93
441901,93
441911,93
441920,93
441931,93
441941,93
441951,93
441960,93
441970,93
441980,93
441991,93
442000,93
442011,93
442021,93
442031,93
442040,93
442050,93
442060,93
442070,93
442080,93
442090,93
442101,93
442111,93
442120,93
442130,93
442141,93
442151,93
442160,93
442171,93
442181,93
442191,93
442201,93
442211,95
442221,95
442231,95
442240,95
442251,97
442261,97
442271,97
442280,97
442290,97
442301,97
442311,97
442320,97
442330,97
442341,97
442350,93
442360,93
442370,93
442381,93
442391,93
442400,95
442411,95
442421,95
442431,95
442440,95
442450,93
442461,93
442471,93
442480,93
442491,93
442501,93
442511,93
442520,93
442530,93
442540,91
442550,91
442560,91
442571,91
442581,91
442591,93
442600,93
442611,93
442621,93
442631,93
442640,93
442650,93
442661,93
442671,93
442681,93
442690,93
442701,93
442711,93
442720,93
442731,93
442741,93
442750,93
442760,93
442770,93
442781,93
442791,93
442800,93
442810,93
442821,93
442831,93
442840,93
442850,93
442861,93
442871,91
442880,91
442890,91
442901,91
442911,91
442921,91
442930,91
442941,91
442950,91
442960,91
442970,91
442980,91
442991,91
443000,91
443010,93
443021,93
443031,93
443040,93
443050,93
443061,91
443071,91
443080,91
443090,91
443101,91
443111,93
443120,93
443130,93
443141,93
443150,93
443160,95
443171,95
443181,95
443191,95
443201,95
443210,95
443221,95
443231,95
443240,95
443251,95
443261,95
443271,95
443280,95
443290,95
443301,91
443310,91
443320,91
443330,91
443341,91
443351,93
443360,93
443370,93
443381,93
443391,93
443400,93
443411,93
443420,93
443431,93
443442,95
443451,95
443461,95
443470,95
443481,95
443491,97
443500,97
443510,97
443520,97
443530,97
443541,97
443551,97
443561,97
443571,97
443581,97
443591,93
443600,93
443610,93
443621,93
443631,95
443640,95
443650,95
443661,95
443670,95
443680,91
443691,91
443700,91
443711,91
443720,91
443730,93
443740,93
443750,93
443760,93
443770,93
443780,91
443791,91
443800,91
443810,91
443821,93
443830,93
443840,93
443850,93
443861,93
443872,91
443880,91
443890,91
443901,91
443910,91
443920,95
443930,95
443940,95
443950,95
443960,95
443970,93
443981,93
443991,93
444000,93
444010,93
444021,95
444031,95
444040,95
444050,95
444061,91
444071,91
444080,91
444090,91
444101,91
444111,93
444120,93
444130,93
444140,93
444150,93
444160,93
444170,93
444181,93
444190,93
444200,93
444210,93
444221,93
444230,93
444240,93
444250,93
444260,93
444270,93
444280,93
444290,93
444301,93
444310,93
444320,93
444330,93
444340,93
444350,93
444360,93
444370,93
444381,93
444390,93
444400,93
444410,93
444420,93
444430,93
444441,91
444450,91
444460,91
444471,91
444480,91
444491,93
444501,93
444510,93
444520,93
444530,93
444540,93
444551,93
444560,93
444570,93
444580,93
444590,93
444601,93
444610,93
444620,93
444631,93
444640,93
444650,93
444660,93
444670,93
444682,93
444690,93
444700,93
444712,93
444720,93
444732,95
444740,95
444750,95
444760,95
444770,95
444780,93
444792,93
444800,93
444810,93
444820,93
444830,93
444840,93
444850,93
444860,93
444872,91
444880,91
444890,91
444900,91
444912,91
444920,93
444930,93
444940,93
444950,93
444960,93
444970,91
444982,91
444991,91
445000,91
445010,91
445020,93
445032,93
445041,93
445051,93
445062,93
445071,93
445081,93
445090,93
445100,93
445112,93
445121,93
445130,93
445140,93
445150,93
445161,91
445171,91
445181,91
445190,91
445201,91
445210,93
445221,93
445230,93
445241,93
445251,91
445261,91
445271,91
445280,91
445291,91
445300,93
445311,93
445321,93
445331,93
445340,93
445351,93
445360,93
445371,93
445381,93
445391,93
445401,93
445411,93
445420,93
445431,93
445442,95
445451,95
445461,95
445471,95
445481,95
445490,93
445500,93
445511,93
445520,93
445530,93
445540,93
445551,93
445561,93
445571,93
445581,93
445591,93
445601,93
445610,93
445620,93
445630,95
445640,95
445650,95
445660,95
445670,95
445682,95
445690,95
445700,95
445710,95
445720,95
445731,95
445740,95
445750,95
445760,95
445770,95
445780,93
445791,93
445800,93
445810,93
445820,93
445830,95
445840,95
445850,95
445860,95
445871,93
445880,93
445890,93
445900,93
445910,93
445921,91
445930,91
445940,91
445950,91
445960,91
445970,93
445981,93
445990,93
446000,93
446010,93
446020,93
446030,93
446040,93
446050,93
446061,93
446070,93
446080,93
446090,93
446100,93
446111,93
446120,93
446130,93
446140,93
446150,93
446160,93
446170,93
446180,93
446190,93
446200,93
446210,95
446220,95
446230,95
446240,95
446251,95
446260,95
446270,95
446280,95
446290,95
446301,93
446310,93
446320,93
446330,93
446340,93
446351,93
446360,93
446370,93
446380,93
446390,93
446400,95
446411,95
446420,95
446430,95
446440,95
446450,93
446460,93
446470,93
446480,93
446492,93
446500,93
446510,93
446520,93
446530,93
446541,93
446550,93
446560,93
446570,93
446580,93
446590,93
446600,93
446610,93
446620,93
446630,93
446640,93
446651,93
446660,93
446670,93
446680,93
446690,93
446700,93
446710,93
446720,93
446731,91
446740,91
446750,91
446760,91
446770,91
446780,93
446791,93
446800,93
446810,93
446820,93
446830,93
446840,93
446850,93
446860,93
446871,93
446880,93
446890,93
446900,93
446910,93
446921,93
446930,93
446940,93
446950,93
446960,93
446970,93
446980,93
446990,93
447000,93
447010,93
447020,93
447030,93
447040,93
447050,93
447061,93
447070,93
447080,93
447090,93
447100,93
447112,91
447120,91
447130,91
447140,91
447150,91
447160,93
447170,93
447180,93
447190,93
447200,93
447210,93
447221,93
447230,93
447240,93
447250,93
447260,95
447270,95
447280,95
447290,95
447302,95
447310,95
447320,95
447330,95
447340,95
447351,95
447360,95
447370,95
447381,95
447391,95
447401,93
447410,93
447421,93
447431,93
447441,93
447451,93
447461,93
447471,93
447480,93
447491,91
447501,91
447511,91
447521,91
447530,91
447540,93
447551,93
447560,93
447571,93
447580,93
447591,91
447600,91
447610,91
447620,91
447630,91
447640,93
447651,93
447660,93
447670,93
447681,95
447690,95
447700,95
447710,95
447720,95
447731,97
447740,97
447750,97
447760,97
447770,97
447780,95
447790,95
447800,95
447810,95
447820,95
447830,95
447840,95
447850,95
447860,95
447870,95
447880,93
447891,93
447900,93
447910,93
447921,95
447931,95
447940,95
447950,95
447960,95
447971,93
447980,93
447990,93
448000,93
448010,93
448020,93
448030,93
448040,93
448050,93
448060,93
448070,93
448080,93
448090,93
448100,93
448111,95
448120,95
448130,95
448140,95
448150,95
448162,93
448170,93
448180,93
448190,93
448200,93
448211,93
448220,93
448230,93
448240,93
448250,93
448260,93
448270,93
448280,93
448290,93
448300,93
448310,95
448320,95
448330,95
448340,95
448350,95
448360,101
448371,101
448380,101
448390,101
448401,97
448410,97
448420,97
448430,97
448440,97
448451,95
448460,95
448470,95
448480,95
448490,95
448500,93
448510,93
448520,93
448530,93
448540,93
448550,91
448560,91
448570,91
448580,91
448591,91
448600,91
448610,91
448620,91
448630,91
448640,91
448650,91
448660,91
448670,91
448680,91
448690,93
448700,93
448710,93
448720,93
448730,93
448740,93
448751,93
448760,93
448770,93
448783,95
448790,95
448800,95
448810,95
448820,95
448830,93
448840,93
448850,93
448860,93
448870,93
448880,93
448892,93
448900,93
448911,93
448920,93
448930,91
448940,91
448950,91
448960,91
448972,91
448980,91
448990,91
449000,91
449010,91
449022,91
449030,91
449040,91
449050,91
449060,91
449070,93
449080,93
449090,93
449100,93
449111,93
449121,93
449130,93
449140,93
449150,93
449162,93
449170,93
449180,93
449190,93
449201,93
449211,91
449220,91
449230,91
449241,91
449251,91
449260,93
449271,93
449281,93
449290,93
449301,93
449311,93
449321,93
449331,93
449341,93
449350,93
449361,93
449371,93
449381,93
449390,93
449401,91
449411,91
449421,91
449431,91
449441,91
449451,93
449460,93
449470,93
449481,93
449492,93
449501,93
449511,93
449521,93
449530,93
449540,93
449551,93
449561,93
449571,93
449581,93
449590,95
449600,95
449611,95
449621,95
449630,95
449641,95
449650,95
449661,95
449670,95
449680,95
449690,95
449700,95
449710,95
449720,95
449732,93
449740,93
449750,93
449761,93
449770,93
449780,95
449790,95
449800,95
449810,95
449820,95
449830,93
449841,93
449850,93
449860,93
449870,93
449880,95
449890,95
449900,95
449910,95
449921,95
449930,95
449940,95
449950,95
449960,95
449972,97
449980,97
449990,97
450000,97
450010,97
450020,99
450030,99
450040,99
450050,99
450060,99
450070,97
450080,97
450090,97
450100,97
450110,97
450120,93
450130,93
450140,93
450150,93
450161,93
450170,93
450180,93
450190,93
450200,93
450211,91
450220,91
450230,91
450240,91
450250,91
450261,95
450270,95
450280,95
450290,95
450300,95
450310,93
450320,93
450330,93
450340,93
450350,93
450360,95
450370,95
450380,95
450390,95
450401,93
450410,93
450420,93
450430,93
450440,93
450451,95
450460,95
450470,95
450480,95
450490,95
450500,91
450511,91
450520,91
450530,91
450540,91
450550,89
450560,89
450570,89
450580,89
450592,89
450600,89
450610,89
450620,89
450630,89
450641,93
450650,93
450660,93
450670,93
450680,93
450690,91
450701,91
450710,91
450720,91
450730,91
450740,93
450750,93
450760,93
450770,93
450781,91
450790,91
450800,91
450810,91
450820,91
450831,95
450840,95
450850,95
450860,95
450870,95
450880,91
450891,91
450900,91
450910,91
450920,91
450930,93
450940,93
450950,93
450960,93
450972,91
450980,91
450990,91
451000,91
451010,91
451020,97
451030,97
451040,97
451050,97
451060,97
451070,93
451081,93
451090,93
451100,93
451110,93
451120,95
451131,95
451140,95
451150,95
451161,95
451170,95
451180,95
451190,95
451200,95
451212,97
451220,97
451230,97
451240,97
451250,97
451260,93
451270,93
451280,93
451290,93
451300,93
451310,95
451321,95
451330,95
451340,95
451350,95
451360,93
451370,93
451380,93
451390,93
451402,95
451410,95
451420,95
451430,95
451440,95
451450,93
451461,93
451471,93
451480,93
451490,93
451501,95
451510,95
451520,95
451531,95
451540,95
451551,95
451560,95
451570,95
451581,95
451591,95
451601,95
451611,95
451620,95
451630,95
451642,91
451651,91
451660,91
451670,91
451681,91
451690,93
451700,93
451710,93
451720,93
451730,93
451740,93
451751,93
451760,93
451770,93
451781,95
451790,95
451800,95
451810,95
451820,95
451832,91
451840,91
451850,91
451860,91
451870,91
451880,91
451891,91
451900,91
451910,91
451920,91
451930,91
451940,91
451950,91
451960,91
451971,93
451980,93
451990,93
452000,93
452010,93
452021,93
452030,93
452040,93
452050,93
452060,93
452070,93
452080,93
452090,93
452100,93
452110,93
452120,93
452131,93
452140,93
452150,93
452160,95
452170,95
452180,95
452190,95
452200,95
452210,93
452220,93
452230,93
452240,93
452250,93
452260,93
452271,93
452280,93
452290,93
452300,93
452310,93
452321,93
452330,93
452340,93
452352,93
452360,93
452370,93
452380,93
452390,93
452401,93
452410,93
452420,93
452430,93
452440,93
452451,93
452460,93
452470,93
452480,93
452490,93
452500,95
452511,95
452520,95
452530,95
452540,95
452550,95
452561,95
452570,95
452581,95
452592,95
452600,95
452610,95
452620,95
452630,95
452641,93
452650,93
452661,93
452670,93
452680,93
452691,95
452700,95
452710,95
452720,95
452730,95
452740,93
452751,93
452760,93
452770,93
452780,93
452790,93
452800,93
452810,93
452820,93
452832,91
452840,91
452850,91
452861,91
452870,91
452881,93
452890,93
452900,93
452910,93
452920,93
452930,91
452941,91
452950,91
452960,91
452970,91
452981,93
452990,93
453000,93
453010,93
453020,91
453030,91
453040,91
453050,91
453061,91
453072,95
453080,95
453090,95
453100,95
453110,95
453121,93
453130,93
453141,93
453150,93
453161,93
453170,93
453182,93
453190,93
453201,93
453212,91
453220,91
453230,91
453241,91
453251,91
453261,93
453270,93
453281,93
453290,93
453300,93
453310,91
453321,91
453330,91
453341,91
453350,91
453361,93
453371,93
453381,93
453391,93
453401,91
453411,91
453421,91
453431,91
453441,91
453451,93
453461,93
453471,93
453481,93
453491,93
453501,93
453510,93
453521,93
453531,93
453540,93
453551,93
453560,93
453571,93
453581,93
453592,91
453601,91
453610,91
453620,91
453631,91
453640,93
453650,93
453661,93
453671,93
453681,93
453691,91
453701,91
453711,91
453720,91
453731,91
453740,91
453751,91
453760,91
453771,91
453780,91
453790,91
453800,91
453810,91
453820,91
453830,91
453841,91
453850,91
453861,91
453870,91
453880,93
453890,93
453900,93
453910,93
453920,93
453930,93
453941,93
453950,93
453960,93
453971,93
453981,93
453990,93
454000,93
454010,93
454021,93
454031,93
454040,93
454050,93
454061,93
454070,95
454080,95
454090,95
454100,95
454112,93
454120,93
454130,93
454141,93
454150,93
454161,93
454170,93
454181,93
454190,93
454200,93
454210,95
454220,95
454230,95
454240,95
454250,95
454260,95
454270,95
454280,95
454290,95
454301,95
454310,93
454320,93
454330,93
454341,93
454352,93
454360,93
454370,93
454381,93
454390,93
454401,93
454410,93
454421,93
454430,93
454440,93
454450,95
454460,95
454470,95
454480,95
454490,95
454500,93
454511,93
454520,93
454530,93
454541,95
454550,95
454560,95
454570,95
454580,95
454592,95
454600,95
454610,95
454621,95
454630,95
454641,95
454650,95
454661,95
454670,95
454680,95
454690,93
454701,93
454710,93
454720,93
454730,93
454741,93
454750,93
454760,93
454770,93
454782,93
454790,93
454800,93
454810,93
454821,93
454830,93
454840,93
454850,93
454861,93
454870,93
454880,91
454890,91
454900,91
454910,91
454920,91
454930,93
454941,93
454950,93
454960,93
454971,93
454981,93
454990,93
455000,93
455010,93
455022,95
455030,95
455040,95
455050,95
455060,95
455071,93
455080,93
455090,93
455100,93
455110,93
455120,93
455131,93
455141,93
455150,93
455160,93
455170,93
455181,93
455190,93
455200,93
455211,95
455221,95
455230,95
455240,95
455250,95
455262,95
455270,95
455280,95
455290,95
455300,95
455311,95
455320,95
455330,95
455341,95
455350,95
455361,93
455371,93
455381,93
455390,93
455400,93
455410,93
455421,93
455430,93
455440,93
455452,91
455461,91
455471,91
455480,91
455490,91
455500,91
455511,91
455520,91
455531,91
455541,91
455551,91
455561,91
455571,91
455580,91
455590,91
455601,93
455611,93
455621,93
455631,93
455641,93
455650,93
455660,93
455670,93
455680,93
455691,95
455700,95
455710,95
455721,95
455730,95
455741,105
455750,105
455760,105
455770,105
455780,105
455790,97
455800,97
455810,97
455821,97
455830,97
455840,95
455851,95
455860,95
455870,95
455881,93
455890,93
455900,93
455910,93
455921,93
455931,91
455941,91
455950,91
455961,91
455970,91
455981,91
455991,91
456000,91
456010,91
456021,91
456030,91
456040,91
456050,91
456060,91
456071,93
456080,93
456090,93
456100,93
456111,93
456121,95
456130,95
456141,95
456150,95
456161,95
456171,95
456180,95
456190,95
456200,95
456210,95
456221,93
456231,93
456241,93
456250,93
456261,93
456271,93
456281,93
456290,93
456300,93
456312,91
456320,91
456330,91
456340,91
456350,91
456361,89
456371,89
456380,89
456390,89
456400,89
456411,89
456420,89
456430,89
456441,89
456451,91
456460,91
456470,91
456481,91
456490,91
456501,93
456511,93
456521,93
456530,93
456540,93
456550,95
456560,95
456570,95
456581,95
456590,95
456600,93
456611,93
456621,93
456630,93
456640,93
456650,93
456660,93
456670,93
456680,93
456691,91
456700,91
456710,91
456721,91
456730,91
456740,93
456751,93
456761,93
456770,93
456780,93
456790,91
456801,91
456810,91
456820,91
456832,93
456841,93
456850,93
456860,93
456870,93
456881,95
456890,95
456900,95
456911,95
456921,95
456930,95
456940,95
456950,95
456960,95
456970,95
456980,93
456991,93
457000,93
457010,93
457022,95
457030,95
457040,95
457050,95
457060,95
457072,93
457080,93
457090,93
457100,93
457110,93
457120,93
457130,93
457140,93
457150,93
457160,93
457170,91
457182,91
457190,91
457200,91
457210,91
457222,93
457230,93
457240,93
457250,93
457262,93
457270,93
457280,93
457290,93
457300,93
457311,95
457320,95
457330,95
457342,95
457350,95
457360,93
457371,93
457381,93
457391,93
457400,93
457410,93
457421,93
457431,93
457441,93
457451,91
457461,91
457471,91
457480,91
457491,91
457502,93
457511,93
457520,93
457531,93
457541,93
457551,91
457561,91
457570,91
457581,91
457591,91
457601,93
457611,93
457620,93
457631,93
457640,93
457651,93
457661,93
457671,93
457681,93
457691,95
457701,95
457711,95
457721,95
457731,95
457740,93
457750,93
457760,93
457770,93
457781,93
457790,95
457801,95
457810,95
457820,95
457831,95
457840,95
457850,95
457861,95
457870,95
457882,95
457890,95
457900,95
457910,95
457920,95
457931,93
457941,93
457950,93
457960,93
457970,93
457980,93
457991,93
458000,93
458010,93
458021,93
458030,93
458040,93
458050,93
458060,93
458071,93
458081,93
458090,93
458100,93
458111,93
458121,95
458130,95
458140,95
458150,95
458160,95
458171,95
458180,95
458190,95
458200,95
458210,95
458221,95
458231,95
458240,95
458250,95
458261,95
458270,95
458281,95
458290,95
458300,95
458311,93
458320,93
458330,93
458340,93
458350,93
458361,91
458370,91
458380,91
458390,91
458400,91
458410,91
458420,91
458430,91
458440,91
458450,91
458461,91
458470,91
458480,91
458490,91
458501,93
458510,93
458520,93
458531,93
458540,93
458550,93
458560,93
458570,93
458580,93
458590,93
458600,95
458610,95
458620,95
458630,95
458640,95
458650,93
458660,93
458671,93
458680,93
458691,93
458700,93
458710,93
458720,93
458730,93
458741,91
458750,91
458761,91
458770,91
458780,91
458790,91
458801,91
458810,91
458820,91
458830,87
458841,87
458850,87
458861,87
458870,87
458881,87
458890,87
458900,87
458910,87
458921,87
458930,91
458941,91
458950,91
458961,91
458970,91
458980,91
458991,91
459000,91
459010,91
459021,95
459030,95
459041,95
459050,95
459061,95
459071,93
459081,93
459090,93
459100,93
459110,93
459121,95
459130,95
459140,95
459150,95
459161,95
459170,93
459181,93
459190,93
459200,93
459210,93
459220,95
459230,95
459241,95
459250,95
459262,93
459270,93
459281,93
459290,93
459300,93
459311,93
459321,93
459330,93
459340,93
459350,93
459361,93
459371,93
459381,93
459390,93
459400,93
459410,93
459421,93
459430,93
459441,93
459451,93
459461,93
459470,93
459481,93
459490,93
459501,89
459511,89
459521,89
459530,89
459541,89
459551,93
459561,93
459571,93
459581,93
459591,93
459600,93
459611,93
459621,93
459630,93
459641,93
459651,93
459661,93
459671,93
459681,93
459691,93
459701,93
459710,93
459721,93
459731,93
459740,95
459750,95
459760,95
459770,95
459781,95
459790,95
459801,95
459810,95
459821,95
459831,95
459840,95
459850,95
459860,95
459870,95
459882,93
459890,93
459900,93
459910,93
459921,93
459931,93
459941,93
459950,93
459961,93
459970,93
459981,93
459991,93
460000,93
460010,93
460021,93
460030,91
460041,91
460050,91
460061,91
460072,93
460081,93
460090,93
460100,93
460110,93
460122,91
460130,91
460141,91
460150,91
460161,91
460170,93
460181,93
460190,93
460200,93
460210,93
460221,91
460231,91
460241,91
460250,91
460261,93
460270,93
460280,93
460290,93
460300,93
460312,93
460321,93
460330,93
460341,93
460350,93
460361,95
460370,95
460381,95
460390,95
460400,95
460410,93
460421,93
460430,93
460441,93
460450,93
460461,93
460470,93
460480,93
460490,93
460502,91
460510,91
460521,91
460530,91
460541,91
460551,93
460561,93
460570,93
460581,93
460590,93
460600,91
460611,91
460621,91
460630,91
460640,91
460650,93
460661,93
460670,93
460680,93
460691,93
460700,93
460710,93
460720,93
460730,93
460741,95
460750,95
460760,95
460770,95
460781,95
460790,95
460800,95
460810,95
460821,95
460830,95
460840,93
460851,93
460861,93
460870,93
460881,93
460890,93
460900,93
460910,93
460920,93
460932,93
460941,93
460950,93
460961,93
460970,93
460982,93
460990,93
461000,93
461010,93
461021,93
461031,95
461040,95
461050,95
461060,95
461070,95
461080,95
461092,95
461100,95
461110,95
461120,95
461130,99
461140,99
461150,99
461160,99
461172,95
461180,95
461190,95
461200,95
461210,95
461222,93
461230,93
461240,93
461251,93
461260,93
461272,93
461281,93
461290,93
461300,93
461310,93
461320,91
461332,91
461341,91
461350,91
461362,91
461370,91
461380,91
461390,91
461400,91
461411,89
461421,89
461430,89
461441,89
461451,89
461461,91
461471,91
461481,91
461491,91
461501,91
461511,91
461520,91
461531,91
461541,91
461550,93
461561,93
461571,93
461581,93
461591,93
461601,91
461611,91
461621,91
461631,91
461641,91
461651,93
461662,93
461671,93
461680,93
461691,93
461701,93
461711,93
461720,93
461731,93
461741,93
461751,93
461760,93
461770,93
461781,93
461792,93
461801,93
461811,93
461821,93
461831,93
461841,95
461851,95
461860,95
461870,95
461880,95
461891,93
461901,93
461910,93
461920,93
461930,93
461941,93
461950,93
461960,93
461970,93
461981,91
461990,91
462000,91
462010,91
462021,91
462030,93
462040,93
462050,93
462060,93
462070,93
462081,93
462091,93
462100,93
462110,93
462121,93
462130,93
462141,93
462150,93
462161,93
462171,93
462181,93
462190,93
462200,93
462210,93
462221,93
462230,93
462241,93
462250,93
462260,93
462270,93
462280,93
462290,93
462300,93
462310,93
462321,93
462331,93
462340,93
462350,93
462361,93
462370,93
462380,93
462390,93
462400,93
462411,93
462420,93
462430,93
462441,93
462450,93
462461,93
462470,93
462480,93
462490,93
462500,93
462510,95
462521,95
462530,95
462541,95
462550,95
462561,95
462571,95
462580,95
462590,95
462601,95
462610,95
462620,95
462630,95
462641,95
462651,95
462661,95
462670,95
462680,95
462690,95
462700,93
462710,93
462720,93
462730,93
462740,93
462750,93
462761,93
462770,93
462780,93
462791,93
462800,93
462810,93
462821,93
462830,93
462840,93
462850,93
462860,93
462870,93
462881,93
462891,93
462900,93
462910,93
462920,93
462930,93
462940,93
462950,93
462961,93
462970,93
462980,93
462990,95
463001,95
463010,95
463020,95
463030,95
463040,95
463050,95
463060,95
463070,95
463082,93
463090,93
463100,93
463110,93
463121,93
463131,91
463140,91
463150,91
463160,91
463170,91
463180,93
463191,93
463200,93
463210,93
463221,93
463230,91
463241,91
463250,91
463260,91
463271,93
463281,93
463290,93
463300,93
463310,93
463320,91
463330,91
463340,91
463350,91
463361,91
463370,93
463381,93
463390,93
463400,93
463411,91
463420,91
463430,91
463440,91
463450,91
463461,87
463471,87
463481,87
463490,87
463500,87
463510,89
463521,89
463530,89
463540,89
463551,93
463560,93
463570,93
463580,93
463591,93
463601,93
463610,93
463620,93
463631,93
463640,93
463650,93
463660,93
463671,93
463681,93
463690,93
463700,93
463711,93
463721,93
463731,93
463741,93
463751,93
463760,93
463770,93
463781,93
463791,95
463800,95
463811,95
463821,95
463830,95
463841,93
463851,93
463861,93
463870,93
463881,93
463890,93
463901,93
463911,93
463921,93
463931,93
463941,93
463950,93
463960,93
463970,93
463981,93
463990,93
464000,93
464010,93
464020,93
464031,93
464041,93
464050,93
464060,93
464070,93
464080,95
464091,95
464100,95
464110,95
464120,95
464130,97
464140,97
464150,97
464160,97
464171,97
464180,97
464190,97
464200,97
464210,97
464222,93
464230,93
464241,93
464250,93
464260,93
464270,95
464280,95
464290,95
464300,95
464310,95
464320,91
464331,91
464340,91
464350,91
464360,91
464370,93
464380,93
464390,93
464400,93
464411,91
464420,91
464430,91
464440,91
464450,91
464461,93
464470,93
464481,93
464490,93
464500,93
464511,93
464520,93
464530,93
464540,93
464550,93
464560,95
464571,95
464580,95
464590,95
464600,95
464610,91
464620,91
464630,91
464640,91
464651,93
464660,93
464670,93
464681,93
464690,93
464701,93
464710,93
464720,93
464730,93
464740,93
464750,93
464760,93
464770,93
464780,93
464790,93
464800,93
464811,93
464820,93
464830,93
464841,91
464850,91
464860,91
464870,91
464881,91
464891,93
464900,93
464910,93
464921,93
464930,93
464940,93
464951,93
464961,93
464970,93
464980,93
464990,93
465000,93
465010,93
465020,93
465032,91
465041,91
465050,91
465060,91
465070,91
465081,93
465090,93
465100,93
465110,93
465121,93
465130,93
465142,93
465150,93
465161,93
465170,93
465180,93
465191,93
465200,93
465210,93
465221,93
465230,93
465241,93
465250,93
465260,93
465272,95
465280,95
465290,95
465300,95
465310,95
465321,93
465331,93
465340,93
465350,93
465361,93
465370,93
465382,93
465390,93
465401,93
465412,91
465420,91
465430,91
465441,91
465450,91
465461,93
465470,93
465481,93
465490,93
465500,93
465511,93
465521,93
465530,93
465540,93
465551,93
465561,95
465571,95
465582,95
465591,95
465601,95
465611,93
465621,93
465631,93
465641,93
465652,95
465661,95
465671,95
465681,95
465690,95
465701,93
465710,93
465721,93
465731,93
465741,93
465751,95
465760,95
465770,95
465781,95
465791,95
465801,97
465811,97
465821,97
465830,97
465841,97
465851,95
465860,95
465870,95
465881,95
465891,95
465901,95
465910,95
465921,95
465930,95
465941,95
465950,95
465960,95
465970,95
465981,95
465990,91
466000,91
466010,91
466021,91
466030,91
466040,95
466051,95
466060,95
466070,95
466081,95
466090,93
466100,93
466110,93
466120,93
466131,95
466140,95
466150,95
466160,95
466170,95
466180,95
466190,95
466200,95
466210,95
466220,95
466230,95
466241,95
466250,95
466260,95
466270,95
466281,93
466291,93
466300,93
466310,93
466321,93
466330,93
466340,93
466350,93
466361,93
466371,91
466380,91
466390,91
466400,91
466410,91
466420,93
466430,93
466441,93
466450,93
466460,93
466470,91
466481,91
466490,91
466500,91
466511,93
466521,93
466530,93
466540,93
466550,93
466561,93
466570,93
466580,93
466590,93
466600,93
466611,95
466620,95
466630,95
466641,95
466650,95
466660,95
466671,95
466681,95
466690,95
466700,95
466710,93
466721,93
466730,93
466740,93
466751,93
466761,93
466770,93
466780,93
466790,93
466801,93
466810,93
466820,93
466830,93
466840,93
466850,93
466861,93
466870,93
466880,93
466890,93
466900,91
466910,91
466920,91
466930,91
466942,89
466950,89
466960,89
466970,89
466980,89
466991,91
467000,91
467010,91
467020,91
467030,91
467040,93
467051,93
467060,93
467070,93
467080,93
467090,93
467100,93
467110,93
467120,93
467131,93
467140,93
467150,93
467160,93
467170,93
467181,93
467190,93
467200,93
467210,93
467220,93
467230,95
467241,95
467250,95
467260,95
467270,95
467280,93
467290,93
467300,93
467310,93
467320,95
467330,95
467340,95
467350,95
467360,95
467371,97
467380,97
467390,97
467400,97
467410,97
467421,97
467430,97
467440,97
467450,97
467460,97
467470,95
467481,95
467490,95
467500,95
467510,95
467520,93
467530,93
467540,93
467550,93
467561,93
467570,93
467580,93
467590,93
467600,93
467610,91
467620,91
467630,91
467640,91
467650,91
467660,91
467671,91
467680,91
467690,91
467701,89
467711,89
467720,89
467730,89
467741,89
467751,91
467761,91
467771,91
467780,91
467791,91
467801,93
467811,93
467820,93
467831,93
467841,93
467850,93
467861,93
467870,93
467880,93
467891,93
467900,93
467910,93
467920,93
467930,93
467941,93
467950,93
467960,93
467970,93
467981,93
467990,95
468000,95
468010,95
468021,95
468030,95
468040,93
468051,93
468061,93
468070,93
468081,93
468090,93
468100,93
468110,93
468121,93
468131,93
468140,93
468150,93
468160,93
468170,93
468181,93
468190,93
468200,93
468210,93
468220,93
468230,93
468241,93
468250,93
468260,93
468271,93
468280,93
468290,93
468300,93
468310,93
468321,93
468330,93
468340,93
468350,93
468360,93
468371,93
468380,93
468390,93
468400,93
468410,93
468420,93
468431,93
468440,93
468450,93
468460,93
468470,93
468481,93
468490,93
468500,93
468511,95
468520,95
468530,95
468540,95
468550,95
468561,93
468570,93
468580,93
468590,93
468600,93
468610,91
468621,91
468630,91
468640,91
468650,91
468660,89
468670,89
468680,89
468690,89
468702,93
468710,93
468720,93
468730,93
468740,93
468751,91
468760,91
468770,91
468780,91
468790,91
468800,93
468811,93
468820,93
468830,93
468840,93
468850,91
468860,91
468870,91
468880,91
468891,95
468900,95
468910,95
468920,95
468930,95
468941,91
468950,91
468960,91
468970,91
468980,91
468990,93
469001,93
469010,93
469020,93
469031,93
469040,93
469050,93
469060,93
469070,93
469082,97
469090,97
469100,97
469110,97
469120,97
469132,95
469140,95
469150,95
469160,95
469170,95
469181,97
469190,97
469200,97
469210,97
469220,97
469230,97
469241,97
469250,97
469260,97
469270,97
469280,97
469290,97
469300,97
469310,97
469321,93
469330,93
469340,93
469350,93
469360,93
469372,95
469380,95
469390,95
469401,95
469410,95
469420,89
469432,89
469441,89
469450,89
469460,89
469470,93
469481,93
469490,93
469500,93
469512,91
469521,91
469530,91
469540,91
469550,91
469561,93
469570,93
469580,93
469590,93
469601,93
469611,95
469621,95
469631,95
469641,95
469651,95
469661,95
469671,95
469681,95
469691,95
469700,95
469711,95
469720,95
469731,95
469741,95
469752,93
469761,93
469771,93
469780,93
469791,93
469801,91
469811,91
469821,91
469830,91
469841,91
469851,91
469861,91
469871,91
469881,91
469890,91
469900,93
469911,93
469921,93
469931,93
469941,91
469951,91
469960,91
469970,91
469980,91
469991,91
470000,91
470011,91
470021,91
470030,91
470040,91
470051,91
470060,91
470070,91
470080,91
470090,93
470101,93
470110,93
470121,93
470131,93
470140,93
470150,93
470161,93
470170,93
470181,95
470190,95
470200,95
470210,95
470220,95
470231,93
470240,93
470250,93
470260,93
470270,93
470280,93
470291,93
470300,93
470310,93
470321,91
470330,91
470340,91
470350,91
470360,91
470371,93
470380,93
470390,93
470400,93
470410,93
470421,93
470430,93
470440,93
470450,93
470460,93
470470,95
470481,95
470490,95
470500,95
470510,95
470520,95
470531,95
470540,95
470550,95
470561,95
470570,95
470580,95
470590,95
470600,95
470611,95
470620,95
470630,95
470640,95
470650,95
470661,93
470670,93
470680,93
470690,93
470700,93
470710,93
470721,93
470730,93
470740,93
470751,91
470760,91
470770,91
470780,91
470790,91
470801,93
470810,93
470820,93
470830,93
470840,93
470851,91
470860,91
470870,91
470880,91
470890,91
470900,93
470911,93
470920,93
470930,93
470941,91
470950,91
470960,91
470970,91
470980,91
470991,95
471000,95
471010,95
471020,95
471030,95
471041,93
471050,93
471060,93
471071,93
471080,93
471090,93
471101,93
471111,93
471120,93
471130,93
471140,91
471150,91
471160,91
471170,91
471181,95
471190,95
471200,95
471210,95
471220,95
471231,93
471240,93
471250,93
471260,93
471270,93
471280,93
471291,93
471300,93
471310,93
471320,93
471330,93
471341,93
471350,93
471360,93
471372,93
471380,93
471390,93
471400,93
471411,93
471421,93
471430,93
471440,93
471450,93
471460,93
471471,93
471480,93
471490,93
471500,93
471511,93
471520,93
471531,93
471540,93
471550,93
471561,93
471570,93
471580,93
471590,93
471600,93
471610,91
471620,91
471630,91
471640,91
471650,91
471660,91
471670,91
471680,91
471690,91
471700,91
471710,93
471721,93
471730,93
471740,93
471751,95
471760,95
471771,95
471781,95
471791,95
471801,97
471811,97
471820,97
471831,97
471840,97
471851,97
471861,97
471871,97
471881,97
471890,97
471900,95
471911,95
471921,95
471931,95
471940,95
471950,95
471961,95
471970,95
471980,95
471990,95
472000,95
472010,95
472020,95
472030,95
472041,95
472050,95
472060,95
472070,95
472080,95
472091,97
472100,97
472111,97
472120,97
472130,97
472140,95
472151,95
472161,95
472170,95
472180,95
472190,93
472201,93
472210,93
472220,93
472232,91
472240,91
472250,91
472260,91
472271,91
472281,93
472291,93
472300,93
472310,93
472320,93
472330,91
472341,91
472350,91
472360,91
472370,91
472380,93
472391,93
472400,93
472410,93
472422,91
472430,91
472440,91
472450,91
472460,91
472471,93
472480,93
472491,93
472500,93
472511,93
472520,91
472531,91
472540,91
472550,91
472560,91
472570,93
472580,93
472590,93
472600,93
472611,91
472620,91
472630,91
472640,91
472650,91
472661,93
472670,93
472680,93
472690,93
472700,93
472710,91
472721,91
472730,91
472740,91
472751,93
472760,93
472770,93
472780,93
472790,93
472802,93
472810,93
472820,93
472830,93
472840,93
472851,93
472860,93
472870,93
472880,93
472890,93
472900,95
472911,95
472921,95
472930,95
472940,95
472950,95
472961,95
472970,95
472980,95
472991,95
473000,95
473010,95
473020,95
473030,95
473041,93
473050,93
473060,93
473071,93
473080,93
473090,95
473100,95
473110,95
473120,95
473130,95
473140,95
473151,95
473160,95
473170,95
473180,95
473190,95
473200,95
473210,95
473220,95
473232,97
473240,97
473250,97
473260,97
473270,97
473282,95
473290,95
473300,95
473310,95
473321,95
473331,95
473340,95
473350,95
473360,95
473370,95
473380,93
473391,93
473400,93
473410,93
473422,93
473430,91
473441,91
473450,91
473460,91
473472,93
473481,93
473490,93
473500,93
473510,93
473522,91
473530,91
473540,91
473550,91
473561,91
473570,93
473582,93
473590,93
473601,93
473610,93
473620,91
473631,91
473641,91
473651,91
473661,93
473671,93
473681,93
473690,93
473701,93
473712,95
473721,95
473731,95
473741,95
473751,95
473761,95
473771,95
473781,95
473791,95
473801,95
473810,93
473820,93
473831,93
473841,93
473850,93
473861,93
473871,93
473881,93
473891,93
473902,91
473911,91
473921,91
473931,91
473941,91
473950,91
473961,91
473971,91
473980,91
473990,91
474000,91
474011,91
474020,91
474030,91
474041,93
474050,93
474061,93
474070,93
474080,93
474091,93
474100,93
474111,93
474121,93
474130,93
474141,93
474150,93
474161,93
474170,93
474181,93
474190,93
474201,93
474210,93
474221,93
474230,93
474241,95
474251,95
474261,95
474271,95
474281,93
474290,93
474300,93
474310,93
474321,93
474331,93
474340,93
474350,93
474360,93
474370,93
474380,91
474391,91
474400,91
474410,91
474420,91
474430,93
474441,93
474450,93
474460,93
474470,93
474480,97
474490,97
474500,97
474510,97
474520,95
474530,95
474540,95
474550,95
474560,95
474571,97
474580,97
474590,97
474600,97
474610,97
474620,95
474630,95
474640,95
474650,95
474660,95
474671,93
474681,93
474690,93
474700,93
474712,93
474720,93
474730,93
474740,93
474750,93
474760,93
474770,93
474780,93
474790,93
474800,93
474811,97
474820,97
474830,97
474840,97
474850,97
474860,99
474870,99
474880,99
474890,99
474900,99
474911,95
474921,95
474930,95
474940,95
474950,95
474960,93
474971,93
474980,93
474990,93
475001,93
475010,93
475020,93
475030,93
475040,93
475051,93
475060,93
475070,93
475080,93
475090,93
475101,93
475110,93
475120,93
475130,93
475140,93
475150,97
475161,97
475170,97
475180,97
475190,97
475200,95
475211,95
475220,95
475230,95
475240,95
475250,95
475260,95
475270,95
475280,95
475291,93
475300,93
475310,93
475320,93
475330,93
475341,91
475350,91
475360,91
475370,91
475380,91
475390,93
475400,93
475410,93
475420,93
475432,91
475440,91
475450,91
475460,91
475470,91
475481,93
475490,93
475500,93
475510,93
475520,93
475530,91
475542,91
475550,91
475560,91
475570,91
475580,91
475591,91
475600,91
475610,91
475621,89
475630,89
475640,89
475650,89
475660,89
475670,83
475680,83
475690,83
475700,83
475710,83
475720,89
475732,89
475740,89
475750,89
475761,91
475770,91
475780,91
475790,91
475800,91
475811,93
475820,93
475831,93
475840,93
475851,93
475861,95
475871,95
475881,95
475891,95
475900,95
475911,95
475921,95
475931,95
475941,95
475950,95
475961,95
475970,95
475981,95
475990,95
476002,95
476010,95
476020,95
476030,95
476041,95
476051,93
476060,93
476070,93
476080,93
476090,93
476100,93
476111,93
476120,93
476130,93
476140,93
476150,93
476161,93
476170,93
476180,93
476191,95
476200,95
476210,95
476220,95
476230,95
476241,93
476250,93
476260,93
476270,93
476280,93
476291,95
476300,95
476310,95
476320,95
476330,95
476340,93
476350,93
476360,93
476370,93
476380,93
476390,95
476400,95
476410,95
476420,95
476431,91
476440,91
476450,91
476460,91
476470,91
476480,91
476490,91
476500,91
476510,91
476520,91
476530,91
476541,91
476550,91
476560,91
476571,91
476580,93
476590,93
476600,93
476610,93
476621,93
476630,93
476640,93
476650,93
476660,93
476671,97
476680,97
476690,97
476700,97
476710,97
476720,95
476730,95
476740,95
476750,95
476760,95
476770,95
476781,95
476790,95
476800,95
476811,95
476820,95
476830,95
476840,95
476850,95
476861,93
476870,93
476880,93
476890,93
476900,93
476911,95
476920,95
476930,95
476940,95
476950,95
476960,93
476971,93
476980,93
476990,93
477000,93
477010,93
477021,93
477030,93
477040,93
477051,93
477060,93
477070,93
477080,93
477090,93
477101,93
477110,93
477120,93
477130,93
477140,93
477150,93
477160,93
477170,93
477180,93
477190,93
477200,95
477211,95
477220,95
477230,95
477241,95
477250,93
477260,93
477270,93
477280,93
477291,95
477300,95
477310,95
477320,95
477330,95
477341,93
477350,93
477360,93
477370,93
477380,93
477390,93
477400,93
477410,93
477420,93
477432,93
477441,93
477450,93
477460,93
477470,93
477482,93
477490,93
477500,93
477510,93
477520,93
477532,95
477540,95
477550,95
477560,95
477570,95
477580,93
477592,93
477601,93
477610,93
477620,93
477630,93
477642,93
477650,93
477660,93
477671,93
477681,93
477691,93
477701,93
477710,93
477721,95
477731,95
477741,95
477751,95
477761,95
477771,93
477781,93
477791,93
477801,93
477811,93
477820,93
477831,93
477841,93
477851,93
477861,93
477871,93
477881,93
477891,93
477900,93
477911,93
477920,93
477931,93
477941,93
477950,93
477961,89
477971,89
477980,89
477991,89
478000,87
478010,87
478020,87
478031,87
478041,87
478051,89
478060,89
478071,89
478080,89
478091,89
478101,93
478110,93
478120,93
478131,93
478140,93
478150,93
478161,93
478170,93
478180,93
478190,93
478200,95
478210,95
478220,95
478230,95
478240,93
478250,93
478260,93
478270,93
478280,93
478291,95
478301,95
478310,95
478320,95
478330,95
478340,93
478351,93
478360,93
478370,93
478380,93
478390,95
478400,95
478410,95
478420,95
478431,93
478440,93
478450,93
478460,93
478470,93
478481,95
478490,95
478500,95
478510,95
478520,95
478531,91
478540,91
478550,91
478560,91
478570,91
478580,95
478591,95
478600,95
478610,95
478620,95
478630,93
478640,93
478650,93
478660,93
478671,95
478680,95
478690,95
478701,95
478710,95
478721,95
478730,95
478740,95
478750,95
478760,95
478770,93
478780,93
478790,93
478800,93
478810,93
478820,95
478831,95
478840,95
478850,95
478861,93
478870,93
478880,93
478890,93
478901,93
478911,93
478920,93
478930,93
478940,93
478950,93
478961,93
478970,93
478980,93
478990,93
479001,93
479010,93
479021,93
479030,93
479040,93
479050,93
479060,93
479071,93
479080,93
479090,93
479102,93
479110,93
479120,93
479130,93
479140,93
479151,93
479160,93
479170,93
479180,93
479190,93
479200,93
479210,93
479220,93
479230,93
479240,93
479250,93
479261,93
479270,93
479280,93
479291,91
479301,91
479310,91
479320,91
479330,91
479341,91
479350,91
479360,91
479370,91
479380,91
479390,91
479401,91
479410,91
479420,91
479430,91
479440,93
479450,93
479460,93
479470,93
479480,95
479490,95
479500,95
479510,95
479520,95
479531,95
479540,95
479550,95
479560,95
479570,95
479581,95
479590,95
479600,95
479610,95
479620,95
479630,95
479641,95
479650,95
479660,95
479670,95
479680,93
479691,93
479701,93
479710,93
479721,91
479730,91
479740,91
479750,91
479760,91
479771,89
479780,89
479790,89
479800,89
479810,89
479820,93
479830,93
479840,93
479850,93
479860,93
479871,91
479880,91
479890,91
479901,91
479910,95
479920,95
479930,95
479941,95
479951,95
479961,95
479971,95
479981,95
479991,95
480001,95
480011,95
480021,95
480031,95
480040,95
480050,95
480060,93
480071,93
480081,93
480091,93
480101,93
480110,91
480120,91
480130,91
480140,91
480151,91
480160,91
480170,91
480180,91
480190,91
480201,91
480210,91
480220,91
480230,91
480240,91
480250,93
480261,93
480270,93
480280,93
480290,93
480300,91
480310,91
480320,91
480330,91
480341,93
480350,93
480360,93
480370,93
480380,93
480391,93
480400,93
480410,93
480420,93
480430,93
480440,95
480451,95
480460,95
480470,95
480480,95
480490,95
480500,95
480510,95
480520,95
480531,95
480540,95
480550,95
480560,95
480570,95
480581,95
480590,95
480600,95
480610,95
480620,95
480631,93
480640,93
480650,93
480660,93
480670,93
480680,93
480691,93
480700,93
480710,93
480721,91
480730,91
480740,91
480750,91
480760,91
480771,93
480780,93
480790,93
480800,93
480810,93
480820,91
480830,91
480840,91
480850,91
480860,91
480870,93
480881,93
480890,93
480900,93
480911,93
480920,93
480930,93
480940,93
480950,93
480960,95
480970,95
480980,95
480990,95
481000,95
481011,95
481020,95
481030,95
481040,95
481050,95
481060,95
481070,95
481080,95
481090,95
481100,95
481110,95
481121,95
481130,95
481140,95
481151,95
481160,93
481170,93
481180,93
481190,93
481202,93
481210,93
481220,93
481230,93
481240,93
481251,93
481260,93
481270,93
481280,93
481290,93
481300,93
481312,93
481320,93
481330,93
481340,93
481350,91
481360,91
481370,91
481380,91
481392,93
481400,93
481410,93
481420,93
481430,93
481442,93
481450,93
481462,93
481470,93
481480,93
481490,95
481500,95
481510,95
481520,95
481530,95
481540,93
481551,93
481561,93
481570,93
481582,93
481590,93
481601,93
481610,93
481620,93
481632,91
481641,91
481650,91
481660,91
481670,91
481680,93
481690,93
481700,93
481710,93
481721,93
481730,95
481741,95
481750,95
481761,95
481770,95
481780,95
481791,95
481801,95
481810,95
481821,91
481831,91
481841,91
481851,91
481861,91
481871,93
481881,93
481891,93
481901,93
481911,93
481921,91
481931,91
481941,91
481951,91
481960,87
481971,87
481981,87
481991,87
482001,87
482011,89
482021,89
482031,89
482041,89
482050,89
482061,93
482071,93
482081,93
482091,93
482100,93
482110,91
482121,91
482130,91
482141,91
482151,93
482161,93
482170,93
482180,93
482190,93
482200,91
482210,91
482220,91
482230,91
482241,91
482250,93
482261,93
482270,93
482280,93
482290,93
482300,95
482311,95
482320,95
482330,95
482340,97
482350,97
482360,97
482370,97
482380,97
482391,97
482400,97
482410,97
482420,97
482430,97
482440,97
482450,97
482460,97
482470,97
482480,97
482490,93
482500,93
482510,93
482520,93
482531,93
482540,93
482550,93
482560,93
482570,93
482581,89
482590,89
482601,89
482610,89
482620,89
482631,93
482640,93
