timestamp,data_value
0,95
10,95
20,97
30,97
38,97
50,97
60,97
70,99
79,99
89,99
99,99
108,99
118,99
129,99
139,99
150,99
158,99
169,99
178,99
189,99
199,97
208,97
219,97
228,97
238,95
249,95
259,95
269,95
280,97
289,97
299,97
309,97
319,97
329,97
338,97
349,97
359,97
368,99
379,99
389,99
399,99
409,97
419,97
429,97
438,97
449,97
459,99
469,99
479,99
489,99
499,95
508,95
519,95
528,95
539,97
549,97
559,97
568,97
579,97
589,95
599,95
609,95
619,95
630,101
638,101
648,101
659,101
669,101
678,97
688,97
699,97
709,97
719,101
729,101
739,101
749,101
760,99
769,99
779,99
789,99
799,99
809,97
819,97
829,97
838,97
849,95
859,95
870,95
879,95
889,95
899,95
909,95
919,95
929,95
939,93
949,93
959,93
968,93
979,97
989,97
998,97
1009,97
1019,93
1029,93
1038,93
1049,93
1059,97
1069,97
1079,97
1088,97
1099,97
1109,95
1118,95
1128,95
1139,95
1150,101
1159,101
1168,101
1180,101
1190,101
1198,103
1208,103
1220,103
1230,103
1238,103
1250,103
1260,103
1270,103
1280,101
1289,101
1300,101
1309,101
1319,101
1328,101
1338,101
1349,101
1359,101
1369,93
1379,93
1389,93
1399,93
1410,93
1419,93
1429,93
1438,93
1449,93
1459,93
1469,93
1479,93
1490,93
1499,95
1508,95
1518,95
1528,95
1539,95
1549,95
1559,95
1568,95
1579,95
1588,97
1598,97
1609,97
1619,97
1628,95
1638,95
1648,95
1659,95
1669,97
1678,97
1688,97
1699,97
1709,97
1719,97
1728,97
1739,97
1749,97
1759,99
1768,99
1779,99
1788,99
1799,103
1809,103
1819,103
1829,103
1838,103
1848,99
1859,99
1868,99
1878,99
1888,95
1899,95
1909,95
1918,95
1929,95
1938,95
1949,95
1959,95
1968,95
1979,95
1989,95
1998,95
2009,95
2019,95
2029,95
2039,95
2049,95
2059,93
2068,93
2078,93
2088,93
2099,93
2109,95
2118,95
2128,95
2139,95
2150,95
2158,95
2168,95
2179,95
2189,95
2198,99
2208,99
2218,99
2229,99
2238,99
2248,99
2259,99
2269,99
2280,101
2288,101
2299,101
2308,101
2318,101
2329,95
2339,95
2350,95
2360,95
2368,99
2380,99
2388,99
2398,99
2410,97
2420,97
2428,97
2438,97
2448,97
2460,95
2470,95
2478,95
2488,95
2499,93
2509,93
2519,93
2529,93
2540,97
2549,97
2559,97
2569,97
2579,97
2588,103
2599,103
2608,103
2618,103
2630,101
2638,101
2649,101
2659,101
2668,101
2679,99
2688,99
2699,99
2708,99
2719,95
2730,95
2739,95
2749,95
2760,95
2769,95
2778,95
2788,95
2798,95
2808,95
2819,95
2828,95
2838,95
2849,101
2859,101
2869,101
2878,101
2889,101
2899,101
2908,101
2919,101
2928,101
2938,99
2949,99
2959,99
2968,99
2980,99
2988,99
2998,99
3008,99
3019,99
3028,99
3038,99
3048,99
3059,99
3068,95
3079,95
3088,95
3099,95
3110,97
3119,97
3128,97
3139,97
3149,93
3159,93
3168,93
3179,93
3188,93
3198,97
3209,97
3219,97
3228,97
3238,93
3248,93
3259,93
3270,93
3280,99
3288,99
3299,99
3309,99
3319,99
3328,95
3340,95
3349,95
3359,95
3370,99
3379,99
3389,99
3398,99
3409,99
3418,99
3428,99
3438,99
3448,99
3459,103
3470,103
3478,103
3488,103
3500,97
3509,97
3518,97
3529,97
3539,97
3550,97
3558,97
3569,97
3578,97
3588,95
3598,95
3610,95
3618,95
3630,97
3638,97
3648,97
3660,97
3670,97
3678,97
3688,97
3700,97
3709,97
3719,97
3729,97
3739,97
3749,97
3759,97
3768,97
3779,97
3788,97
3799,97
3809,97
3819,97
3828,97
3839,97
3849,99
3859,99
3868,99
3879,99
3889,101
3899,101
3909,101
3919,101
3928,101
3938,99
3950,99
3958,99
3968,99
3978,95
3990,95
3998,95
4008,95
4019,95
4028,95
4039,95
4048,95
4059,95
4068,93
4078,93
4088,93
4098,93
4108,95
4119,95
4128,95
4138,95
4150,95
4159,95
4168,95
4178,95
4188,95
4198,97
4208,97
4218,97
4229,97
4238,95
4249,95
4259,95
4268,95
4280,99
4288,99
4299,99
4309,99
4319,99
4328,97
4338,97
4349,97
4358,97
4369,97
4379,97
4389,97
4399,97
4410,97
4419,97
4429,97
4439,97
4448,97
4459,97
4468,97
4478,97
4488,97
4498,97
4509,97
4518,97
4528,97
4539,101
4549,101
4558,101
4568,101
4578,101
4589,99
4598,99
4608,99
4618,99
4628,101
4639,101
4648,101
4659,101
4670,99
4678,99
4688,99
4698,99
4708,99
4718,99
4728,99
4738,99
4749,99
4759,99
4770,99
4778,99
4788,99
4800,101
4808,101
4818,101
4828,101
4838,101
4848,97
4860,97
4870,97
4878,97
4888,99
4900,99
4908,99
4919,99
4930,93
4938,93
4949,93
4959,93
4969,89
4979,89
4989,89
4999,89
5009,89
5019,93
5029,93
5038,93
5049,93
5059,97
5069,97
5078,97
5088,97
5100,97
5108,97
5119,97
5128,97
5138,97
5148,101
5159,101
5168,101
5178,101
5188,99
5199,99
5208,99
5218,99
5230,103
5238,103
5248,103
5258,103
5268,103
5278,101
5288,101
5299,101
5308,101
5319,101
5328,101
5338,101
5349,101
5360,95
5368,95
5378,95
5388,95
5398,95
5408,99
5420,99
5428,99
5438,99
5449,95
5458,95
5468,95
5479,95
5490,97
5498,97
5508,97
5518,97
5528,97
5538,97
5550,97
5559,97
5568,97
5579,97
5588,97
5599,97
5609,97
5619,97
5629,103
5638,103
5649,103
5659,103
5670,103
5679,103
5688,103
5698,103
5709,101
5719,101
5729,101
5738,101
5748,101
5759,101
5769,101
5778,101
5788,101
5800,99
5808,99
5818,99
5828,99
5839,97
5848,97
5858,97
5868,97
5879,97
5888,93
5900,93
5908,93
5919,93
5929,93
5938,93
5948,93
5958,93
5969,93
5978,93
5988,93
5998,93
6008,93
6018,97
6030,97
6039,97
6048,97
6060,97
6070,97
6078,97
6088,97
6100,101
6108,101
6119,101
6128,101
6140,101
6149,99
6159,99
6169,99
6179,99
6189,99
6199,99
6209,99
6219,99
6229,99
6239,99
6249,99
6259,99
6269,99
6278,97
6288,97
6298,97
6308,97
6318,95
6329,95
6338,95
6348,95
6360,95
6368,95
6378,95
6388,95
6398,95
6408,95
6419,95
6428,95
6439,95
6449,99
6459,99
6468,99
6479,99
6490,101
6499,101
6508,101
6519,101
6528,101
6538,101
6549,101
6558,101
6568,101
6580,101
6588,101
6598,101
6608,101
6620,99
6628,99
6638,99
6648,99
6658,99
6668,101
6678,101
6688,101
6699,101
6710,99
6719,99
6728,99
6738,99
6748,99
6758,101
6768,101
6779,101
6789,101
6799,99
6809,99
6819,99
6828,99
6840,99
6848,99
6858,99
6868,99
6879,99
6888,97
6898,97
6908,97
6918,97
6929,99
6940,99
6948,99
6958,99
6969,97
6978,97
6988,97
6998,97
7008,97
7018,97
7028,97
7038,97
7048,97
7059,101
7068,101
7078,101
7088,101
7099,101
7108,103
7118,103
7128,103
7138,103
7149,105
7159,105
7169,105
7179,105
7189,103
7198,103
7208,103
7218,103
7228,103
7238,99
7250,99
7258,99
7268,99
7278,97
7288,97
7300,97
7308,97
7320,95
7328,95
7339,95
7350,95
7359,95
7369,91
7379,91
7389,91
7399,91
7409,93
7419,93
7428,93
7439,93
7449,95
7458,95
7469,95
7479,95
7488,95
7499,93
7508,93
7519,93
7528,93
7539,99
7549,99
7558,99
7568,99
7579,99
7588,99
7598,99
7608,99
7618,99
7628,101
7638,101
7648,101
7658,101
7670,101
7679,101
7688,101
7699,101
7710,101
7719,101
7728,101
7738,101
7748,101
7758,97
7769,97
7778,97
7789,97
7799,99
7808,99
7818,99
7828,99
7839,99
7849,97
7858,97
7868,97
7879,97
7888,97
7899,97
7908,97
7919,97
7930,95
7938,95
7948,95
7959,95
7968,95
7978,95
7989,95
7998,95
8009,95
8019,99
8030,99
8039,99
8048,99
8059,99
8068,99
8079,99
8089,99
8099,99
8108,101
8118,101
8128,101
8138,101
8150,101
8159,101
8168,101
8178,101
8188,101
8198,101
8208,101
8218,101
8228,101
8239,99
8250,99
8258,99
8268,99
8279,97
8288,97
8298,97
8308,97
8320,87
8328,87
8338,87
8348,87
8359,87
8368,91
8379,91
8388,91
8399,91
8410,93
8418,93
8428,93
8439,93
8450,97
8458,97
8468,97
8479,97
8488,97
8500,101
8510,101
8519,101
8528,101
8539,109
8550,109
8560,109
8569,109
8579,109
8589,109
8599,109
8608,109
8619,109
8629,103
8638,103
8648,103
8659,103
8669,97
8678,97
8688,97
8699,97
8708,97
8719,97
8728,97
8738,97
8748,97
8759,91
8768,91
8778,91
8788,91
8799,95
8808,95
8818,95
8828,95
8839,95
8848,95
8859,95
8868,95
8878,95
8889,103
8898,103
8908,103
8918,103
8928,103
8938,101
8948,101
8959,101
8968,101
8979,99
8988,99
8999,99
9009,99
9019,99
9028,99
9038,99
9048,99
9058,99
9068,97
9079,97
9088,97
9099,97
9109,99
9119,99
9128,99
9138,99
9150,97
9159,97
9168,97
9178,97
9188,97
9198,93
9208,93
9218,93
9229,93
9239,95
9249,95
9259,95
9268,95
9279,95
9288,95
9298,95
9309,95
9319,95
9328,97
9339,97
9348,97
9359,97
9369,99
9378,99
9388,99
9398,99
9408,99
9418,101
9428,101
9438,101
9448,101
9458,101
9470,101
9478,101
9488,101
9501,99
9508,99
9518,99
9528,99
9538,99
9548,99
9559,99
9568,99
9578,99
9588,99
9599,99
9608,99
9618,99
9629,97
9638,97
9648,97
9658,97
9668,97
9678,97
9688,97
9698,97
9708,97
9719,97
9728,97
9738,97
9748,97
9759,101
9770,101
9780,101
9789,101
9799,101
9809,99
9818,99
9829,99
9839,99
9849,99
9859,99
9869,99
9879,99
9889,99
9899,99
9908,99
9919,99
9928,99
9938,97
9948,97
9959,97
9968,97
9978,93
9990,93
9998,93
10008,93
10019,97
10028,97
10038,97
10048,97
10058,97
10068,95
10078,95
10088,95
10099,95
10110,97
10119,97
10128,97
10139,97
10149,97
10159,97
10168,97
10178,97
10188,97
10198,101
10208,101
10218,101
10228,101
10238,97
10248,97
10258,97
10268,97
10279,99
10288,99
10298,99
10308,99
10319,99
10328,95
10338,95
10348,95
10359,95
10369,97
10379,97
10388,97
10398,97
10410,95
10419,95
10429,95
10439,95
10448,95
10458,97
10468,97
10479,97
10488,97
10499,95
10510,95
10519,95
10529,95
10540,99
10548,99
10558,99
10568,99
10578,99
10588,97
10598,97
10608,97
10618,97
10628,99
10639,99
10648,99
10658,99
10670,97
10679,97
10688,97
10698,97
10708,97
10719,103
10728,103
10738,103
10748,103
10758,97
10769,97
10778,97
10788,97
10799,101
10808,101
10818,101
10828,101
10839,101
10848,95
10858,95
10868,95
10879,95
10888,99
10900,99
10908,99
10920,99
10930,97
10938,97
10948,97
10958,97
10968,97
10980,97
10989,97
11000,97
11009,97
11019,97
11030,97
11039,97
11048,97
11059,99
11068,99
11079,99
11088,99
11099,99
11108,99
11118,99
11128,99
11138,99
11149,101
11159,101
11168,101
11178,101
11189,103
11198,103
11208,103
11218,103
11228,103
11239,101
11249,101
11259,101
11269,101
11279,99
11288,99
11298,99
11308,99
11318,97
11328,97
11338,97
11348,97
11358,97
11368,97
11378,97
11388,97
11398,97
11408,97
11418,97
11428,97
11438,97
11449,97
11458,97
11468,97
11478,97
11488,97
11499,97
11509,97
11518,97
11528,97
11540,97
11548,97
11558,97
11568,97
11578,97
11588,99
11598,99
11608,99
11619,99
11629,101
11638,101
11649,101
11659,101
11670,103
11679,103
11688,103
11699,103
11708,103
11718,101
11729,101
11738,101
11748,101
11758,97
11768,97
11778,97
11788,97
11800,95
11808,95
11818,95
11828,95
11838,95
11848,93
11859,93
11868,93
11878,93
11888,93
11900,93
11908,93
11919,93
11929,91
11938,91
11948,91
11958,91
11968,91
11978,93
11988,93
11998,93
12008,93
12019,95
12028,95
12038,95
12048,95
12059,99
12068,99
12079,99
12090,99
12100,99
12108,101
12120,101
12130,101
12138,101
12150,103
12158,103
12168,103
12178,103
12190,103
12199,105
12209,105
12218,105
12229,105
12239,101
12249,101
12259,101
12269,101
12279,97
12288,97
12299,97
12308,97
12319,97
12329,91
12338,91
12348,91
12358,91
12368,93
12379,93
12388,93
12398,93
12410,95
12418,95
12428,95
12438,95
12448,95
12458,99
12469,99
12479,99
12488,99
12500,97
12508,97
12519,97
12528,97
12538,97
12548,105
12558,105
12568,105
12578,105
12589,101
12599,101
12608,101
12618,101
12629,99
12639,99
12648,99
12658,99
12668,99
12679,93
12688,93
12698,93
12708,93
12719,95
12728,95
12738,95
12748,95
12758,95
12768,95
12778,95
12788,95
12798,95
12808,95
12820,95
12829,95
12839,95
12850,97
12858,97
12869,97
12878,97
12888,97
12898,95
12910,95
12919,95
12929,95
12940,97
12948,97
12958,97
12968,97
12978,97
12988,97
12999,97
13008,97
13018,97
13030,97
13039,97
13048,97
13058,97
13068,97
13079,97
13088,97
13098,97
13108,97
13118,99
13129,99
13138,99
13148,99
13158,99
13168,99
13178,99
13188,99
13198,99
13208,99
13218,99
13228,99
13239,99
13250,105
13258,105
13268,105
13278,105
13289,105
13300,105
13309,105
13319,105
13328,105
13338,105
13348,101
13358,101
13368,101
13378,101
13388,99
13400,99
13409,99
13420,99
13430,95
13439,95
13448,95
13458,95
13469,95
13479,97
13489,97
13499,97
13508,97
13520,95
13528,95
13538,95
13548,95
13559,95
13568,95
13579,95
13588,95
13598,95
13609,97
13618,97
13628,97
13639,97
13648,97
13658,97
13669,97
13678,97
13688,97
13700,99
13709,99
13719,99
13728,99
13738,99
13748,99
13759,99
13768,99
13778,99
13789,97
13798,97
13808,97
13818,97
13828,97
13838,99
13848,99
13858,99
13868,99
13879,95
13888,95
13899,95
13908,95
13918,95
13928,97
13938,97
13948,97
13958,97
13969,95
13978,95
13988,95
13998,95
14008,95
14018,99
14029,99
14038,99
14048,99
14059,97
14069,97
14079,97
14088,97
14099,97
14108,99
14119,99
14128,99
14138,99
14149,97
14158,97
14169,97
14178,97
14188,97
14198,101
14208,101
14218,101
14228,101
14240,101
14248,101
14258,101
14268,101
14278,101
14288,99
14299,99
14308,99
14318,99
14329,97
14338,97
14348,97
14359,97
14368,97
14378,99
14388,99
14398,99
14408,99
14419,95
14430,95
14438,95
14448,95
14460,91
14468,91
14479,91
14488,91
14499,91
14510,93
14519,93
14528,93
14538,93
14550,97
14559,97
14568,97
14578,97
14588,97
14598,97
14610,97
14619,97
14630,97
14639,99
14649,99
14659,99
14668,99
14679,99
14688,97
14699,97
14709,97
14718,97
14729,99
14738,99
14748,99
14759,99
14768,99
14778,99
14789,99
14798,99
14808,99
14820,97
14828,97
14838,97
14848,97
14858,97
14868,99
14879,99
14888,99
14899,99
14909,101
14919,101
14928,101
14938,101
14948,101
14959,101
14969,101
14978,101
14988,101
15000,99
15008,99
15018,99
15028,99
15039,99
15048,101
15059,101
15068,101
15079,101
15090,99
15098,99
15108,99
15118,99
15128,99
15138,99
15149,99
15159,99
15168,99
15180,99
15188,99
15198,99
15208,99
15218,99
15229,103
15239,103
15248,103
15259,103
15270,103
15278,99
15288,99
15298,99
15308,99
15318,97
15329,97
15339,97
15348,97
15359,93
15368,93
15378,93
15388,93
15398,93
15408,91
15419,91
15428,91
15439,91
15449,95
15459,95
15468,95
15479,95
15488,95
15498,95
15509,95
15518,95
15528,95
15539,99
15548,99
15559,99
15568,99
15578,99
15588,99
15599,99
15608,99
15618,99
15629,99
15639,99
15648,99
15659,99
15668,99
15679,99
15690,99
15699,99
15708,99
15721,97
15728,97
15738,97
15748,97
15759,97
15768,97
15780,97
15788,97
15798,97
15810,97
15820,97
15829,97
15839,97
15849,97
15860,93
15869,93
15879,93
15888,93
15899,95
15908,95
15919,95
15928,95
15938,95
15948,93
15959,93
15968,93
15978,93
15989,97
15998,97
16008,97
16018,97
16030,97
16039,99
16048,99
16059,99
16068,99
16078,99
16089,99
16099,99
16108,99
16119,97
16129,97
16139,97
16148,97
16159,97
16168,99
16179,99
16188,99
16198,99
16209,97
16218,97
16228,97
16238,97
16248,97
16259,99
16269,99
16278,99
16288,99
16299,101
16308,101
16318,101
16328,101
16338,101
16348,103
16359,103
16368,103
16378,103
16390,99
16398,99
16408,99
16418,99
16428,99
16438,99
16449,99
16459,99
16469,99
16478,95
16489,95
16499,95
16509,95
16519,95
16529,95
16538,95
16548,95
16558,95
16569,97
16578,97
16588,97
16598,97
16608,97
16618,97
16629,97
16638,97
16648,97
16660,97
16668,97
16679,97
16688,97
16699,97
16708,99
16719,99
16728,99
16738,99
16750,99
16758,99
16768,99
16778,99
16788,99
16798,99
16809,99
16818,99
16828,99
16839,103
16848,103
16859,103
16868,103
16878,103
16888,101
16900,101
16908,101
16919,101
16929,99
16938,99
16948,99
16958,99
16968,99
16978,99
16990,99
16998,99
17008,99
17019,97
17030,97
17039,97
17050,97
17059,97
17069,97
17079,97
17089,97
17099,97
17109,95
17118,95
17129,95
17139,95
17148,95
17158,95
17169,95
17178,95
17188,95
17199,93
17208,93
17218,93
17228,93
17238,93
17248,97
17259,97
17268,97
17279,97
17289,97
17299,101
17308,101
17319,101
17328,101
17339,99
17350,99
17358,99
17368,99
17378,99
17388,101
17398,101
17408,101
17418,101
17429,99
17438,99
17448,99
17459,99
17469,95
17479,95
17488,95
17498,95
17508,95
17518,91
17529,91
17538,91
17548,91
17558,91
17568,91
17578,91
17588,91
17598,91
17608,95
17619,95
17628,95
17639,95
17649,97
17659,97
17668,97
17679,97
17688,97
17699,97
17708,97
17719,97
17729,97
17740,99
17748,99
17759,99
17768,99
17778,99
17788,101
17799,101
17808,101
17818,101
17829,101
17839,101
17848,101
17859,101
17868,101
17879,99
17889,99
17898,99
17908,99
17920,97
17928,97
17939,97
17948,97
17959,97
17968,95
17979,95
17988,95
17998,95
18009,93
18019,93
18028,93
18039,93
18048,93
18059,93
18069,93
18079,93
18089,93
18101,95
18110,95
18119,95
18128,95
18140,95
18148,97
18160,97
18168,97
18178,97
18190,97
18198,97
18208,97
18218,97
18228,97
18239,97
18248,97
18260,97
18269,97
18279,97
18288,97
18298,97
18309,97
18318,97
18329,97
18339,97
18348,97
18358,97
18368,97
18379,97
18388,97
18398,97
18409,97
18418,97
18428,97
18439,97
18449,97
18458,97
18469,97
18478,97
18488,97
18500,97
18508,97
18519,97
18528,97
18538,97
18548,97
18560,97
18568,97
18578,97
18589,93
18598,93
18608,93
18618,93
18628,93
18638,95
18648,95
18659,95
18668,95
18678,97
18688,97
18699,97
18708,97
18718,99
18728,99
18738,99
18748,99
18758,99
18768,99
18779,99
18789,99
18798,99
18809,99
18818,99
18828,99
18838,99
18848,99
18859,99
18870,99
18878,99
18888,99
18900,101
18909,101
18918,101
18929,101
18939,101
18948,101
18959,101
18968,101
18978,101
18989,109
18998,109
19008,109
19018,109
19028,109
19038,103
19049,103
19059,103
19068,103
19079,101
19088,101
19099,101
19108,101
19118,101
19128,97
19139,97
19148,97
19158,97
19169,93
19178,93
19189,93
19198,93
19208,93
19218,93
19229,93
19238,93
19248,93
19261,93
19268,93
19279,93
19288,93
19299,93
19308,95
19319,95
19329,95
19338,95
19349,105
19358,105
19368,105
19378,105
19388,105
19398,101
19410,101
19418,101
19428,101
19440,99
19448,99
19459,99
19470,99
19479,99
19489,99
19499,99
19509,99
19519,99
19529,97
19538,97
19549,97
19559,97
19568,97
19578,95
19590,95
19598,95
19608,95
19620,93
19628,93
19638,93
19648,93
19658,93
19668,93
19678,93
19688,93
19699,93
19709,93
19719,93
19728,93
19739,93
19749,93
19759,97
19768,97
19778,97
19788,97
19800,99
19809,99
19818,99
19828,99
19838,99
19848,101
19859,101
19868,101
19879,101
19890,99
19898,99
19908,99
19919,99
19928,99
19938,101
19949,101
19959,101
19968,101
19979,97
19989,97
19998,97
20008,97
20018,97
20029,93
20039,93
20048,93
20058,93
20069,91
20078,91
20089,91
20098,91
20110,91
20119,91
20129,91
20139,91
20148,91
20159,91
20169,91
20178,91
20189,91
20199,95
20208,95
20218,95
20228,95
20239,95
20249,105
20258,105
20268,105
20279,105
20288,105
20298,107
20308,107
20319,107
20328,107
20339,103
20349,103
20359,103
20368,103
20379,97
20388,97
20398,97
20408,97
20418,97
20429,93
20439,93
20448,93
20458,93
20471,89
20479,89
20488,89
20499,89
20508,89
20519,91
20528,91
20538,91
20548,91
20560,91
20568,91
20578,91
20590,91
20598,91
20608,97
20620,97
20628,97
20639,97
20649,107
20658,107
20670,107
20679,107
20689,107
20699,107
20709,107
20719,107
20729,107
20739,103
20748,103
20758,103
20768,103
20778,103
20789,99
20799,99
20808,99
20818,99
20829,95
20839,95
20848,95
20858,95
20868,95
20879,91
20888,91
20899,91
20909,91
20918,91
20928,91
20938,91
20949,91
20959,91
20968,93
20978,93
20989,93
20998,93
21009,97
21018,97
21028,97
21038,97
21048,97
21058,105
21069,105
21078,105
21088,105
21099,101
21108,101
21119,101
21128,101
21139,101
21149,97
21158,97
21168,97
21178,97
21189,93
21199,93
21208,93
21218,93
21230,95
21238,95
21248,95
21258,95
21268,95
21278,91
21289,91
21300,91
21309,91
21319,93
21328,93
21339,93
21348,93
21358,93
21369,99
21379,99
21388,99
21398,99
21409,101
21418,101
21428,101
21438,101
21448,101
21458,101
21469,101
21478,101
21489,101
21499,101
21508,101
21519,101
21528,101
21538,101
21548,101
21559,101
21568,101
21578,101
21589,97
21598,97
21608,97
21618,97
21628,97
21638,89
21648,89
21658,89
21668,89
21679,91
21688,91
21698,91
21708,91
21719,91
21728,93
21739,93
21750,93
21758,93
21770,95
21778,95
21790,95
21798,95
21808,95
21818,97
21828,97
21838,97
21848,97
21860,99
21868,99
21879,99
21888,99
21898,99
21909,101
21919,101
21929,101
21938,101
21950,101
21959,101
21969,101
21978,101
21989,101
21998,101
22008,101
22018,101
22028,101
22039,97
22048,97
22058,97
22068,97
22078,97
22088,99
22099,99
22108,99
22119,99
22129,93
22139,93
22148,93
22158,93
22169,93
22178,93
22188,93
22198,93
22208,93
22219,91
22230,91
22238,91
22248,91
22260,97
22268,97
22279,97
22288,97
22298,97
22309,103
22319,103
22328,103
22338,103
22350,103
22359,103
22368,103
22378,103
22389,103
22398,99
22409,99
22418,99
22429,99
22439,93
22448,93
22458,93
22468,93
22479,93
22488,93
22498,93
22508,93
22519,93
22529,91
22538,91
22549,91
22559,91
22568,91
22578,91
22590,91
22598,91
22608,91
22620,97
22628,97
22639,97
22648,97
22658,97
22668,101
22679,101
22689,101
22698,101
22710,103
22719,103
22728,103
22738,103
22748,103
22759,107
22769,107
22778,107
22789,107
22799,103
22808,103
22818,103
22829,103
22839,103
22848,99
22859,99
22868,99
22878,99
22889,93
22898,93
22908,93
22919,93
22928,93
22938,91
22950,91
22958,91
22968,91
22980,93
22990,93
22998,93
23008,93
23018,93
23028,93
23038,93
23048,93
23058,93
23070,93
23079,93
23088,93
23100,93
23109,93
23119,93
23129,93
23139,93
23150,93
23158,99
23168,99
23178,99
23189,99
23198,99
23208,99
23218,99
23229,99
23239,99
23249,101
23259,101
23268,101
23278,101
23289,99
23298,99
23308,99
23319,99
23328,99
23338,99
23350,99
23359,99
23368,99
23380,99
23388,99
23398,99
23408,99
23418,99
23428,97
23439,97
23448,97
23458,97
23470,97
23478,97
23489,97
23499,97
23508,97
23519,97
23529,97
23539,97
23549,97
23559,95
23568,95
23578,95
23588,95
23598,95
23608,99
23619,99
23629,99
23638,99
23650,111
23658,111
23668,111
23679,111
23689,111
23699,105
23709,105
23719,105
23728,105
23740,99
23749,99
23758,99
23769,99
23779,99
23788,97
23799,97
23808,97
23818,97
23829,93
23838,93
23848,93
23858,93
23868,93
23879,93
23888,93
23899,93
23908,93
23920,93
23928,93
23938,93
23948,93
23958,93
23968,93
23978,93
23989,93
23998,93
24009,95
24018,95
24028,95
24038,95
24048,95
24058,99
24069,99
24078,99
24089,99
24099,97
24108,97
24119,97
24128,97
24138,97
24148,97
24158,97
24168,97
24178,97
24189,97
24198,97
24208,97
24218,97
24228,97
24238,99
24248,99
24258,99
24268,99
24280,97
24288,97
24300,97
24310,97
24319,95
24329,95
24338,95
24349,95
24358,95
24369,95
24379,95
24389,95
24399,95
24409,97
24418,97
24428,97
24438,97
24448,97
24458,95
24469,95
24478,95
24488,95
24499,97
24508,97
24519,97
24528,97
24539,97
24548,105
24558,105
24568,105
24578,105
24589,103
24598,103
24608,103
24618,103
24628,103
24638,99
24649,99
24658,99
24668,99
24680,95
24688,95
24698,95
24708,95
24719,95
24728,95
24739,95
24748,95
24759,95
24770,95
24778,95
24789,95
24798,95
24808,95
24818,95
24829,95
24839,95
24848,95
24860,97
24868,97
24879,97
24889,97
24898,97
24908,97
24919,97
24929,97
24939,97
24950,99
24959,99
24969,99
24979,99
24988,99
24998,99
25009,99
25018,99
25028,99
25040,99
25048,99
25058,99
25068,99
25079,99
25089,97
25099,97
25108,97
25119,97
25129,95
25138,95
25148,95
25159,95
25168,95
25178,93
25188,93
25198,93
25208,93
25219,95
25228,95
25238,95
25248,95
25258,95
25268,95
25278,95
25289,95
25298,95
25309,97
25319,97
25328,97
25338,97
25348,97
25359,95
25368,95
25378,95
25389,95
25400,95
25408,95
25418,95
25428,95
25438,95
25448,97
25458,97
25468,97
25479,97
25490,97
25498,97
25509,97
25519,97
25529,97
25539,97
25549,97
25559,97
25568,97
25578,99
25589,99
25598,99
25608,99
25619,99
25628,99
25638,99
25648,99
25658,99
25669,101
25678,101
25689,101
25698,101
25708,101
25718,99
25729,99
25739,99
25748,99
25758,99
25769,99
25778,99
25789,99
25800,99
25808,95
25818,95
25828,95
25838,95
25848,95
25859,95
25868,95
25879,95
25889,95
25899,95
25908,95
25919,95
25928,95
25938,95
25949,95
25958,95
25968,95
25979,93
25988,93
25998,93
26008,93
26018,93
26028,95
26039,95
26048,95
26058,95
26070,95
26078,95
26089,95
26099,95
26108,95
26119,99
26129,99
26138,99
26148,99
26159,97
26169,97
26178,97
26189,97
26198,97
26209,99
26218,99
26228,99
26238,99
26250,97
26258,97
26268,97
26278,97
26288,97
26299,97
26308,97
26319,97
26328,97
26339,97
26348,97
26358,97
26368,97
26378,97
26388,99
26398,99
26408,99
26418,99
26429,99
26438,99
26448,99
26458,99
26469,99
26478,99
26488,99
26499,99
26508,99
26519,97
26528,97
26538,97
26548,97
26559,97
26568,99
26578,99
26588,99
26598,99
26609,97
26620,97
26628,97
26639,97
26650,97
26658,97
26668,97
26678,97
26690,97
26700,99
26708,99
26719,99
26728,99
26740,99
26750,99
26759,99
26769,99
26778,99
26789,97
26798,97
26808,97
26818,97
26829,95
26838,95
26849,95
26858,95
26868,95
26879,97
26889,97
26899,97
26908,97
26919,97
26929,97
26938,97
26948,97
26958,97
26969,97
26978,97
26988,97
26998,97
27008,97
27018,97
27028,97
27039,97
27048,97
27059,95
27068,95
27078,95
27088,95
27099,95
27108,95
27119,95
27128,95
27138,95
27150,95
27159,95
27168,95
27178,95
27190,91
27198,91
27208,91
27218,91
27228,91
27239,93
27249,93
27258,93
27268,93
27280,95
27289,95
27298,95
27308,95
27319,95
27329,95
27340,95
27348,95
27359,95
27369,97
27379,97
27389,97
27399,97
27408,97
27418,97
27429,97
27439,97
27448,97
27460,101
27468,101
27479,101
27488,101
27498,101
27508,99
27518,99
27528,99
27539,99
27550,97
27559,97
27568,97
27578,97
27589,97
27598,91
27608,91
27618,91
27628,91
27639,87
27648,87
27658,87
27668,87
27678,87
27688,91
27698,91
27708,91
27718,91
27729,93
27739,93
27748,93
27759,93
27770,95
27778,95
27789,95
27798,95
27808,95
27820,101
27830,101
27840,101
27848,101
27860,99
27868,99
27879,99
27889,99
27898,99
27908,95
27920,95
27928,95
27940,95
27949,95
27959,95
27969,95
27979,95
27989,95
27999,95
28008,95
28019,95
28028,95
28038,95
28048,95
28059,95
28068,95
28078,95
28088,95
28099,95
28108,95
28118,95
28128,97
28139,97
28148,97
28159,97
28170,99
28178,99
28189,99
28198,99
28208,99
28219,99
28229,99
28239,99
28248,99
28259,99
28268,99
28279,99
28288,99
28298,99
28308,99
28319,99
28328,99
28338,99
28349,101
28358,101
28368,101
28378,101
28389,101
28398,97
28409,97
28418,97
28428,97
28440,97
28448,97
28458,97
28468,97
28479,97
28488,95
28499,95
28508,95
28519,95
28529,99
28539,99
28548,99
28558,99
28568,99
28579,99
28588,99
28598,99
28609,99
28619,97
28628,97
28638,97
28648,97
28658,97
28668,101
28679,101
28688,101
28699,101
28709,97
28718,97
28728,97
28738,97
28748,97
28758,97
28769,97
28778,97
28789,97
28800,93
28808,93
28818,93
28828,93
28838,93
28848,95
28859,95
28868,95
28878,95
28889,99
28899,99
28908,99
28919,99
28929,99
28939,95
28949,95
28958,95
28968,95
28980,99
28990,99
28998,99
29008,99
29018,99
29028,101
29039,101
29048,101
29058,101
29070,101
29078,101
29090,101
29099,101
29108,101
29119,99
29130,99
29138,99
29150,99
29159,99
29169,99
29178,99
29189,99
29198,99
29209,97
29219,97
29229,97
29238,97
29250,99
29258,99
29268,99
29279,99
29289,99
29299,99
29309,99
29319,99
29329,99
29339,97
29348,97
29358,97
29368,97
29378,97
29388,95
29398,95
29408,95
29418,95
29429,95
29439,95
29448,95
29458,95
29470,93
29479,93
29488,93
29499,93
29508,93
29518,95
29529,95
29538,95
29548,95
29560,95
29568,95
29578,95
29589,95
29598,95
29608,99
29619,99
29628,99
29639,99
29650,101
29658,101
29668,101
29679,101
29689,101
29698,101
29709,101
29719,101
29729,101
29739,101
29748,101
29759,101
29768,101
29778,101
29788,101
29800,101
29809,101
29818,101
29829,99
29839,99
29849,99
29859,99
29868,99
29878,97
29889,97
29898,97
29908,97
29920,95
29928,95
29938,95
29948,95
29959,95
29968,97
29979,97
29989,97
29998,97
30009,99
30018,99
30028,99
30039,99
30048,99
30058,99
30069,99
30079,99
30089,99
30099,97
30108,97
30118,97
30128,97
30138,97
30148,99
30159,99
30168,99
30178,99
30189,97
30198,97
30208,97
30218,97
30228,97
30239,97
30248,97
30258,97
30268,97
30280,95
30288,95
30298,95
30308,95
30319,95
30328,97
30338,97
30348,97
30359,97
30369,95
30380,95
30389,95
30400,95
30409,95
30418,97
30429,97
30439,97
30449,97
30460,97
30468,97
30478,97
30488,97
30499,99
30508,99
30519,99
30529,99
30539,99
30549,99
30559,99
30568,99
30578,99
30588,99
30598,99
30608,99
30618,99
30628,99
30638,97
30648,97
30658,97
30668,97
30679,97
30689,99
30698,99
30708,99
30719,99
30729,97
30739,97
30748,97
30758,97
30770,99
30778,99
30788,99
30798,99
30808,99
30819,97
30829,97
30839,97
30848,97
30859,95
30868,95
30879,95
30889,95
30899,95
30908,93
30919,93
30928,93
30938,93
30950,95
30958,95
30968,95
30978,95
30989,95
30998,99
31009,99
31019,99
31029,99
31038,101
31048,101
31059,101
31068,101
31079,101
31089,101
31099,101
31108,101
31119,101
31129,101
31138,101
31148,101
31158,101
31168,101
31179,97
31188,97
31198,97
31208,97
31219,97
31229,97
31239,97
31248,97
31258,97
31268,95
31279,95
31289,95
31299,95
31309,89
31318,89
31328,89
31338,89
31348,89
31358,91
31369,91
31378,91
31389,91
31399,95
31408,95
31418,95
31428,95
31439,95
31448,97
31458,97
31468,97
31478,97
31490,101
31499,101
31508,101
31518,101
31528,101
31540,105
31550,105
31558,105
31569,105
31579,103
31590,103
31599,103
31609,103
31619,103
31628,99
31639,99
31648,99
31659,99
31669,97
31678,97
31689,97
31699,97
31708,97
31719,93
31728,93
31738,93
31748,93
31758,93
31768,93
31778,93
31788,93
31798,93
31808,93
31818,93
31828,93
31839,93
31849,95
31858,95
31868,95
31878,95
31889,95
31899,97
31908,97
31919,97
31928,97
31939,99
31948,99
31958,99
31968,99
31978,99
31989,101
31998,101
32008,101
32018,101
32029,99
32039,99
32048,99
32058,99
32069,99
32079,97
32089,97
32098,97
32108,97
32119,97
32129,97
32138,97
32148,97
32158,95
32168,95
32178,95
32189,95
32198,95
32208,97
32219,97
32229,97
32238,97
32250,99
32258,99
32268,99
32279,99
32288,99
32300,101
32310,101
32319,101
32328,101
32339,101
32348,99
32359,99
32368,99
32378,99
32389,99
32399,99
32408,99
32418,99
32429,99
32439,99
32448,99
32458,99
32468,99
32478,99
32489,99
32498,99
32508,99
32519,99
32528,99
32539,99
32548,99
32559,99
32568,97
32579,97
32588,97
32598,97
32609,95
32618,95
32628,95
32639,95
32648,95
32658,97
32670,97
32679,97
32688,97
32701,97
32708,97
32720,97
32728,97
32738,97
32748,97
32760,97
32768,97
32778,97
32789,95
32800,95
32809,95
32819,95
32829,95
32839,97
32849,97
32859,97
32868,97
32880,97
32888,97
32899,97
32908,97
32919,97
32928,95
32939,95
32948,95
32959,95
32970,97
32978,97
32989,97
32998,97
33008,97
33018,97
33028,97
33039,97
33048,97
33059,95
33068,95
33079,95
33088,95
33099,93
33108,93
33119,93
33128,93
33138,93
33148,95
33159,95
33168,95
33178,95
33189,97
33198,97
33208,97
33218,97
33228,97
33238,99
33249,99
33258,99
33268,99
33280,99
33289,99
33299,99
33308,99
33319,99
33329,99
33339,99
33349,99
33358,99
33370,99
33378,99
33388,99
33398,99
33408,99
33418,97
33429,97
33439,97
33449,97
33460,97
33469,97
33478,97
33488,97
33499,97
33508,95
33519,95
33528,95
33538,95
33549,97
33559,97
33568,97
33578,97
33589,97
33598,97
33608,97
33618,97
33628,97
33638,99
33648,99
33658,99
33668,99
33679,99
33689,97
33699,97
33708,97
33718,97
33729,99
33739,99
33748,99
33759,99
33768,99
33778,99
33789,99
33798,99
33808,99
33819,101
33830,101
33839,101
33848,101
33858,101
33868,103
33879,103
33888,103
33899,103
33910,103
33918,103
33928,103
33938,103
33948,103
33959,99
33968,99
33978,99
33990,99
34000,99
34009,99
34018,99
34029,99
34039,99
34049,95
34060,95
34070,95
34078,95
34089,95
34099,95
34108,95
34118,95
34129,93
34138,93
34148,93
34159,93
34168,93
34178,97
34189,97
34199,97
34208,97
34218,97
34228,105
34239,105
34248,105
34258,105
34269,103
34279,103
34289,103
34299,103
34308,103
34318,99
34328,99
34338,99
34348,99
34359,95
34369,95
34379,95
34389,95
34399,93
34408,93
34418,93
34429,93
34438,93
34448,97
34460,97
34468,97
34478,97
34489,97
34498,97
34508,97
34519,97
34528,97
34539,99
34549,99
34559,99
34568,99
34579,97
34589,97
34599,97
34608,97
34618,97
34628,99
34638,99
34649,99
34659,99
34669,97
34679,97
34688,97
34699,97
34708,97
34719,99
34729,99
34739,99
34750,99
34759,97
34768,97
34778,97
34789,97
34799,97
34808,101
34819,101
34829,101
34838,101
34850,107
34858,107
34868,107
34878,107
34889,107
34898,103
34909,103
34918,103
34928,103
34938,105
34948,105
34958,105
34968,105
34979,105
34989,99
34999,99
35008,99
35018,99
35029,97
35038,97
35048,97
35058,97
35068,97
35079,91
35090,91
35100,91
35108,91
35120,91
35128,91
35138,91
35150,91
35158,91
35168,95
35180,95
35189,95
35198,95
35210,97
35220,97
35228,97
35239,97
35248,97
35259,99
35269,99
35279,99
35289,99
35299,97
35308,97
35319,97
35328,97
35338,97
35348,99
35358,99
35368,99
35379,99
35389,99
35398,99
35408,99
35418,99
35428,99
35438,97
35449,97
35460,97
35468,97
35479,97
35488,97
35498,97
35508,97
35519,97
35528,97
35539,97
35548,97
35558,97
35569,95
35579,95
35589,95
35598,95
35609,97
35618,97
35628,97
35638,97
35648,97
35659,93
35668,93
35679,93
35689,93
35699,97
35708,97
35719,97
35728,97
35739,97
35748,95
35759,95
35769,95
35779,95
35790,97
35798,97
35808,97
35818,97
35828,97
35838,97
35850,97
35858,97
35868,97
35880,99
35889,99
35899,99
35908,99
35919,99
35928,97
35939,97
35948,97
35959,97
35970,99
35979,99
35989,99
35998,99
36008,99
36019,97
36029,97
36039,97
36048,97
36060,97
36068,97
36079,97
36089,97
36099,97
36108,95
36118,95
36128,95
36138,95
36149,95
36159,95
36168,95
36179,95
36189,97
36198,97
36208,97
36219,97
36228,97
36238,99
36249,99
36258,99
36268,99
36278,99
36289,99
36300,99
36308,99
36319,99
36330,101
36340,101
36348,101
36359,101
36368,101
36380,103
36390,103
36400,103
36408,103
36419,101
36430,101
36439,101
36450,101
36459,101
36469,99
36478,99
36489,99
36498,99
36509,99
36518,99
36529,99
36539,99
36549,95
36558,95
36568,95
36579,95
36589,95
36598,95
36609,95
36619,95
36628,95
36640,95
36648,95
36659,95
36668,95
36678,95
36688,95
36699,95
36708,95
36718,95
36729,97
36739,97
36748,97
36758,97
36768,97
36779,97
36789,97
36798,97
36808,97
36820,97
36828,97
36839,97
36848,97
36859,97
36868,99
36879,99
36888,99
36899,99
36909,99
36919,99
36928,99
36939,99
36948,99
36959,101
36969,101
36978,101
36988,101
37000,99
37008,99
37019,99
37028,99
37039,99
37048,93
37058,93
37069,93
37079,93
37089,93
37098,93
37108,93
37118,93
37128,93
37138,93
37149,93
37159,93
37168,93
37179,95
37189,95
37198,95
37208,95
37219,95
37229,99
37239,99
37248,99
37259,99
37270,99
37279,99
37288,99
37299,99
37309,99
37319,101
37328,101
37340,101
37348,101
37359,99
37368,99
37378,99
37388,99
37399,93
37408,93
37418,93
37429,93
37439,93
37448,93
37459,93
37468,93
37479,93
37490,97
37500,97
37508,97
37519,97
37529,97
37540,95
37550,95
37558,95
37568,95
37580,99
37590,99
37598,99
37609,99
37620,99
37629,95
37639,95
37649,95
37660,95
37669,99
37679,99
37689,99
37699,99
37709,99
37718,99
37729,99
37739,99
37748,99
37760,99
37768,99
37778,99
37789,99
37798,99
37808,97
37819,97
37828,97
37839,97
37850,99
37858,99
37868,99
37878,99
37889,99
37899,99
37909,99
37919,99
37928,99
37940,99
37949,99
37958,99
37968,99
37978,99
37988,97
37999,97
38008,97
38019,97
38030,99
38039,99
38048,99
38059,99
38068,99
38078,97
38089,97
38099,97
38108,97
38119,97
38128,97
38138,97
38148,97
38158,97
38168,95
38178,95
38188,95
38198,95
38209,97
38218,97
38228,97
38238,97
38249,97
38260,97
38270,97
38278,97
38289,97
38300,99
38309,99
38318,99
38329,99
38338,99
38348,97
38358,97
38368,97
38378,97
38388,99
38398,99
38408,99
38418,99
38429,99
38438,97
38448,97
38458,97
38468,97
38478,93
38489,93
38499,93
38508,93
38520,93
38528,93
38540,93
38548,93
38558,93
38568,97
38579,97
38589,97
38598,97
38610,101
38618,101
38628,101
38638,101
38648,101
38658,99
38670,99
38678,99
38688,99
38700,99
38708,99
38719,99
38728,99
38738,99
38748,99
38760,99
38768,99
38778,99
38790,97
38798,97
38808,97
38818,97
38830,97
38838,95
38850,95
38859,95
38870,95
38880,95
38890,95
38900,95
38910,95
38919,95
38929,97
38939,97
38948,97
38958,97
38969,101
38978,101
38988,101
38998,101
39008,101
39018,99
39029,99
39038,99
39048,99
39059,99
39068,99
39078,99
39088,99
39099,99
39108,99
39118,99
39128,99
39138,99
39149,99
39158,99
39168,99
39179,99
39189,99
39198,99
39209,99
39218,99
39228,99
39240,97
39248,97
39258,97
39268,97
39279,97
39288,99
39300,99
39308,99
39319,99
39329,99
39338,99
39348,99
39359,99
39368,99
39378,99
39389,99
39398,99
39408,99
39419,97
39428,97
39439,97
39448,97
39458,97
39468,99
39479,99
39489,99
39498,99
39509,97
39519,97
39529,97
39540,97
39548,97
39558,97
39569,97
39578,97
39588,97
39600,95
39608,95
39618,95
39628,95
39638,95
39649,99
39659,99
39668,99
39678,99
39689,97
39699,97
39708,97
39718,97
39728,97
39738,99
39749,99
39758,99
39768,99
39779,97
39789,97
39798,97
39808,97
39818,97
39828,97
39838,97
39848,97
39858,97
39869,97
39878,97
39888,97
39898,97
39908,97
39919,97
39928,97
39938,97
39948,97
39960,97
39968,97
39978,97
39990,97
39998,97
40008,99
40018,99
40028,99
40038,99
40049,97
40060,97
40070,97
40079,97
40089,97
40099,99
40109,99
40119,99
40128,99
40139,97
40148,97
40159,97
40168,97
40178,97
40189,99
40198,99
40208,99
40218,99
40229,95
40239,95
40248,95
40258,95
40270,97
40278,97
40288,97
40298,97
40308,97
40319,97
40329,97
40338,97
40348,97
40359,99
40368,99
40378,99
40388,99
40399,99
40408,99
40419,99
40428,99
40438,99
40450,99
40458,99
40468,99
40478,99
40488,99
40498,97
40509,97
40518,97
40528,97
40540,99
40548,99
40558,99
40568,99
40578,99
40589,97
40600,97
40608,97
40618,97
40629,97
40638,97
40648,97
40658,97
40668,97
40679,103
40688,103
40699,103
40709,103
40718,103
40729,103
40738,103
40748,103
40759,103
40769,99
40778,99
40789,99
40798,99
40809,97
40818,97
40828,97
40838,97
40848,97
40858,95
40869,95
40878,95
40888,95
40900,95
40908,95
40918,95
40928,95
40938,95
40948,93
40958,93
40968,93
40978,93
40989,97
40998,97
41008,97
41018,97
41028,97
41038,97
41049,97
41058,97
41068,97
41080,99
41088,99
41099,99
41108,99
41119,99
41128,97
41140,97
41148,97
41158,97
41170,99
41178,99
41190,99
41198,99
41208,99
41218,99
41230,99
41238,99
41248,99
41260,101
41270,101
41279,101
41289,101
41299,101
41309,99
41319,99
41329,99
41338,99
41350,99
41359,99
41368,99
41378,99
41389,99
41398,97
41409,97
41418,97
41428,97
41439,99
41448,99
41458,99
41468,99
41478,99
41488,99
41498,99
41508,99
41518,99
41529,97
41538,97
41548,97
41558,97
41568,97
41578,95
41589,95
41598,95
41609,95
41619,97
41628,97
41638,97
41648,97
41658,97
41668,93
41679,93
41688,93
41698,93
41708,95
41719,95
41728,95
41738,95
41750,95
41759,95
41768,95
41778,95
41788,95
41798,99
41809,99
41818,99
41828,99
41838,99
41848,99
41858,99
41868,99
41879,99
41888,99
41899,99
41909,99
41919,99
41930,99
41939,99
41948,99
41958,99
41968,99
41978,99
41990,99
41998,99
42008,99
42019,99
42028,99
42038,99
42048,99
42058,99
42068,99
42079,99
42088,99
42098,99
42110,99
42118,99
42128,99
42138,99
42148,99
42158,99
42169,99
42178,99
42189,99
42200,97
42209,97
42218,97
42228,97
42239,97
42248,97
42260,97
42268,97
42278,97
42289,95
42298,95
42308,95
42319,95
42328,95
42338,95
42348,95
42358,95
42368,95
42379,95
42390,95
42398,95
42408,95
42420,95
42428,95
42438,95
42448,95
42458,95
42470,95
42478,95
42489,95
42499,95
42509,99
42519,99
42529,99
42540,99
42549,99
42558,99
42569,99
42579,99
42589,99
42600,99
42608,99
42618,99
42628,99
42638,99
42649,99
42660,99
42668,99
42679,99
42690,101
42698,101
42708,101
42719,101
42728,101
42738,99
42749,99
42759,99
42768,99
42780,99
42788,99
42798,99
42808,99
42818,99
42828,95
42839,95
42848,95
42858,95
42870,99
42879,99
42888,99
42898,99
42908,99
42918,101
42928,101
42938,101
42948,101
42958,97
42968,97
42978,97
42988,97
42998,97
43009,97
43018,97
43028,97
43038,97
43049,101
43058,101
43068,101
43079,101
43088,101
43099,97
43110,97
43118,97
43128,97
43140,95
43149,95
43159,95
43169,95
43178,95
43189,93
43199,93
43208,93
43218,93
43230,95
43238,95
43248,95
43258,95
43268,95
43278,99
43289,99
43298,99
43308,99
43319,99
43328,99
43338,99
43348,99
43358,99
43369,101
43378,101
43388,101
43398,101
43408,101
43418,101
43428,101
43439,101
43448,101
43460,97
43471,97
43478,97
43488,97
43499,97
43508,97
43519,97
43528,97
43538,97
43548,95
43559,95
43568,95
43578,95
43590,93
43598,93
43608,93
43618,93
43628,93
43638,93
43650,93
43658,93
43668,93
43680,95
43688,95
43699,95
43709,95
43719,95
43729,97
43739,97
43750,97
43759,97
43770,101
43778,101
43789,101
43798,101
43809,101
43818,101
43829,101
43839,101
43848,101
43860,101
43868,101
43879,101
43888,101
43899,101
43909,99
43918,99
43928,99
43938,99
43949,99
43958,99
43968,99
43978,99
43989,97
43998,97
44008,97
44018,97
44028,97
44038,91
44049,91
44058,91
44068,91
44078,95
44088,95
44098,95
44108,95
44119,95
44128,97
44139,97
44148,97
44159,97
44169,97
44178,97
44188,97
44198,97
44208,97
44218,99
44229,99
44238,99
44248,99
44259,99
44268,99
44279,99
44288,99
44298,99
44308,101
44319,101
44329,101
44339,101
44349,99
44359,99
44368,99
44378,99
44389,99
44398,99
44409,99
44418,99
44428,99
44439,97
44448,97
44458,97
44468,97
44479,97
44488,97
44499,97
44508,97
44518,97
44529,97
44538,97
44548,97
44559,97
44568,97
44578,97
44589,97
44598,97
44608,97
44619,97
44628,97
44639,97
44648,97
44659,97
44669,99
44679,99
44688,99
44698,99
44709,97
44719,97
44728,97
44738,97
44748,97
44759,95
44768,95
44778,95
44788,95
44800,93
44808,93
44818,93
44828,93
44839,93
44848,93
44858,93
44868,93
44879,93
44890,95
44900,95
44909,95
44919,95
44929,95
44939,97
44948,97
44959,97
44969,97
44979,101
44989,101
44999,101
45008,101
45018,101
45028,101
45039,101
45048,101
45058,101
45070,101
45079,101
45088,101
45098,101
45108,101
45119,99
45129,99
45138,99
45148,99
45159,97
45168,97
45178,97
45188,97
45198,97
45208,99
45219,99
45228,99
45239,99
45248,99
45259,97
45269,97
45279,97
45288,97
45299,99
45308,99
45319,99
45328,99
45338,99
45348,95
45358,95
45368,95
45378,95
45389,97
45398,97
45408,97
45418,97
45428,97
45438,97
45449,97
45458,97
45468,97
45480,99
45488,99
45499,99
45508,99
45519,99
45528,103
45540,103
45549,103
45559,103
45569,103
45579,103
45589,103
45599,103
45608,103
45619,101
45628,101
45638,101
45648,101
45658,101
45668,101
45678,101
45689,101
45699,101
45709,97
45718,97
45728,97
45738,97
45748,97
45758,97
45768,97
45778,97
45788,97
45800,95
45808,95
45818,95
45828,95
45838,95
45848,95
45859,95
45869,95
45879,95
45889,95
45899,95
45908,95
45918,95
45928,95
45938,95
45950,95
45958,95
45969,95
45979,95
45988,95
45998,95
46008,95
46018,95
46028,97
46040,97
46048,97
46058,97
46070,95
46078,95
46088,95
46099,95
46110,95
46119,99
46129,99
46138,99
46149,99
46159,97
46169,97
46178,97
46189,97
46199,97
46209,97
46219,97
46228,97
46238,97
46249,97
46258,95
46268,95
46278,95
46289,95
46299,99
46308,99
46319,99
46328,99
46338,99
46348,97
46358,97
46368,97
46378,97
46389,99
46398,99
46408,99
46418,99
46428,99
46438,99
46449,99
46458,99
46468,99
46480,101
46488,101
46499,101
46508,101
46519,101
46528,99
46540,99
46548,99
46559,99
46569,99
46578,99
46588,99
46598,99
46608,99
46619,97
46628,97
46638,97
46648,97
46658,97
46668,99
46679,99
46688,99
46698,99
46710,95
46719,95
46728,95
46738,95
46749,95
46759,99
46769,99
46779,99
46789,99
46800,97
46809,97
46818,97
46828,97
46839,97
46848,99
46859,99
46868,99
46879,99
46889,95
46898,95
46908,95
46919,95
46928,95
46938,97
46949,97
46958,97
46968,97
46979,95
46988,95
46998,95
47008,95
47018,95
47028,95
47039,95
47048,95
47058,95
47068,95
47079,97
47088,97
47099,97
47108,97
47119,99
47128,99
47138,99
47148,99
47159,99
47168,97
47179,97
47188,97
47198,97
47210,99
47218,99
47228,99
47239,99
47248,99
47258,99
47270,99
47279,99
47288,99
47300,101
47308,101
47319,101
47329,101
47340,101
47350,99
47359,99
47368,99
47378,99
47389,99
47398,99
47409,99
47419,99
47428,99
47439,97
47448,97
47458,97
47468,97
47479,97
47488,95
47498,95
47508,95
47519,95
47529,95
47538,95
47548,95
47559,95
47568,95
47578,97
47588,97
47598,97
47608,97
47620,95
47628,95
47639,95
47648,95
47658,95
47668,97
47679,97
47688,97
47698,97
47709,97
47719,97
47728,97
47738,97
47748,97
47758,97
47769,97
47778,97
47788,97
47800,95
47808,95
47818,95
47828,95
47838,95
47848,95
47859,95
47868,95
47878,95
47889,95
47899,95
47908,95
47918,95
47928,95
47938,93
47950,93
47958,93
47969,93
47980,95
47989,95
47998,95
48009,95
48018,95
48028,97
48039,97
48048,97
48058,97
48070,99
48078,99
48089,99
48099,99
48108,99
48118,99
48129,99
48138,99
48148,99
48158,99
48168,101
48178,101
48188,101
48198,101
48209,99
48218,99
48228,99
48238,99
48248,99
48258,97
48269,97
48279,97
48288,97
48300,97
48309,97
48318,97
48328,97
48338,97
48348,97
48359,97
48368,97
48378,97
48389,97
48398,97
48408,97
48418,97
48428,97
48438,99
48450,99
48458,99
48468,99
48480,99
48488,99
48499,99
48508,99
48519,99
48530,99
48540,99
48550,99
48559,99
48569,99
48579,99
48588,99
48598,99
48608,99
48620,103
48629,103
48638,103
48649,103
48658,103
48668,101
48679,101
48689,101
48699,101
48710,99
48719,99
48728,99
48738,99
48748,99
48758,99
48769,99
48778,99
48788,99
48798,99
48808,97
48818,97
48828,97
48838,97
48849,99
48858,99
48868,99
48878,99
48888,99
48898,97
48909,97
48919,97
48928,97
48940,97
48948,97
48959,97
48968,97
48978,97
48988,93
48999,93
49008,93
49018,93
49029,95
49039,95
49048,95
49058,95
49068,95
49079,93
49089,93
49098,93
49108,93
49119,93
49128,93
49138,93
49148,93
49158,93
49168,95
49179,95
49189,95
49199,95
49209,99
49219,99
49229,99
49239,99
49248,99
49258,99
49269,99
49278,99
49288,99
49300,101
49308,101
49319,101
49328,101
49338,101
49350,103
49359,103
49368,103
49378,103
49388,103
49398,101
49408,101
49418,101
49428,101
49439,99
49448,99
49458,99
49468,99
49479,99
49488,97
49499,97
49508,97
49518,97
49529,95
49538,95
49548,95
49559,95
49568,95
49578,93
49589,93
49598,93
49608,93
49621,93
49628,93
49639,93
49648,93
49658,93
49670,95
49678,95
49688,95
49698,95
49708,95
49719,101
49730,101
49738,101
49750,101
49760,103
49769,103
49779,103
49789,103
49799,103
49809,101
49819,101
49828,101
49839,101
49849,101
49858,101
49868,101
49879,101
49888,101
49899,97
49909,97
49918,97
49928,97
49939,99
49949,99
49959,99
49968,99
49978,99
49988,95
49998,95
50008,95
50018,95
50030,93
50039,93
50048,93
50058,93
50068,93
50078,95
50088,95
50098,95
50108,95
50119,95
50128,99
50138,99
50149,99
50159,99
50169,103
50178,103
50188,103
50198,103
50209,103
50218,101
50229,101
50238,101
50249,101
50259,101
50268,101
50279,101
50288,101
50299,101
50308,99
50319,99
50328,99
50338,99
50349,95
50359,95
50368,95
50378,95
50389,95
50398,87
50409,87
50419,87
50428,87
50439,91
50448,91
50458,91
50468,91
50478,91
50488,97
50499,97
50509,97
50519,97
50528,97
50538,107
50550,107
50559,107
50568,107
50579,109
50588,109
50598,109
50608,109
50618,109
50628,107
50639,107
50648,107
50658,107
50670,101
50679,101
50688,101
50699,101
50708,101
50718,97
50729,97
50738,97
50748,97
50759,93
50768,93
50778,93
50788,93
50798,93
50808,89
50820,89
50828,89
50838,89
50850,93
50858,93
50868,93
50879,93
50888,93
50900,93
50908,93
50919,93
50928,93
50940,93
50950,97
50959,97
50969,97
50978,97
50989,99
50998,99
51009,99
51019,99
51029,99
51038,101
51049,101
51058,101
51068,101
51080,99
51088,99
51098,99
51108,99
51119,99
51128,99
51139,99
51148,99
51159,99
51169,95
51178,95
51189,95
51199,95
51208,95
51218,97
51229,97
51239,97
51248,97
51260,93
51268,93
51279,93
51288,93
51299,93
51308,93
51319,93
51328,93
51338,93
51350,97
51358,97
51368,97
51378,97
51388,97
51398,101
51409,101
51418,101
51428,101
51439,101
51448,99
51458,99
51468,99
51478,99
51489,97
51498,97
51508,97
51519,97
51528,97
51538,97
51549,97
51559,97
51568,97
51580,99
51588,99
51598,99
51608,99
51618,99
51629,99
51639,99
51649,99
51658,99
51669,101
51679,101
51688,101
51698,101
51708,101
51719,103
51729,103
51738,103
51748,103
51759,101
51768,101
51778,101
51788,101
51798,101
51809,99
51818,99
51829,99
51839,99
51848,99
51859,97
51868,97
51879,97
51888,97
51899,95
51908,95
51919,95
51928,95
51938,95
51948,95
51958,95
51968,95
51978,95
51989,93
51998,93
52008,93
52018,93
52028,93
52038,93
52048,93
52058,93
52068,93
52080,93
52088,93
52098,93
52108,93
52119,93
52128,99
52140,99
52150,99
52159,99
52170,99
52180,99
52188,99
52199,99
52209,99
52219,99
52230,99
52239,99
52249,99
52259,99
52268,99
52278,99
52288,99
52298,99
52309,99
52319,99
52328,99
52338,99
52349,99
52359,99
52369,99
52378,99
52388,99
52399,97
52408,97
52418,97
52429,97
52439,97
52448,97
52458,97
52468,97
52479,97
52489,97
52499,97
52508,97
52519,97
52528,97
52538,97
52548,97
52559,97
52568,97
52580,93
52588,93
52598,93
52608,93
52618,93
52628,95
52638,95
52648,95
52658,95
52670,97
52678,97
52688,97
52699,97
52708,97
52719,97
52729,97
52738,97
52748,97
52759,97
52768,97
52778,97
52788,97
52798,97
52808,99
52819,99
52829,99
52839,99
52849,101
52858,101
52868,101
52879,101
52888,101
52898,99
52909,99
52918,99
52928,99
52940,97
52948,97
52959,97
52968,97
52978,97
52988,97
52999,97
53008,97
53018,97
53029,99
53039,99
53048,99
53058,99
53068,99
53079,99
53088,99
53099,99
53108,99
53119,99
53128,97
53138,97
53148,97
53158,97
53169,97
53178,97
53188,97
53198,97
53208,97
53218,99
53229,99
53238,99
53250,99
53260,97
53268,97
53278,97
53288,97
53300,97
53308,97
53320,97
53328,97
53338,97
53350,95
53359,95
53369,95
53379,95
53390,95
53399,97
53408,97
53419,97
53428,97
53438,97
53448,95
53458,95
53469,95
53479,95
53489,97
53499,97
53508,97
53519,97
53528,97
53538,99
53549,99
53558,99
53568,99
53579,99
53589,99
53599,99
53609,99
53618,99
53628,99
53639,99
53648,99
53658,99
53670,99
53678,99
53688,99
53699,99
53708,99
53719,97
53729,97
53738,97
53748,97
53759,99
53768,99
53778,99
53788,99
53798,99
53808,99
53819,99
53829,99
53839,99
53850,97
53858,97
53868,97
53878,97
53888,97
53899,95
53908,95
53919,95
53928,95
53939,97
53949,97
53959,97
53969,97
53978,97
53988,95
53998,95
54008,95
54019,95
54028,95
54038,97
54049,97
54059,97
54068,97
54079,97
54088,97
54099,97
54108,97
54119,97
54128,99
54138,99
54149,99
54159,99
54169,99
54178,99
54188,99
54198,99
54208,99
54218,99
54229,99
54239,99
54248,99
54259,97
54268,97
54279,97
54288,97
54298,97
54309,99
54319,99
54328,99
54338,99
54350,97
54358,97
54368,97
54378,97
54388,97
54398,99
54409,99
54418,99
54428,99
54438,99
54448,95
54458,95
54468,95
54479,95
54490,99
54498,99
54508,99
54518,99
54528,99
54538,97
54548,97
54559,97
54568,97
54580,99
54589,99
54600,99
54609,99
54619,99
54629,99
54639,99
54648,99
54659,99
54669,99
54678,99
54688,99
54698,99
54708,99
54719,97
54729,97
54738,97
54748,97
54760,99
54768,99
54778,99
54788,99
54798,99
54808,97
54819,97
54828,97
54838,97
54850,99
54858,99
54868,99
54879,99
54888,99
54899,95
54909,95
54918,95
54928,95
54940,91
54948,91
54959,91
54968,91
54978,91
54989,93
54998,93
55009,93
55018,93
55030,93
55038,97
55048,97
55058,97
55068,97
55079,105
55088,105
55099,105
55108,105
55119,105
55128,103
55139,103
55148,103
55158,103
55169,99
55178,99
55188,99
55198,99
55208,99
55218,97
55229,97
55238,97
55249,97
55260,93
55269,93
55278,93
55289,93
55299,93
55308,93
55319,93
55328,93
55338,93
55350,93
55359,93
55369,93
55378,93
55388,93
55398,95
55409,95
55418,95
55428,95
55439,95
55448,99
55458,99
55468,99
55478,99
55489,101
55499,101
55508,101
55518,101
55528,101
55538,101
55549,101
55558,101
55568,101
55579,101
55588,101
55598,101
55608,101
55618,101
55628,97
55639,97
55648,97
55658,97
55671,91
55679,91
55688,91
55699,91
55708,91
55718,93
55730,93
55740,93
55748,93
55760,93
55768,93
55778,93
55788,93
55798,93
55809,95
55819,95
55829,95
55839,95
55849,97
55858,97
55869,97
55879,97
55889,97
55899,97
55909,97
55918,97
55928,97
55940,101
55948,101
55958,101
55968,101
55978,101
55989,99
55998,99
56008,99
56018,99
56029,97
56038,97
56048,97
56058,97
56068,97
56079,95
56089,95
56099,95
56109,95
56118,95
56128,97
56138,97
56148,97
56159,97
56169,97
56178,97
56188,97
56198,97
56208,97
56218,99
56229,99
56238,99
56248,99
56259,97
56268,97
56279,97
56288,97
56298,97
56308,99
56319,99
56328,99
56338,99
56350,97
56358,97
56368,97
56378,97
56388,97
56398,97
56408,97
56418,97
56428,97
56438,95
56449,95
56459,95
56469,95
56479,95
56488,97
56500,97
56509,97
56519,97
56528,97
56538,99
56548,99
56559,99
56568,99
56579,101
56588,101
56598,101
56609,101
56618,101
56629,113
56638,113
56648,113
56658,113
56668,113
56679,111
56688,111
56698,111
56708,111
56719,103
56728,103
56738,103
56748,103
56758,103
56768,99
56778,99
56788,99
56798,99
56810,95
56818,95
56828,95
56838,95
56848,95
56858,93
56870,93
56879,93
56888,93
56901,91
56910,91
56918,91
56928,91
56938,91
56948,95
56960,95
56968,95
56978,95
56989,97
56998,97
57008,97
57020,97
57029,97
57039,99
57050,99
57059,99
57069,99
57078,99
57089,101
57099,101
57108,101
57119,101
57129,99
57139,99
57149,99
57159,99
57168,99
57178,97
57188,97
57198,97
57208,97
57219,97
57228,97
57239,97
57248,97
57258,97
57268,97
57279,97
57288,97
57298,97
57309,97
57319,97
57328,97
57338,97
57348,97
57359,97
57368,97
57378,97
57388,97
57399,95
57408,95
57418,95
57429,95
57439,95
57448,95
57458,95
57468,95
57479,95
57489,97
57498,97
57508,97
57518,97
57528,97
57538,99
57549,99
57558,99
57568,99
57580,101
57588,101
57598,101
57608,101
57618,101
57629,103
57638,103
57649,103
57659,103
57670,99
57678,99
57688,99
57699,99
57708,99
57719,97
57728,97
57738,97
57748,97
57758,97
57768,97
57778,97
57788,97
57798,97
57809,97
57818,97
57828,97
57838,97
57848,97
57858,95
57868,95
57879,95
57888,95
57899,99
57908,99
57919,99
57928,99
57938,99
57949,101
57959,101
57968,101
57978,101
57989,101
57998,101
58008,101
58018,101
58028,101
58039,99
58049,99
58058,99
58068,99
58078,99
58088,97
58099,97
58108,97
58119,97
58128,97
58138,97
58148,97
58159,97
58168,97
58178,97
58188,97
58198,97
58208,97
58219,91
58229,91
58238,91
58250,91
58259,91
58269,95
58278,95
58289,95
58299,95
58309,97
58319,97
58328,97
58338,97
58348,97
58359,97
58368,97
58378,97
58388,97
58399,99
58408,99
58418,99
58428,99
58439,99
58448,97
58459,97
58468,97
58479,97
58489,99
58499,99
58509,99
58518,99
58528,99
58538,99
58549,99
58558,99
58568,99
58580,99
58588,99
58598,99
58608,99
58618,99
58628,97
58639,97
58648,97
58658,97
58670,99
58679,99
58688,99
58698,99
58708,99
58719,99
58729,99
58738,99
58749,99
58759,99
58768,99
58778,99
58788,99
58798,99
58809,99
58818,99
58829,99
58839,99
58848,99
58858,99
58869,99
58879,99
58889,99
58899,97
58908,97
58919,97
58928,97
58938,97
58949,97
58959,97
58968,97
58978,97
58990,95
58998,95
59008,95
59018,95
59029,95
59039,97
59049,97
59058,97
59068,97
59079,95
59088,95
59098,95
59108,95
59119,95
59128,95
59139,95
59149,95
59159,95
59168,95
59178,97
59188,97
59198,97
59208,97
59219,101
59229,101
59239,101
59248,101
59258,101
59268,105
59279,105
59288,105
59298,105
59310,103
59319,103
59328,103
59340,103
59350,103
59358,101
59370,101
59378,101
59388,101
59400,99
59408,99
59418,99
59429,99
59439,99
59450,95
59460,95
59469,95
59479,95
59489,91
59499,91
59508,91
59519,91
59528,91
59539,91
59550,91
59558,91
59568,91
59578,95
59588,95
59598,95
59608,95
59618,95
59629,99
59639,99
59648,99
59658,99
59668,99
59679,101
59689,101
59698,101
59708,101
59720,99
59728,99
59738,99
59749,99
59759,99
59768,99
59779,99
59788,99
59798,99
59809,97
59818,97
59829,97
59839,97
59848,97
59858,99
59870,99
59879,99
59888,99
59899,95
59908,95
59919,95
59928,95
59938,95
59948,97
59959,97
59968,97
59978,97
59989,95
59998,95
60008,95
60018,95
60028,95
60038,97
60048,97
60058,97
60068,97
60079,97
60088,97
60099,97
60109,97
60119,97
60129,101
60138,101
60149,101
60159,101
60168,101
60178,97
60189,97
60199,97
60208,97
60219,99
60228,99
60239,99
60248,99
60258,99
60268,97
60279,97
60288,97
60299,97
60310,99
60319,99
60328,99
60338,99
60349,99
60359,97
60369,97
60378,97
60388,97
60399,99
60408,99
60418,99
60429,99
60439,99
60449,97
60460,97
60468,97
60478,97
60489,97
60499,99
60508,99
60519,99
60528,99
60541,97
60548,97
60559,97
60568,97
60578,97
60588,99
60598,99
60608,99
60618,99
60629,97
60639,97
60648,97
60659,97
60670,97
60679,99
60689,99
60699,99
60709,99
60720,95
60729,95
60738,95
60748,95
60759,95
60769,97
60779,97
60788,97
60798,97
60810,97
60818,97
60828,97
60839,97
60849,97
60858,99
60869,99
60879,99
60888,99
60899,95
60908,95
60919,95
60928,95
60938,95
60949,97
60959,97
60968,97
60978,97
60988,97
60998,97
61008,97
61018,97
61028,97
61039,99
61048,99
61058,99
61068,99
61079,99
61088,97
61099,97
61108,97
61119,97
61129,99
61138,99
61149,99
61159,99
61168,99
61178,97
61189,97
61198,97
61208,97
61219,99
61229,99
61239,99
61248,99
61258,99
61269,97
61279,97
61288,97
61298,97
61310,99
61318,99
61329,99
61338,99
61348,99
61358,97
61369,97
61378,97
61388,97
61399,99
61408,99
61418,99
61429,99
61439,99
61449,97
61458,97
61469,97
61479,97
61488,97
61498,97
61508,97
61519,97
61528,97
61539,95
61549,95
61559,95
61568,95
61578,95
61588,99
61599,99
61608,99
61618,99
61629,97
61639,97
61648,97
61658,97
61668,97
61679,95
61689,95
61698,95
61708,95
61720,95
61728,95
61738,95
61750,95
61759,95
61768,97
61780,97
61788,97
61798,97
61810,97
61820,97
61830,97
61838,97
61848,97
61860,99
61869,99
61879,99
61889,99
61899,97
61908,97
61919,97
61929,97
61939,97
61949,99
61959,99
61968,99
61978,99
61988,99
61998,97
62008,97
62018,97
62029,97
62039,99
62048,99
62058,99
62068,99
62079,99
62088,97
62098,97
62108,97
62119,97
62129,99
62138,99
62148,99
62159,99
62168,99
62178,99
62190,99
62198,99
62208,99
62219,99
62229,99
62239,99
62248,99
62258,99
62268,97
62279,97
62288,97
62299,97
62310,97
62319,97
62328,97
62338,97
62348,97
62359,97
62369,97
62378,97
62388,97
62399,97
62408,97
62418,97
62428,97
62439,97
62450,97
62458,97
62468,97
62479,97
62489,97
62499,99
62509,99
62519,99
62529,99
62539,99
62548,99
62559,99
62568,99
62578,99
62588,97
62599,97
62608,97
62618,97
62629,97
62638,97
62648,97
62658,97
62668,97
62679,95
62689,95
62698,95
62708,95
62720,95
62728,95
62738,95
62748,95
62759,95
62768,97
62779,97
62788,97
62798,97
62809,99
62819,99
62829,99
62839,99
62848,99
62860,101
62868,101
62879,101
62888,101
62899,101
62908,101
62919,101
62928,101
62938,101
62950,99
62959,99
62968,99
62978,99
62988,99
62998,97
63008,97
63018,97
63028,97
63039,95
63048,95
63058,95
63070,95
63079,95
63089,95
63099,95
63109,95
63119,95
63130,95
63139,95
63148,95
63158,95
63168,95
63178,95
63189,95
63198,95
63208,95
63219,97
63229,97
63239,97
63248,97
63258,97
63268,97
63279,97
63288,97
63298,97
63310,97
63319,97
63328,97
63338,97
63348,97
63359,99
63369,99
63378,99
63388,99
63398,99
63408,101
63418,101
63428,101
63439,101
63449,101
63458,101
63468,101
63478,101
63489,101
63499,99
63509,99
63519,99
63528,99
63539,97
63548,97
63559,97
63568,97
63578,97
63588,95
63599,95
63608,95
63618,95
63629,95
63639,95
63648,95
63658,95
63668,95
63679,95
63689,95
63699,95
63709,95
63719,95
63729,95
63738,95
63749,95
63759,95
63768,95
63779,95
63788,95
63799,95
63809,97
63818,97
63828,97
63839,97
63848,97
63858,97
63870,97
63878,97
63888,97
63900,97
63908,97
63919,97
63928,97
63938,97
63949,97
63959,97
63968,97
63978,97
63989,97
63998,97
64008,97
64018,97
64029,97
64039,97
64048,97
64058,97
64068,97
64079,97
64088,97
64098,97
64108,97
64119,97
64129,101
64138,101
64150,101
64158,101
64168,101
64178,101
64190,101
64198,101
64208,101
64220,99
64229,99
64239,99
64248,99
64258,99
64270,97
64279,97
64289,97
64300,97
64308,97
64319,95
64329,95
64338,95
64349,95
64359,95
64369,95
64379,95
64388,95
64399,95
64408,93
64418,93
64429,93
64439,93
64450,95
64458,95
64468,95
64479,95
64488,95
64498,95
64509,95
64519,95
64528,95
64541,97
64549,97
64559,97
64568,97
64578,97
64588,99
64599,99
64608,99
64618,99
64629,99
64639,99
64648,99
64658,99
64668,99
64679,99
64689,99
64699,99
64708,99
64719,97
64728,97
64738,97
64748,97
64759,97
64768,97
64779,97
64788,97
64798,97
64809,95
64818,95
64828,95
64839,95
64848,95
64858,97
64869,97
64879,97
64888,97
64899,95
64908,95
64919,95
64928,95
64939,95
64949,95
64959,95
64969,95
64978,95
64988,95
64998,95
65008,95
65018,95
65028,95
65039,97
65048,97
65058,97
65068,97
65079,97
65089,97
65098,97
65108,97
65119,97
65129,97
65138,97
65148,97
65158,97
65169,97
65179,95
65188,95
65198,95
65208,95
65219,101
65228,101
65239,101
65248,101
65258,101
65268,101
65279,101
65288,101
65299,101
65309,101
65319,101
65328,101
65338,101
65348,101
65359,97
65370,97
65378,97
65388,97
65399,97
65408,97
65418,97
65428,97
65439,97
65448,95
65460,95
65468,95
65479,95
65489,95
65499,95
65509,95
65519,95
65529,95
65540,95
65550,95
65559,95
65568,95
65578,95
65589,99
65599,99
65609,99
65618,99
65629,97
65639,97
65648,97
65658,97
65668,97
65679,97
65689,97
65699,97
65708,97
65720,97
65728,97
65738,97
65748,97
65759,97
65768,99
65779,99
65788,99
65798,99
65810,99
65818,99
65829,99
65839,99
65849,99
65858,97
65869,97
65878,97
65888,97
65900,95
65908,95
65919,95
65928,95
65938,95
65949,97
65959,97
65968,97
65978,97
65989,95
65998,95
66008,95
66018,95
66029,95
66038,95
66048,95
66058,95
66068,95
66079,95
66088,95
66098,95
66108,95
66119,95
66129,97
66139,97
66148,97
66158,97
66169,97
66179,97
66189,97
66198,97
66208,97
66219,97
66229,97
66239,97
66248,97
66258,97
66268,95
66279,95
66288,95
66298,95
66309,97
66319,97
66328,97
66338,97
66349,97
66359,97
66368,97
66378,97
66388,97
66400,99
66408,99
66418,99
66429,99
66439,99
66448,99
66459,99
66468,99
66479,99
66489,101
66498,101
66508,101
66518,101
66529,101
66539,99
66550,99
66559,99
66568,99
66580,99
66588,99
66598,99
66608,99
66618,99
66630,97
66639,97
66648,97
66658,97
66668,97
66679,97
66688,97
66700,97
66709,97
66719,97
66729,97
66739,97
66748,97
66759,97
66769,97
66779,97
66789,97
66799,97
66809,97
66819,97
66829,97
66839,97
66848,97
66858,97
66869,97
66879,97
66888,97
66899,97
66908,97
66919,97
66928,97
66938,97
66949,97
66959,97
66968,97
66978,97
66990,97
66998,97
67008,97
67018,97
67029,97
67039,95
67049,95
67058,95
67068,95
67078,91
67088,91
67098,91
67108,91
67119,91
67128,95
67139,95
67149,95
67159,95
67169,97
67178,97
67188,97
67198,97
67209,97
67219,99
67228,99
67239,99
67248,99
67258,99
67268,101
67279,101
67288,101
67298,101
67310,99
67319,99
67328,99
67338,99
67349,99
67359,99
67368,99
67379,99
67389,99
67399,99
67408,99
67418,99
67428,99
67439,99
67448,97
67459,97
67468,97
67478,97
67489,95
67499,95
67508,95
67519,95
67528,95
67538,97
67549,97
67559,97
67568,97
67579,95
67588,95
67598,95
67608,95
67618,95
67629,97
67639,97
67648,97
67658,97
67668,97
67679,97
67689,97
67699,97
67708,97
67720,99
67728,99
67738,99
67748,99
67759,99
67768,103
67780,103
67788,103
67798,103
67810,101
67820,101
67830,101
67839,101
67848,101
67860,97
67868,97
67879,97
67888,97
67898,97
67910,97
67919,97
67929,97
67938,97
67950,97
67959,97
67969,97
67979,97
67989,97
67998,97
68009,97
68018,97
68028,97
68040,97
68048,97
68058,97
68068,97
68079,97
68088,99
68099,99
68108,99
68119,99
68129,99
68138,99
68149,99
68159,99
68168,99
68179,99
68188,99
68198,99
68208,99
68218,99
68228,99
68238,99
68248,99
68258,99
68271,99
68279,99
68288,99
68299,99
68308,99
68319,99
68329,99
68338,99
68349,99
68360,97
68368,97
68378,97
68388,97
68398,97
68408,95
68419,95
68429,95
68439,95
68450,95
68458,95
68468,95
68479,95
68488,95
68499,97
68509,97
68519,97
68528,97
68540,97
68549,97
68559,97
68568,97
68578,97
68589,97
68599,97
68609,97
68618,97
68629,97
68639,97
68648,97
68658,97
68668,97
68678,97
68688,97
68698,97
68708,97
68719,97
68728,99
68738,99
68749,99
68759,99
68769,99
68778,99
68788,99
68798,99
68808,99
68818,97
68829,97
68838,97
68849,97
68860,97
68868,97
68879,97
68888,97
68898,97
68908,97
68919,97
68928,97
68938,97
68949,97
68959,97
68968,97
68978,97
68988,97
68998,99
69010,99
69018,99
69029,99
69040,99
69048,103
69058,103
69068,103
69079,103
69089,103
69098,103
69108,103
69119,103
69129,103
69139,101
69149,101
69159,101
69168,101
69179,97
69189,97
69199,97
69209,97
69218,97
69229,97
69239,97
69248,97
69258,97
69270,95
69279,95
69288,95
69298,95
69308,95
69319,95
69329,95
69338,95
69349,95
69360,95
69368,95
69378,95
69388,95
69398,95
69408,99
69419,99
69429,99
69439,99
69450,99
69458,99
69468,99
69479,99
69488,99
69498,99
69509,99
69518,99
69529,99
69539,99
69548,99
69559,99
69568,99
69578,99
69589,99
69598,99
69608,99
69618,99
69629,97
69639,97
69648,97
69658,97
69668,97
69678,97
69688,97
69698,97
69708,97
69719,97
69728,95
69738,95
69749,95
69758,95
69769,97
69779,97
69788,97
69799,97
69808,97
69818,95
69828,95
69839,95
69848,95
69860,97
69868,97
69879,97
69888,97
69899,97
69909,99
69919,99
69928,99
69938,99
69950,103
69959,103
69968,103
69978,103
69988,103
69999,101
70008,101
70018,101
70028,101
70039,101
70048,101
70059,101
70068,101
70079,101
70089,99
70098,99
70108,99
70119,99
70128,99
70138,99
70149,99
70159,99
70168,99
70179,97
70188,97
70198,97
70208,97
70220,97
70228,95
70239,95
70248,95
70258,95
70271,97
70279,97
70288,97
70298,97
70308,97
70318,99
70328,99
70339,99
70350,99
70359,99
70369,99
70379,99
70389,99
70399,99
70409,99
70418,99
70429,99
70439,99
70449,99
70458,95
70468,95
70479,95
70488,95
70499,97
70508,97
70519,97
70528,97
70538,97
70548,95
70558,95
70569,95
70578,95
70589,97
70598,97
70608,97
70618,97
70628,97
70638,97
70649,97
70658,97
70668,97
70680,99
70688,99
70699,99
70708,99
70719,99
70728,97
70739,97
70749,97
70759,97
70769,97
70778,97
70788,97
70798,97
70808,97
70818,97
70829,97
70839,97
70848,97
70860,97
70868,97
70879,97
70888,97
70898,97
70908,97
70919,97
70928,97
70938,97
70950,97
70959,97
70968,97
70979,97
70989,97
70998,99
71009,99
71019,99
71029,99
71038,99
71048,101
71058,101
71068,101
71079,101
71089,101
71098,101
71108,101
71119,101
71128,101
71138,101
71150,101
71159,101
71168,101
71179,99
71188,99
71198,99
71208,99
71218,99
71229,99
71239,99
71248,99
71258,99
71269,99
71279,99
71288,99
71298,99
71309,99
71319,99
71328,99
71338,99
71349,99
71359,99
71368,99
71379,99
71389,99
71398,99
71409,99
71418,99
71429,99
71439,99
71450,99
71458,97
71470,97
71479,97
71488,97
71500,95
71508,95
71519,95
71528,95
71538,95
71549,95
71560,95
71569,95
71579,95
71589,95
71599,97
71609,97
71618,97
71628,97
71639,97
71648,97
71660,97
71668,97
71679,97
71688,97
71699,97
71709,97
71719,97
71729,97
71738,97
71749,97
71759,97
71768,97
71778,97
71789,97
71798,97
71808,97
71819,97
71829,97
71839,97
71848,97
71858,97
71868,97
71879,97
71888,97
71898,97
71910,99
71919,99
71928,99
71938,99
71949,99
71958,99
71969,99
71978,99
71988,99
71998,99
72008,99
72018,99
72029,99
72039,99
72049,97
72058,97
72068,97
72079,97
72088,97
72098,95
72108,95
72119,95
72128,95
72140,95
72148,95
72159,95
72168,95
72178,95
72189,97
72198,97
72209,97
72219,97
72229,95
72238,95
72248,95
72258,95
72270,95
72279,95
72288,95
72298,95
72308,95
72319,97
72329,97
72338,97
72348,97
72359,97
72368,99
72378,99
72388,99
72398,99
72410,99
72418,99
72428,99
72439,99
72448,99
72458,99
72469,99
72479,99
72488,99
72499,99
72508,99
72519,99
72528,99
72538,99
72548,99
72559,99
72568,99
72578,99
72589,97
72598,97
72608,97
72618,97
72628,97
72639,97
72650,97
72658,97
72668,97
72680,99
72690,99
72698,99
72708,99
72719,99
72730,101
72738,101
72750,101
72759,101
72769,101
72779,103
72789,103
72798,103
72809,103
72819,105
72829,105
72839,105
72849,105
72858,105
72869,101
72879,101
72888,101
72899,101
72908,101
72919,99
72928,99
72938,99
72948,99
72959,97
72968,97
72978,97
72988,97
72998,97
73008,95
73018,95
73029,95
73039,95
73050,95
73058,95
73068,95
73079,95
73088,95
73099,95
73108,95
73119,95
73128,95
73139,95
73148,95
73159,95
73168,95
73178,95
73188,95
73198,95
73208,95
73218,95
73230,97
73239,97
73248,97
73258,97
73268,97
73279,99
73289,99
73298,99
73309,99
73319,101
73328,101
73338,101
73349,101
73359,101
73368,99
73379,99
73388,99
73398,99
73409,101
73419,101
73429,101
73439,101
73449,101
73459,97
73470,97
73479,97
73488,97
73499,97
73508,97
73519,97
73528,97
73538,97
73550,93
73559,93
73569,93
73578,93
73588,93
73598,95
73608,95
73618,95
73629,95
73639,93
73648,93
73658,93
73668,93
73679,93
73688,97
73698,97
73708,97
73719,97
73729,97
73738,97
73748,97
73759,97
73768,97
73778,99
73789,99
73798,99
73808,99
73819,99
73829,99
73839,99
73848,99
73858,99
73870,99
73880,99
73888,99
73898,99
73910,97
73919,97
73928,97
73938,97
73950,97
73959,99
73969,99
73980,99
73989,99
74000,97
74008,97
74019,97
74029,97
74039,97
74049,97
74059,97
74069,97
74079,97
74089,95
74098,95
74108,95
74119,95
74128,95
74139,97
74148,97
74159,97
74168,97
74178,97
74188,97
74198,97
74208,97
74218,97
74229,99
74239,99
74248,99
74258,99
74268,99
74279,99
74289,99
74299,99
74308,99
74320,101
74328,101
74338,101
74349,101
74359,101
74368,99
74379,99
74388,99
74398,99
74409,97
74418,97
74428,97
74439,97
74449,97
74459,95
74468,95
74479,95
74488,95
74499,95
74508,95
74518,95
74528,95
74538,95
74550,95
74559,95
74568,95
74578,95
74588,95
74598,97
74608,97
74619,97
74628,97
74639,95
74648,95
74658,95
74668,95
74679,95
74689,99
74699,99
74708,99
74719,99
74728,99
74738,97
74749,97
74759,97
74768,97
74779,99
74789,99
74799,99
74808,99
74818,99
74829,97
74839,97
74848,97
74858,97
74868,97
74879,97
74889,97
74898,97
74908,97
74919,97
74928,97
74938,97
74948,97
74958,97
74969,99
74978,99
74988,99
74998,99
75008,99
75018,99
75029,99
75038,99
75048,99
75060,99
75068,99
75079,99
75088,99
75098,99
75110,99
75119,99
75128,99
75140,99
75148,99
75160,99
75168,99
75178,99
75190,99
75199,99
75209,107
75219,107
75229,107
75238,107
75249,107
75259,109
75269,109
75279,109
75288,109
75300,99
75308,99
75319,99
75328,99
75338,99
75349,95
75359,95
75368,95
75378,95
75388,95
75398,91
75409,91
75418,91
75428,91
75439,93
75448,93
75458,93
75468,93
75479,93
75489,95
75499,95
75508,95
75519,95
75528,95
75538,101
75548,101
75559,101
75568,101
75578,101
75588,107
75599,107
75608,107
75618,107
75629,103
75639,103
75648,103
75658,103
75668,103
75679,99
75688,99
75698,99
75709,99
75719,99
75728,95
75739,95
75748,95
75759,95
75770,95
75778,95
75788,95
75798,95
75808,95
75820,93
75829,93
75839,93
75849,93
75859,93
75868,91
75879,91
75889,91
75898,91
75908,91
75919,93
75928,93
75938,93
75948,93
75960,97
75968,97
75978,97
75988,97
75998,97
76009,101
76018,101
76028,101
76039,101
76048,101
76058,99
76069,99
76079,99
76089,99
76099,97
76108,97
76119,97
76128,97
76138,97
76150,97
76159,97
76168,97
76178,97
76189,97
76199,97
76209,97
76218,97
76229,97
76239,97
76248,97
76258,97
76268,97
76279,97
76290,95
76300,95
76308,95
76319,95
76328,95
76338,95
76350,95
76359,95
76368,95
76380,95
76389,95
76400,95
76409,95
76419,95
76429,97
76439,97
76449,97
76459,97
76468,97
76479,97
76489,97
76498,97
76508,97
76518,97
76528,97
76539,97
76549,97
76559,97
76570,99
76578,99
76588,99
76598,99
76608,99
76619,99
76629,99
76639,99
76648,99
76658,99
76668,97
76679,97
76688,97
76698,97
76710,95
76719,95
76728,95
76738,95
76749,95
76759,95
76769,95
76778,95
76788,95
76799,95
76808,95
76818,95
76828,95
76839,95
76849,95
76858,95
76868,95
76879,95
76888,95
76898,97
76909,97
76919,97
76928,97
76938,97
76948,103
76958,103
76968,103
76978,103
76990,109
76998,109
77008,109
77018,109
77029,109
77039,109
77048,109
77058,109
77069,109
77079,109
77089,103
77099,103
77108,103
77119,103
77128,103
77138,99
77148,99
77159,99
77168,99
77180,95
77188,95
77198,95
77208,95
77218,95
77229,91
77239,91
77248,91
77258,91
77269,91
77279,91
77288,91
77299,91
77308,91
77319,93
77328,93
77338,93
77348,93
77359,93
77368,95
77379,95
77388,95
77398,95
77408,95
77418,97
77429,97
77439,97
77448,97
77460,105
77468,105
77479,105
77488,105
77499,105
77510,103
77519,103
77528,103
77538,103
77548,103
77559,101
77568,101
77578,101
77588,101
77600,101
77608,99
77619,99
77629,99
77639,99
77650,97
77658,97
77669,97
77679,97
77689,97
77699,95
77709,95
77719,95
77728,95
77738,95
77748,95
77759,95
77768,95
77778,95
77788,95
77798,95
77808,95
77818,95
77828,95
77840,95
77848,95
77858,95
77868,95
77879,95
77889,97
77899,97
77908,97
77919,97
77928,97
77938,97
77949,97
77959,97
77968,97
77979,95
77988,95
77998,95
78008,95
78018,95
78029,99
78039,99
78048,99
78058,99
78068,99
78079,99
78088,99
78098,99
78108,99
78118,99
78128,99
78138,99
78149,99
78159,99
78169,97
78178,97
78188,97
78198,97
78208,97
78218,97
78230,97
78239,97
78248,97
78259,97
78268,95
78279,95
78288,95
78300,95
78309,93
78319,93
78328,93
78338,93
78349,93
78358,91
78369,91
78378,91
78388,91
78398,91
78408,93
78418,93
78429,93
78439,93
78450,93
78458,93
78468,93
78479,93
78488,93
78498,97
78509,97
78519,97
78528,97
78538,97
78549,97
78559,97
78568,97
78578,97
78589,99
78598,99
78609,99
78619,99
78629,99
78639,99
78648,99
78658,99
78668,99
78679,99
78688,99
78698,99
78708,99
78719,99
78729,97
78738,97
78748,97
78759,97
78768,97
78778,97
78790,97
78798,97
78808,97
78819,97
78829,97
78839,97
78849,97
78859,97
78870,95
78879,95
78888,95
78898,95
78908,95
78919,93
78928,93
78939,93
78948,93
78959,93
78968,97
78979,97
78989,97
78998,97
79009,97
79018,97
79028,97
79039,97
79048,97
79059,101
79068,101
79079,101
79088,101
79098,101
79108,101
79119,101
79128,101
79138,101
79148,101
79159,101
79168,101
79178,101
79188,101
79200,99
79208,99
79218,99
79228,99
79239,99
79248,99
79260,99
79268,99
79279,99
79288,99
79299,95
79309,95
79319,95
79328,95
79340,93
79348,93
79359,93
79368,93
79378,93
79390,95
79398,95
79408,95
79418,95
79428,95
79439,95
79449,95
79459,95
79469,95
79479,95
79489,95
79498,95
79508,95
79518,95
79529,97
79538,97
79548,97
79559,97
79568,97
79578,97
79589,97
79598,97
79608,97
79619,99
79628,99
79639,99
79649,99
79658,99
79670,97
79679,97
79688,97
79698,97
79708,97
79719,97
79729,97
79738,97
79748,97
79758,97
79768,95
79778,95
79788,95
79798,95
79809,97
79818,97
79828,97
79839,97
79848,97
79858,95
79870,95
79879,95
79888,95
79900,95
79908,93
79919,93
79930,93
79938,93
79950,97
79959,97
79968,97
79978,97
79988,97
80000,99
80010,99
80018,99
80030,99
80039,99
80050,97
80059,97
80069,97
80079,97
80089,99
80099,99
80109,99
80118,99
80128,99
80139,97
80150,97
80159,97
80168,97
80178,97
80188,99
80198,99
80208,99
80218,99
80229,97
80239,97
80248,97
80258,97
80268,97
80279,95
80289,95
80298,95
80308,95
80319,95
80328,95
80338,95
80348,95
80359,95
80369,93
80378,93
80388,93
80398,93
80408,93
80418,95
80429,95
80439,95
80448,95
80459,99
80468,99
80479,99
80488,99
80498,99
80510,103
80518,103
80528,103
80538,103
80548,103
80558,101
80568,101
80578,101
80588,101
80598,101
80608,99
80619,99
80629,99
80639,99
80650,99
80658,99
80669,99
80679,99
80689,99
80699,97
80709,97
80719,97
80728,97
80738,97
80748,97
80759,97
80768,97
80778,97
80790,95
80798,95
80808,95
80818,95
80828,95
80839,93
80848,93
80858,93
80868,93
80879,93
80888,93
80899,93
80908,93
80919,93
80929,95
80938,95
80949,95
80959,95
80968,95
80979,95
80988,95
80998,95
81008,95
81018,95
81028,97
81039,97
81049,97
81059,97
81068,97
81078,101
81090,101
81098,101
81108,101
81119,101
81128,101
81138,101
81150,101
81159,101
81170,99
81178,99
81188,99
81198,99
81208,99
81218,99
81230,99
81239,99
81249,99
81259,97
81269,97
81279,97
81289,97
81299,97
81309,97
81319,97
81328,97
81339,97
81348,97
81358,95
81369,95
81379,95
81388,95
81400,95
81408,95
81418,95
81429,95
81439,95
81450,95
81458,95
81468,95
81479,95
81488,95
81498,95
81509,95
81519,95
81528,95
81540,95
81548,95
81559,95
81568,95
81578,95
81589,97
81599,97
81608,97
81618,97
81629,97
81639,99
81649,99
81658,99
81668,99
81679,99
81688,99
81698,99
81708,99
81719,99
81729,97
81738,97
81748,97
81759,97
81768,97
81778,97
81789,97
81798,97
81808,97
81820,95
81828,95
81839,95
81848,95
81858,95
81870,91
81879,91
81888,91
81898,91
81909,91
81919,93
81929,93
81938,93
81948,93
81959,95
81968,95
81978,95
81988,95
81998,95
82009,97
82018,97
82028,97
82039,97
82049,97
82058,101
82069,101
82079,101
82088,101
82098,101
82109,101
82119,101
82128,101
82138,101
82149,105
82159,105
82168,105
82178,105
82188,105
82199,101
82208,101
82218,101
82228,101
82239,101
82248,99
82259,99
82268,99
82279,99
82289,99
82298,97
82308,97
82319,97
82328,97
82340,97
82348,97
82359,97
82368,97
82378,97
82390,95
82398,95
82408,95
82418,95
82428,95
82439,95
82450,95
82459,95
82470,95
82479,93
82490,93
82499,93
82510,93
82518,93
82529,95
82538,95
82549,95
82559,95
82569,95
82578,95
82589,95
82598,95
82608,95
82619,99
82628,99
82639,99
82648,99
82658,99
82670,97
82679,97
82688,97
82698,97
82708,97
82719,99
82729,99
82738,99
82748,99
82759,97
82768,97
82778,97
82788,97
82798,97
82809,95
82818,95
82828,95
82839,95
82848,95
82858,93
82869,93
82879,93
82888,93
82899,95
82908,95
82919,95
82928,95
82938,95
82950,97
82959,97
82968,97
82978,97
82988,97
82998,99
83009,99
83018,99
83029,99
83039,99
83048,97
83058,97
83068,97
83079,97
83089,99
83099,99
83108,99
83118,99
83129,99
83139,97
83149,97
83159,97
83168,97
83178,97
83188,99
83198,99
83208,99
83218,99
83230,95
83239,95
83248,95
83258,95
83268,95
83278,97
83288,97
83298,97
83308,97
83319,97
83328,97
83339,97
83348,97
83359,97
83369,97
83378,97
83388,97
83398,97
83408,97
83419,97
83428,97
83439,97
83448,97
83458,97
83468,99
83479,99
83488,99
83498,99
83508,99
83519,103
83530,103
83538,103
83548,103
83560,101
83568,101
83578,101
83588,101
83598,101
83609,99
83618,99
83628,99
83639,99
83648,99
83658,97
83668,97
83679,97
83689,97
83700,95
83709,95
83719,95
83728,95
83739,95
83749,95
83758,95
83768,95
83778,95
83788,95
83798,95
83809,95
83818,95
83828,95
83839,99
83848,99
83859,99
83869,99
83879,99
83890,99
83898,99
83908,99
83918,99
83928,99
83938,99
83949,99
83959,99
83968,99
83979,99
83988,99
83999,99
84008,99
84018,99
84030,99
84039,99
84048,99
84058,99
84068,99
84079,97
84089,97
84098,97
84108,97
84119,97
84128,99
84138,99
84148,99
84158,99
84170,97
84178,97
84188,97
84199,97
84209,97
84218,97
84229,97
84238,97
84248,97
84258,97
84268,97
84279,97
84288,97
84299,97
84309,97
84319,97
84329,97
84339,97
84348,97
84359,95
84368,95
84378,95
84388,95
84398,95
84408,97
84418,97
84428,97
84439,97
84450,95
84458,95
84468,95
84479,95
84488,95
84498,97
84509,97
84519,97
84528,97
84538,97
84548,95
84559,95
84568,95
84578,95
84589,97
84598,97
84608,97
84618,97
84628,97
84638,97
84648,97
84658,97
84668,97
84679,97
84688,99
84699,99
84708,99
84719,99
84729,97
84738,97
84748,97
84759,97
84768,97
84778,97
84790,97
84798,97
84808,97
84818,97
84828,95
84839,95
84848,95
84858,95
84870,97
84879,97
84889,97
84898,97
84909,97
84919,95
84929,95
84939,95
84949,95
84958,95
84969,99
84979,99
84988,99
84998,99
85009,97
85018,97
85028,97
85039,97
85048,97
85059,97
85068,97
85079,97
85088,97
85098,97
85108,95
85119,95
85128,95
85138,95
85150,99
85159,99
85168,99
85178,99
85188,99
85199,97
85208,97
85218,97
85228,97
85239,97
85248,99
85259,99
85269,99
85279,99
85288,99
85298,97
85308,97
85319,97
85328,97
85339,99
85348,99
85359,99
85368,99
85378,99
85389,97
85399,97
85408,97
85418,97
85429,97
85439,99
85448,99
85458,99
85468,99
85480,95
85488,95
85498,95
85509,95
85519,95
85529,97
85539,97
85549,97
85559,97
85569,97
85578,95
85589,95
85599,95
85608,95
85619,97
85629,97
85639,97
85648,97
85658,97
85669,95
85679,95
85688,95
85698,95
85708,95
85719,97
85729,97
85738,97
85748,97
85759,99
85768,99
85778,99
85788,99
85799,99
85809,99
85818,99
85829,99
85839,99
85848,99
85858,99
85869,99
85879,99
85888,99
85898,99
85908,99
85919,99
85928,99
85938,99
85950,99
85959,99
85968,99
85978,99
85988,99
85998,99
86008,99
86018,99
86029,99
86039,99
86048,95
86060,95
86068,95
86079,95
86089,97
86100,97
86108,97
86119,97
86129,97
86139,97
86149,97
86159,97
86169,97
86178,97
86188,95
86199,95
86208,95
86218,95
86229,95
86239,97
86249,97
86258,97
86268,97
86279,97
86289,97
86298,97
86308,97
86319,97
86329,101
86338,101
86348,101
86359,101
86368,101
86378,97
86389,97
86398,97
86408,97
86418,97
86428,97
86439,97
86448,97
86458,97
86470,99
86479,99
86488,99
86498,99
86508,99
86519,99
86528,99
86538,99
86548,99
86559,99
86568,99
86579,99
86588,99
86598,99
86608,99
86618,97
86628,97
86639,97
86648,97
86660,93
86669,93
86679,93
86688,93
86698,93
86709,91
86719,91
86728,91
86739,91
86749,91
86759,91
86768,91
86778,91
86788,91
86799,91
86808,91
86818,91
86828,91
86839,91
86848,97
86859,97
86868,97
86879,97
86888,97
86898,107
86909,107
86919,107
86928,107
86939,103
86948,103
86959,103
86968,103
86978,103
86989,101
86998,101
87009,101
87019,101
87029,101
87039,99
87050,99
87058,99
87068,99
87079,95
87088,95
87098,95
87108,95
87119,95
87129,95
87138,95
87148,95
87159,95
87168,95
87178,91
87190,91
87198,91
87208,91
87219,93
87228,93
87239,93
87248,93
87258,93
87270,93
87279,93
87288,93
87300,93
87310,93
87319,99
87329,99
87339,99
87348,99
87359,99
87368,99
87378,99
87390,99
87398,99
87410,99
87418,99
87428,99
87439,99
87448,99
87458,99
87470,99
87479,99
87488,99
87498,99
87508,97
87519,97
87528,97
87538,97
87549,95
87559,95
87568,95
87578,95
87588,95
87598,91
87609,91
87618,91
87628,91
87639,93
87648,93
87658,93
87668,93
87679,93
87689,95
87698,95
87708,95
87719,95
87728,95
87738,97
87749,97
87759,97
87768,97
87778,97
87788,101
87798,101
87808,101
87818,101
87830,105
87839,105
87848,105
87858,105
87868,105
87879,103
87888,103
87898,103
87908,103
87919,103
87928,101
87939,101
87948,101
87958,101
87969,101
87979,97
87988,97
87999,97
88008,97
88019,95
88029,95
88039,95
88048,95
88059,95
88068,93
88079,93
88088,93
88098,93
88108,93
88119,93
88129,93
88138,93
88148,93
88160,93
88168,93
88178,93
88188,93
88199,93
88209,97
88218,97
88228,97
88239,97
88248,97
88258,99
88269,99
88279,99
88288,99
88298,99
88308,97
88319,97
88328,97
88338,97
88350,99
88359,99
88368,99
88378,99
88388,99
88400,99
88409,99
88420,99
88430,99
88439,99
88448,97
88460,97
88468,97
88479,97
88490,93
88498,93
88509,93
88519,93
88529,93
88539,93
88548,93
88559,93
88569,93
88579,93
88588,93
88599,93
88608,93
88619,93
88630,95
88639,95
88648,95
88658,95
88668,95
88679,95
88688,95
88698,95
88708,95
88719,95
88728,99
88739,99
88749,99
88759,99
88770,101
88778,101
88788,101
88799,101
88808,101
88819,99
88828,99
88839,99
88848,99
88858,99
88868,99
88879,99
88888,99
88898,99
88908,99
88919,97
88928,97
88938,97
88948,97
88959,99
88968,99
88978,99
88988,99
88998,99
89009,97
89018,97
89028,97
89039,97
89048,97
89058,95
89069,95
89079,95
89088,95
89099,93
89108,93
89119,93
89129,93
89139,93
89150,93
89159,93
89168,93
89180,93
89189,93
89198,93
89209,93
89218,93
89228,93
89238,95
89248,95
89258,95
89268,95
89279,95
89289,99
89298,99
89308,99
89319,99
89328,99
89338,101
89349,101
89358,101
89368,101
89378,101
89388,101
89398,101
89408,101
89418,101
89429,99
89439,99
89448,99
89458,99
89468,99
89479,95
89489,95
89499,95
89508,95
89518,95
89528,95
89538,95
89548,95
89559,95
89570,93
89578,93
89588,93
89598,93
89608,93
89618,93
89630,93
89639,93
89648,93
89660,95
89668,95
89679,95
89688,95
89698,95
89710,97
89719,97
89729,97
89739,97
89749,97
89759,97
89769,97
89778,97
89789,97
89800,97
89809,97
89818,97
89829,97
89839,97
89850,95
89859,95
89868,95
89878,95
89888,95
89898,95
89908,95
89919,95
89928,95
89939,95
89948,95
89958,95
89968,95
89978,95
89988,97
89999,97
90008,97
90018,97
90030,97
90039,97
90048,97
90058,97
90068,97
90079,101
90088,101
90098,101
90108,101
90119,101
90128,99
90139,99
90149,99
90159,99
90170,97
90178,97
90188,97
90198,97
90208,97
90219,95
90229,95
90238,95
90248,95
90259,95
90268,95
90279,95
90288,95
90298,95
90309,93
90319,93
90328,93
90338,93
90348,93
90359,95
90368,95
90378,95
90389,95
90399,95
90409,97
90419,97
90428,97
90439,97
90450,101
90458,101
90468,101
90479,101
90488,101
90499,101
90508,101
90519,101
90529,101
90538,101
90548,103
90559,103
90568,103
90578,103
90588,103
90598,101
90609,101
90618,101
90628,101
90639,101
90649,101
90659,101
90668,101
90679,101
90689,97
90698,97
90708,97
90719,97
90728,97
90738,93
90749,93
90759,93
90768,93
90780,91
90788,91
90798,91
90808,91
90818,91
90830,93
90839,93
90848,93
90858,93
90868,93
90879,93
90890,93
90898,93
90908,93
90919,93
90928,95
90939,95
90948,95
90959,95
90970,103
90979,103
90989,103
90999,103
91009,103
91019,103
91028,103
91039,103
91049,103
91058,103
91068,101
91079,101
91088,101
91098,101
91108,101
91119,99
91129,99
91138,99
91148,99
91160,95
91168,95
91178,95
91189,95
91198,95
91209,93
91218,93
91228,93
91239,93
91248,93
91258,91
91269,91
91279,91
91288,91
91300,93
91308,93
91319,93
91328,93
91338,93
91349,93
91359,93
91368,93
91378,93
91388,93
91398,95
91409,95
91418,95
91428,95
91440,97
91448,97
91458,97
91468,97
91479,97
91489,97
91498,97
91508,97
91519,97
91528,97
91538,97
91550,97
91559,97
91568,97
91579,97
91588,97
91599,97
91608,97
91619,97
91628,97
91638,97
91648,97
91658,97
91669,97
91679,97
91689,97
91698,97
91708,97
91720,99
91728,99
91738,99
91749,99
91759,99
91769,99
91778,99
91788,99
91798,99
91808,99
91818,99
91829,99
91838,99
91848,99
91860,99
91869,99
91879,99
91888,99
91898,99
91909,97
91919,97
91928,97
91938,97
91948,97
91959,97
91969,97
91979,97
91988,97
91998,95
92008,95
92018,95
92028,95
92039,95
92050,93
92058,93
92068,93
92079,93
92088,93
92098,95
92110,95
92119,95
92128,95
92139,95
92150,99
92159,99
92169,99
92178,99
92189,101
92199,101
92209,101
92219,101
92229,101
92238,101
92248,101
92259,101
92268,101
92279,101
92289,101
92300,101
92309,101
92319,101
92329,99
92338,99
92348,99
92359,99
92368,99
92379,95
92388,95
92398,95
92408,95
92418,95
92428,93
92439,93
92448,93
92458,93
92470,95
92479,95
92488,95
92498,95
92508,95
92519,95
92528,95
92538,95
92548,95
92559,95
92568,97
92579,97
92588,97
92598,97
92608,97
92618,97
92629,97
92639,97
92649,97
92659,97
92668,97
92679,97
92689,97
92698,97
92709,99
92719,99
92728,99
92738,99
92748,99
92759,97
92768,97
92779,97
92789,97
92800,97
92809,97
92819,97
92829,97
92838,97
92848,97
92859,97
92869,97
92879,97
92888,97
92898,97
92908,97
92919,97
92928,97
92939,97
92949,97
92959,97
92968,97
92978,97
92988,95
92999,95
93008,95
93018,95
93029,97
93039,97
93048,97
93058,97
93069,97
93080,97
93088,97
93098,97
93108,97
93119,97
93128,97
93139,97
93149,97
93159,97
93168,97
93178,97
93188,97
93198,97
93208,97
93219,97
93228,97
93239,97
93248,97
93258,97
93270,99
93279,99
93288,99
93298,99
93308,99
93319,97
93330,97
93338,97
93350,97
93359,97
93369,97
93379,97
93389,97
93399,97
93409,95
93419,95
93429,95
93439,95
93448,95
93459,95
93469,95
93478,95
93488,95
93499,97
93509,97
93519,97
93528,97
93538,97
93550,97
93559,97
93568,97
93578,97
93589,97
93599,99
93609,99
93618,99
93629,99
93639,101
93648,101
93658,101
93669,101
93679,101
93689,99
93698,99
93708,99
93719,99
93728,99
93738,101
93750,101
93759,101
93769,101
93779,101
93788,99
93798,99
93808,99
93818,99
93830,99
93839,99
93848,99
93858,99
93868,99
93878,97
93888,97
93898,97
93908,97
93919,97
93928,95
93939,95
93948,95
93959,95
93969,93
93978,93
93989,93
93998,93
94008,93
94018,93
94029,93
94039,93
94049,93
94059,93
94068,91
94079,91
94088,91
94098,91
94109,93
94119,93
94128,93
94138,93
94149,93
94159,95
94169,95
94178,95
94188,95
94199,95
94208,97
94218,97
94228,97
94239,97
94250,99
94258,99
94268,99
94279,99
94288,99
94298,101
94309,101
94319,101
94328,101
94338,101
94348,99
94359,99
94368,99
94378,99
94389,99
94398,99
94408,99
94418,99
94428,99
94438,97
94448,97
94458,97
94468,97
94479,97
94488,97
94500,97
94508,97
94519,97
94530,97
94540,97
94550,97
94559,97
94568,97
94580,97
94589,97
94599,97
94609,97
94619,97
94629,95
94639,95
94649,95
94658,95
94670,95
94679,95
94688,95
94698,95
94708,95
94719,95
94728,95
94738,95
94748,95
94759,95
94768,97
94779,97
94788,97
94798,97
94809,97
94818,97
94828,97
94839,97
94848,97
94859,97
94868,97
94879,97
94888,97
94898,97
94908,97
94919,97
94929,97
94938,97
94950,99
94959,99
94968,99
94979,99
94988,99
95000,97
95008,97
95018,97
95029,97
95039,97
95048,97
95059,97
95068,97
95079,97
95089,95
95098,95
95108,95
95119,95
95128,95
95139,97
95148,97
95159,97
95168,97
95178,97
95188,95
95199,95
95208,95
95219,95
95230,97
95239,97
95248,97
95258,97
95268,97
95279,95
95288,95
95298,95
95308,95
95319,95
95328,99
95339,99
95349,99
95359,99
95368,99
95378,97
95388,97
95399,97
95408,97
95419,97
95429,97
95439,97
95448,97
95458,97
95469,97
95479,97
95488,97
95498,97
95509,97
95519,99
95529,99
95538,99
95548,99
95559,97
95568,97
95578,97
95589,97
95598,97
95609,97
95618,97
95629,97
95639,97
95648,97
95658,97
95670,97
95679,97
95688,97
95700,97
95708,97
95719,97
95728,97
95738,97
95749,97
95759,97
95768,97
95779,97
95788,97
95800,97
95810,97
95819,97
95829,97
95839,97
95848,97
95859,97
95868,97
95879,97
95889,97
95898,97
95908,97
95919,97
95928,97
95938,95
95949,95
95959,95
95968,95
95979,97
95989,97
95999,97
96008,97
96018,97
96029,97
96039,97
96048,97
96058,97
96069,97
96079,99
96089,99
96098,99
96108,99
96118,99
96128,97
96138,97
96149,97
96159,97
96170,97
96178,97
96188,97
96198,97
96208,97
96218,97
96229,97
96238,97
96248,97
96259,97
96268,97
96279,97
96288,97
96298,97
96309,97
96319,97
96328,97
96338,97
96348,97
96359,95
96369,95
96378,95
96388,95
96399,95
96408,95
96419,95
96429,95
96438,95
96450,97
96459,97
96468,97
96478,97
96488,97
96498,97
96509,97
96518,97
96528,97
96538,97
96549,99
96558,99
96568,99
96578,99
96589,97
96599,97
96608,97
96618,97
96629,97
96638,99
96648,99
96658,99
96668,99
96679,99
96688,97
96699,97
96709,97
96719,97
96729,97
96738,97
96748,97
96759,97
96768,97
96779,97
96788,97
96798,97
96808,97
96818,97
96828,99
96839,99
96848,99
96858,99
96868,99
96879,99
96890,99
96900,99
96910,99
96920,99
96928,99
96938,99
96948,99
96959,99
96970,97
96978,97
96990,97
96999,97
97009,97
97018,97
97030,97
97039,97
97049,97
97060,95
97069,95
97078,95
97089,95
97098,95
97109,97
97119,97
97128,97
97138,97
97148,97
97159,95
97169,95
97178,95
97188,95
97198,95
97208,97
97218,97
97228,97
97239,97
97249,97
97258,97
97268,97
97279,97
97288,97
97299,97
97309,97
97319,97
97328,97
97338,97
97348,97
97359,97
97368,97
97378,97
97389,97
97398,97
97408,97
97418,97
97429,97
97439,97
97448,97
97458,97
97468,97
97479,97
97488,97
97499,97
97508,97
97519,97
97529,97
97538,97
97549,97
97559,97
97568,97
97579,97
97588,97
97599,97
97608,97
97618,97
97629,97
97639,97
97649,97
97659,97
97668,97
97678,97
97689,97
97698,97
97709,97
97719,97
97728,97
97738,97
97749,97
97759,97
97769,97
97778,97
97789,97
97798,97
97808,97
97818,97
97829,97
97839,97
97848,97
97859,95
97868,95
97879,95
97888,95
97898,95
97909,97
97918,97
97928,97
97938,97
97949,97
97959,97
97969,97
97978,97
97988,97
97998,99
98008,99
98018,99
98029,99
98039,99
98050,97
98058,97
98068,97
98079,97
98088,97
98098,97
98110,97
98120,97
98130,97
98138,97
98150,97
98158,97
98168,97
98178,97
98190,97
98199,97
98209,97
98219,97
98229,97
98239,97
98249,97
98258,97
98269,97
98279,97
98288,97
98299,97
98308,97
98318,97
98329,99
98338,99
98348,99
98359,99
98368,99
98379,99
98388,99
98399,99
98408,99
98418,99
98429,99
98439,99
98448,99
98458,99
98468,99
98479,97
98488,97
98498,97
98508,97
98520,97
98528,97
98538,97
98548,97
98559,97
98569,97
98578,97
98589,97
98599,97
98608,97
98618,97
98629,97
98639,97
98648,97
98659,95
98668,95
98679,95
98688,95
98698,95
98709,95
98719,95
98728,95
98738,95
98748,95
98759,93
98768,93
98778,93
98788,93
98799,95
98808,95
98818,95
98828,95
98839,95
98848,97
98859,97
98869,97
98879,97
98889,97
98898,99
98909,99
98919,99
98929,99
98939,99
98948,99
98959,99
98968,99
98978,99
98990,101
98999,101
99008,101
99018,101
99028,101
99039,99
99050,99
99058,99
99068,99
99079,99
99088,99
99099,99
99108,99
99119,99
99129,99
99138,99
99149,99
99159,99
99168,99
99179,97
99188,97
99198,97
99208,97
99218,97
99228,95
99239,95
99248,95
99258,95
99269,95
99279,95
99288,95
99298,95
99308,95
99320,95
99330,95
99338,95
99348,95
99359,95
99368,93
99378,93
99390,93
99400,93
99408,93
99419,103
99430,103
99439,103
99449,103
99459,103
99468,105
99479,105
99489,105
99498,105
99509,101
99519,101
99529,101
99538,101
99548,101
99558,97
99568,97
99578,97
99589,97
99599,97
99608,97
99619,97
99628,97
99639,97
99650,95
99658,95
99668,95
99679,95
99688,95
99698,95
99709,95
99719,95
99728,95
99739,95
99748,93
99758,93
99768,93
99778,93
99790,95
99799,95
99808,95
99819,95
99829,95
99839,93
99849,93
99858,93
99868,93
99879,93
99888,97
99898,97
99908,97
99919,97
99929,95
99938,95
99948,95
99959,95
99968,95
99978,99
99989,99
99999,99
100008,99
100019,99
100028,99
100039,99
100048,99
100059,99
100069,101
100078,101
100089,101
100099,101
100108,101
100119,99
100129,99
100139,99
100148,99
100159,99
100168,99
100179,99
100189,99
100199,99
100208,99
100219,97
100229,97
100239,97
100248,97
100260,97
100268,97
100279,97
100288,97
100298,97
100308,93
100318,93
100328,93
100338,93
100348,93
100359,97
100369,97
100378,97
100389,97
100400,97
100408,97
100418,97
100428,97
100439,97
100449,99
100458,99
100468,99
100479,99
100488,99
100498,97
100510,97
100519,97
100528,97
100540,97
100550,97
100559,97
100568,97
100578,97
100589,97
100600,97
100608,97
100618,97
100629,97
100639,97
100650,97
100659,97
100668,97
100679,95
100689,95
100699,95
100708,95
100719,95
100729,95
100738,95
100749,95
100759,95
100768,95
100778,95
100789,95
100799,95
100808,95
100818,95
100828,99
100839,99
100848,99
100858,99
100869,99
100879,99
100888,99
100898,99
100908,99
100918,99
100928,99
100938,99
100949,99
100959,99
100968,99
100979,99
100989,99
100999,99
101009,99
101018,99
101028,99
101039,99
101048,99
101059,97
101068,97
101079,97
101088,97
101098,97
101108,99
101119,99
101129,99
101138,99
101150,99
101159,99
101168,99
101178,99
101189,99
101199,99
101208,99
101218,99
101228,99
101239,99
101248,95
101259,95
101269,95
101279,95
101289,95
101299,95
101308,95
101318,95
101328,95
101339,93
101348,93
101359,93
101368,93
101378,93
101389,97
101399,97
101408,97
101418,97
101429,97
101439,97
101448,97
101458,97
101468,97
101480,99
101488,99
101498,99
101508,99
101519,99
101529,99
101538,99
101548,99
101559,99
101568,99
101578,99
101589,99
101599,99
101608,99
101619,99
101628,99
101639,99
101648,99
101658,99
101670,99
101679,99
101688,99
101698,99
101708,99
101719,97
101730,97
101738,97
101748,97
101759,97
101768,97
101778,97
101790,97
101800,97
101810,95
101818,95
101830,95
101839,95
101850,95
101858,91
101868,91
101879,91
101889,91
101899,91
101909,91
101918,91
101928,91
101938,91
101949,93
101959,93
101968,93
101978,93
101988,93
101998,95
102008,95
102018,95
102028,95
102039,95
102048,101
102059,101
102068,101
102079,101
102088,101
102098,105
102109,105
102119,105
102128,105
102139,105
102148,103
102159,103
102169,103
102178,103
102190,101
102199,101
102208,101
102218,101
102228,101
102239,99
102248,99
102258,99
102268,99
102278,99
102288,97
102298,97
102308,97
102319,97
102328,97
102338,97
102349,97
102359,97
102368,97
102379,93
102389,93
102399,93
102408,93
102418,93
102429,93
102439,93
102448,93
102458,93
102469,93
102478,93
102489,93
102498,93
102509,93
102519,93
102528,95
102539,95
102549,95
102559,95
102569,95
102578,95
102590,95
102599,95
102608,95
102619,99
102628,99
102639,99
102648,99
102658,99
102669,99
102679,99
102688,99
102698,99
102708,99
102718,99
102728,99
102738,99
102748,99
102759,99
102768,97
102779,97
102789,97
102799,97
102810,95
102818,95
102828,95
102839,95
102848,95
102860,95
102868,95
102879,95
102888,95
102898,95
102908,95
102920,95
102928,95
102938,95
102948,95
102958,95
102970,95
102978,95
102989,95
103000,95
103008,95
103018,95
103030,95
103039,95
103048,95
103060,95
103068,95
103079,95
103089,95
103099,95
103109,95
103119,95
103129,95
103138,95
103149,95
103158,95
103168,95
103178,95
103190,97
103198,97
103208,97
103218,97
103229,97
103239,99
103249,99
103258,99
103268,99
103279,99
103288,99
103299,99
103308,99
103319,99
103328,99
103338,99
103349,99
103359,99
103368,99
103380,99
103389,99
103399,99
103408,99
103418,99
103429,97
103439,97
103448,97
103458,97
103468,97
103479,97
103489,97
103498,97
103508,97
103519,97
103528,95
103538,95
103548,95
103559,95
103570,95
103578,95
103589,95
103599,95
103608,95
103619,95
103628,95
103639,95
103648,95
103658,95
103669,95
103679,95
103689,95
103699,95
103709,95
103719,95
103729,95
103738,95
103748,95
103759,97
103768,97
103778,97
103789,97
103799,97
103810,101
103818,101
103828,101
103839,101
103848,101
103859,103
103868,103
103879,103
103888,103
103898,103
103909,103
103919,103
103928,103
103938,103
103948,103
103959,99
103969,99
103978,99
103988,99
103998,99
104008,97
104018,97
104028,97
104039,97
104049,95
104058,95
104068,95
104079,95
104088,95
104099,93
104108,93
104119,93
104128,93
104138,93
104148,93
104159,93
104170,93
104178,93
104188,93
104199,97
104210,97
104218,97
104228,97
104239,97
104248,97
104258,97
104270,97
104279,97
104289,97
104299,97
104308,97
104318,97
104328,97
104339,99
104349,99
104359,99
104369,99
104378,99
104389,99
104399,99
104408,99
104418,99
104428,99
104439,97
104449,97
104458,97
104468,97
104479,97
104488,97
104499,97
104508,97
104519,97
104529,97
104538,97
104548,97
104559,97
104568,97
104579,97
104588,97
104599,97
104608,97
104618,97
104629,97
104639,97
104648,97
104658,97
104668,97
104678,93
104689,93
104698,93
104708,93
104718,93
104728,95
104739,95
104748,95
104759,95
104769,95
104778,95
104788,95
104799,95
104808,95
104820,95
104828,95
104839,95
104848,95
104858,95
104868,97
104879,97
104889,97
104899,97
104909,97
104919,97
104929,97
104939,97
104948,97
104959,97
104968,97
104978,97
104989,97
104998,97
105009,97
105018,97
105028,97
105039,97
105048,97
105059,97
105068,97
105079,97
105088,97
105098,97
105108,97
105119,97
105128,97
105138,97
105148,97
105159,99
105168,99
105178,99
105189,99
105200,99
105208,99
105218,99
105228,99
105239,99
105249,97
105258,97
105268,97
105279,97
105288,97
105298,95
105309,95
105318,95
105329,95
105340,95
105348,97
105358,97
105369,97
105378,97
105389,97
105399,97
105408,97
105418,97
105428,97
105440,97
105448,97
105458,97
105470,97
105479,97
105489,97
105499,97
105509,97
105519,97
105529,97
105539,97
105549,97
105558,97
105568,97
105579,95
105589,95
105599,95
105608,95
105618,95
105629,97
105639,97
105648,97
105658,97
105668,97
105679,97
105689,97
105698,97
105708,97
105719,97
105728,99
105739,99
105749,99
105759,99
105768,99
105778,99
105789,99
105799,99
105808,99
105819,97
105829,97
105839,97
105848,97
105858,97
105869,97
105879,97
105888,97
105898,97
105908,97
105919,95
105929,95
105938,95
105948,95
105959,95
105968,95
105979,95
105988,95
105998,95
106009,91
106018,91
106028,91
106039,91
106048,91
106060,93
106068,93
106079,93
106089,93
106098,93
106109,93
106119,93
106129,93
106139,93
106148,93
106158,97
106169,97
106178,97
106189,97
106198,97
106208,97
106218,97
106229,97
106239,97
106249,99
106258,99
106268,99
106279,99
106288,99
106299,97
106308,97
106319,97
106328,97
106338,97
106348,97
106359,97
106368,97
106378,97
106389,97
106399,97
106408,97
106418,97
106429,97
106440,97
106448,97
106458,97
106468,97
106479,97
106489,97
106498,97
106508,97
106519,97
106528,97
106538,99
106550,99
106559,99
106568,99
106578,99
106588,97
106600,97
106608,97
106618,97
106628,97
106639,99
106648,99
106658,99
106668,99
106679,99
106689,99
106699,99
106709,99
106719,99
106729,97
106738,97
106749,97
106759,97
106769,97
106779,95
106789,95
106799,95
106808,95
106818,95
106828,97
106839,97
106848,97
106858,97
106870,97
106879,97
106888,97
106898,97
106908,97
106919,97
106928,97
106938,97
106948,97
106959,97
106969,97
106978,97
106988,97
106999,97
107008,97
107019,99
107028,99
107039,99
107048,99
107058,99
107068,99
107079,99
107088,99
107098,99
107109,99
107118,99
107129,99
107138,99
107148,99
107158,97
107168,97
107178,97
107188,97
107199,97
107209,97
107218,97
107228,97
107239,97
107248,97
107258,95
107268,95
107279,95
107288,95
107298,95
107308,93
107319,93
107329,93
107339,93
107350,93
107359,93
107369,93
107378,93
107389,93
107399,95
107408,95
107418,95
107429,95
107439,95
107449,97
107458,97
107468,97
107479,97
107489,97
107498,99
107509,99
107519,99
107528,99
107538,99
107548,99
107559,99
107568,99
107578,99
107590,99
107599,99
107608,99
107618,99
107628,99
107639,97
107648,97
107658,97
107668,97
107678,97
107688,97
107699,97
107709,97
107719,97
107730,93
107738,93
107749,93
107759,93
107768,93
107780,95
107788,95
107799,95
107808,95
107818,95
107830,95
107839,95
107848,95
107858,95
107870,95
107879,95
107889,95
107899,95
107909,95
107919,95
107928,97
107939,97
107949,97
107959,97
107969,97
107978,97
107989,97
107999,97
108008,97
108019,97
108028,97
108039,97
108048,97
108058,97
108069,97
108079,97
108088,97
108098,97
108109,95
108119,95
108128,95
108138,95
108149,95
108159,97
108169,97
108178,97
108189,97
108199,97
108208,97
108218,97
108229,97
108239,97
108248,97
108258,97
108269,97
108279,97
108288,97
108300,97
108308,97
108319,97
108328,97
108338,97
108350,95
108359,95
108369,95
108379,95
108389,95
108399,97
108409,97
108418,97
108428,97
108439,97
108448,95
108458,95
108468,95
108479,95
108489,97
108498,97
108508,97
108519,97
108529,97
108539,97
108548,97
108558,97
108568,97
108579,97
108588,99
108599,99
108608,99
108618,99
108629,99
108639,99
108648,99
108658,99
108668,99
108680,97
108688,97
108698,97
108708,97
108719,97
108729,97
108738,97
108748,97
108759,97
108769,97
108778,97
108789,97
108799,97
108808,97
108818,97
108828,97
108839,97
108848,97
108858,97
108869,97
108879,97
108888,97
108898,97
108908,97
108919,97
108928,97
108938,97
108948,97
108959,97
108968,97
108978,97
108988,97
108999,97
109008,97
109018,97
109030,97
109039,97
109048,97
109060,97
109068,97
109079,97
109088,97
109099,97
109109,97
109119,97
109129,97
109139,97
109149,97
109159,99
109169,99
109179,99
109188,99
109199,99
109208,99
109219,99
109228,99
109239,99
109248,99
109258,99
109270,99
109279,99
109288,99
109300,97
109308,97
109319,97
109328,97
109338,97
109349,99
109359,99
109368,99
109378,99
109389,99
109399,97
109408,97
109418,97
109429,97
109439,97
109448,99
109458,99
109468,99
109479,99
109488,99
109498,99
109509,99
109519,99
109528,99
109539,99
109548,99
109559,99
109568,99
109578,99
109590,97
109599,97
109609,97
109618,97
109628,97
109638,95
109648,95
109658,95
109669,95
109679,95
109688,95
109699,95
109708,95
109719,95
109728,95
109738,97
109749,97
109759,97
109769,97
109779,97
109789,97
109798,97
109808,97
109819,97
109830,99
109839,99
109849,99
109858,99
109868,99
109878,97
109888,97
109898,97
109909,97
109919,97
109928,97
109939,97
109948,97
109959,97
109969,95
109978,95
109989,95
109999,95
110008,95
110019,95
110028,95
110039,95
110048,95
110058,95
110069,95
110078,95
110088,95
110098,95
110108,95
110118,95
110129,95
110138,95
110149,95
110159,95
110168,95
110178,95
110189,95
110199,95
110210,97
110218,97
110229,97
110238,97
110250,97
110258,97
110270,97
110279,97
110288,97
110298,97
110310,97
110319,97
110329,97
110339,97
110350,97
110359,97
110369,97
110379,97
110389,97
110399,97
110408,97
110419,97
110428,97
110438,97
110448,95
110459,95
110468,95
110479,95
110488,95
110498,97
110509,97
110518,97
110528,97
110539,97
110549,97
110559,97
110568,97
110578,97
110590,99
110599,99
110608,99
110618,99
110629,99
110639,99
110648,99
110658,99
110668,99
110679,99
110688,99
110698,99
110708,99
110719,99
110728,99
110738,97
110749,97
110759,97
110768,97
110780,95
110789,95
110799,95
110808,95
110818,95
110829,95
110839,95
110848,95
110858,95
110868,95
110879,95
110888,95
110898,95
110908,95
110919,95
110928,95
110939,95
110949,95
110959,95
110969,97
110978,97
110989,97
110999,97
111009,97
111019,97
111028,97
111039,97
111048,97
111059,97
111069,97
111079,97
111088,97
111098,97
111108,97
111119,97
111129,97
111138,97
111148,97
111159,97
111168,97
111178,97
111188,97
111199,97
111209,97
111218,97
111228,97
111239,97
111248,97
111259,97
111268,97
111279,97
111288,97
111298,97
111308,97
111319,97
111328,97
111338,97
111349,95
111358,95
111368,95
111378,95
111389,95
111400,97
111408,97
111418,97
111428,97
111439,97
111450,97
111458,97
111468,97
111479,97
111488,97
111498,97
111510,97
111519,97
111530,97
111539,95
111549,95
111559,95
111569,95
111578,95
111590,95
111599,95
111609,95
111618,95
111628,95
111638,97
111648,97
111658,97
111668,97
111679,97
111688,97
111699,97
111708,97
111719,97
111730,95
111738,95
111748,95
111759,95
111768,95
111779,99
111789,99
111799,99
111809,99
111819,99
111829,99
111839,99
111848,99
111858,99
111868,99
111879,99
111889,99
111898,99
111908,99
111919,99
111928,99
111939,99
111948,99
111959,99
111969,99
111978,99
111989,99
111999,99
112008,99
112019,97
112028,97
112039,97
112048,97
112058,97
112068,97
112079,97
112088,97
112098,97
112108,97
112118,95
112129,95
112138,95
112149,95
112159,97
112168,97
112179,97
112189,97
112198,97
112209,97
112218,97
112229,97
112239,97
112248,97
112260,99
112268,99
112278,99
112288,99
112298,99
112308,97
112319,97
112328,97
112338,97
112348,97
112359,97
112369,97
112378,97
112389,97
112399,97
112408,97
112418,97
112428,97
112439,97
112450,97
112458,97
112468,97
112479,97
112488,97
112498,97
112508,97
112518,97
112528,97
112538,97
112548,97
112559,97
112568,97
112578,97
112590,97
112598,97
112608,97
112618,97
112628,97
112640,99
112648,99
112658,99
112668,99
112679,99
112690,97
112698,97
112708,97
112719,97
112728,97
112739,99
112750,99
112759,99
112769,99
112779,99
112789,97
112799,97
112809,97
112819,97
112829,97
112839,97
112848,97
112858,97
112868,97
112879,97
112888,97
112898,97
112908,97
112918,97
112929,99
112938,99
112948,99
112959,99
112968,99
112978,99
112989,99
112998,99
113008,99
113018,99
113028,99
113039,99
113048,99
113058,99
113070,97
113078,97
113088,97
113098,97
113108,97
113119,97
113128,97
113138,97
113148,97
113159,97
113169,97
113178,97
113189,97
113199,97
113208,97
113218,97
113229,97
113239,97
113248,97
113258,97
113268,97
113279,97
113288,97
113298,97
113309,97
113319,97
113328,97
113338,97
113348,97
113358,97
113368,97
113379,97
113388,97
113398,97
113409,93
113419,93
113429,93
113438,93
113450,93
113458,93
113468,93
113479,93
113488,93
113499,93
113508,93
113518,93
113528,93
113538,93
113548,95
113559,95
113568,95
113578,95
113589,97
113599,97
113608,97
113618,97
113628,97
113639,95
113648,95
113658,95
113668,95
113679,95
113688,97
113699,97
113708,97
113719,97
113728,97
113738,97
113749,97
113758,97
113768,97
113779,99
113789,99
113799,99
113808,99
113818,99
113831,97
113838,97
113850,97
113858,97
113868,97
113879,99
113888,99
113898,99
113908,99
113919,99
113928,99
113939,99
113950,99
113959,99
113969,99
113978,99
113989,99
113999,99
114009,99
114019,95
114028,95
114038,95
114048,95
114058,95
114069,95
114079,95
114088,95
114098,95
114108,95
114119,95
114129,95
114138,95
114148,95
114159,95
114168,97
114178,97
114189,97
114199,97
114209,95
114219,95
114229,95
114239,95
114248,95
114259,95
114268,95
114279,95
114288,95
114298,95
114308,95
114319,95
114328,95
114338,95
114348,95
114359,97
114369,97
114378,97
114389,97
114399,97
114408,97
114418,97
114428,97
114439,97
114450,97
114458,97
114468,97
114478,97
114488,97
114499,99
114508,99
114518,99
114528,99
114538,99
114548,97
114559,97
114568,97
114578,97
114589,97
114598,99
114609,99
114618,99
114628,99
114640,97
114648,97
114658,97
114668,97
114679,97
114689,99
114698,99
114708,99
114718,99
114728,99
114739,97
114748,97
114759,97
114768,97
114778,97
114789,99
114799,99
114808,99
114818,99
114828,99
114839,97
114848,97
114858,97
114868,97
114879,97
114888,97
114898,97
114908,97
114918,97
114929,95
114938,95
114948,95
114959,95
114968,95
114978,95
114989,95
114999,95
115009,95
115019,95
115028,95
115040,95
115048,95
115058,95
115068,95
115078,97
115089,97
115098,97
115108,97
115120,97
115128,97
115138,97
115150,97
115159,97
115170,99
115179,99
115189,99
115199,99
115209,99
115219,97
115228,97
115239,97
115248,97
115259,97
115268,99
115279,99
115288,99
115298,99
115309,97
115319,97
115328,97
115338,97
115348,97
115359,97
115369,97
115379,97
115389,97
115399,97
115409,97
115418,97
115428,97
115439,97
115448,97
115458,97
115469,97
115479,97
115488,97
115499,97
115508,95
115519,95
115528,95
115538,95
115550,95
115559,95
115568,95
115578,95
115589,95
115599,97
115608,97
115618,97
115628,97
115639,97
115648,99
115659,99
115668,99
115679,99
115688,99
115698,97
115709,97
115719,97
115728,97
115739,97
115748,97
115759,97
115768,97
115779,97
115790,97
115799,97
115808,97
115819,97
115829,97
115839,97
115849,97
115858,97
115868,97
115879,97
115888,97
115899,97
115908,97
115919,97
115929,95
115938,95
115948,95
115959,95
115968,95
115979,95
115989,95
115999,95
116008,95
116018,95
116028,95
116039,95
116048,95
116058,95
116069,95
116079,95
116088,95
116098,95
116108,95
116119,95
116128,95
116138,95
116148,95
116159,95
116169,97
116178,97
116188,97
116199,97
116208,97
116218,99
116230,99
116239,99
116248,99
116258,99
116268,99
116279,99
116288,99
116298,99
116310,99
116319,99
116328,99
116338,99
116348,99
116359,97
116368,97
116379,97
116389,97
116399,97
116409,99
116419,99
116429,99
116439,99
116448,99
116458,97
116469,97
116479,97
116488,97
116499,97
116508,99
116518,99
116528,99
116538,99
116550,97
116559,97
116568,97
116578,97
116589,97
116599,99
116608,99
116618,99
116628,99
116639,99
116649,97
116658,97
116668,97
116679,97
116688,97
116698,97
116709,97
116719,97
116728,97
116739,97
116748,95
116759,95
116768,95
116778,95
116789,95
116799,95
116808,95
116818,95
116828,95
116838,93
116848,93
116858,93
116868,93
116879,93
116888,93
116899,93
116908,93
116918,93
116929,95
116938,95
116948,95
116959,95
116968,95
116979,97
116989,97
116998,97
117008,97
117019,97
117029,97
117038,97
117048,97
117059,97
117068,97
117079,99
117089,99
117098,99
117108,99
117119,97
117128,97
117138,97
117148,97
117159,97
117169,97
117178,97
117189,97
117199,97
117208,97
117218,93
117229,93
117239,93
117248,93
117258,93
117268,93
117278,93
117288,93
117298,93
117309,95
117318,95
117328,95
117338,95
117348,95
117359,95
117368,95
117378,95
117389,95
117399,95
117409,97
117420,97
117430,97
117439,97
117448,97
117458,97
117468,97
117479,97
117488,97
117500,97
117508,97
117519,97
117528,97
117538,97
117549,97
117559,97
117568,97
117579,97
117589,97
117599,97
117609,97
117619,97
117628,97
117639,97
117648,95
117659,95
117668,95
117679,95
117689,97
117698,97
117708,97
117719,97
117728,97
117739,99
117748,99
117759,99
117768,99
117778,99
117789,99
117799,99
117809,99
117818,99
117828,99
117839,99
117849,99
117858,99
117868,99
117878,99
117888,99
117898,99
117908,99
117919,99
117929,99
117938,99
117948,99
117959,99
117968,99
117979,99
117989,99
117999,99
118008,99
118018,99
118028,97
118039,97
118048,97
118058,97
118068,97
118079,97
118089,97
118098,97
118108,97
118119,95
118128,95
118138,95
118148,95
118159,95
118170,93
118178,93
118188,93
118199,93
118208,93
118219,91
118229,91
118239,91
118249,91
118260,91
118268,93
118279,93
118288,93
118298,93
118308,93
118319,97
118329,97
118338,97
118348,97
118358,99
118368,99
118378,99
118389,99
118399,99
118409,99
118418,99
118428,99
118439,99
118448,99
118459,99
118468,99
118479,99
118488,99
118498,99
118508,97
118519,97
118528,97
118538,97
118550,97
118559,97
118568,97
118578,97
118589,97
118599,95
118609,95
118618,95
118629,95
118639,95
118648,95
118660,95
118668,95
118679,95
118688,95
118698,97
118710,97
118719,97
118728,97
118740,97
118748,97
118759,97
118768,97
118778,97
118790,95
118799,95
118809,95
118818,95
118829,95
118839,95
118848,95
118859,95
118869,95
118878,95
118889,95
118899,95
118908,95
118919,95
118930,97
118938,97
118948,97
118959,97
118968,97
118979,97
118989,97
118999,97
119008,97
119018,97
119029,97
119039,97
119048,97
119058,97
119068,97
119079,99
119089,99
119098,99
119108,99
119119,101
119128,101
119138,101
119148,101
119159,101
119169,99
119178,99
119189,99
119198,99
119208,99
119219,99
119228,99
119239,99
119248,99
119258,99
119268,97
119279,97
119288,97
119298,97
119308,97
119318,97
119328,97
119338,97
119348,97
119359,95
119368,95
119378,95
119388,95
119399,95
119409,97
119419,97
119429,97
119439,97
119450,97
119458,97
119470,97
119479,97
119488,97
119498,97
119508,99
119519,99
119528,99
119538,99
119549,97
119559,97
119568,97
119578,97
119589,97
119600,105
119608,105
119618,105
119628,105
119638,105
119649,107
119658,107
119668,107
119678,107
119688,107
119699,99
119708,99
119718,99
119728,99
119738,99
119748,99
119758,99
119768,99
119778,99
119789,99
119798,97
119809,97
119818,97
119828,97
119839,93
119848,93
119858,93
119868,93
119878,93
119890,93
119898,93
119908,93
119919,93
119928,93
119940,93
119948,93
119959,93
119968,93
119978,93
119989,95
120000,95
120009,95
120019,95
120029,95
120039,97
120049,97
120058,97
120069,97
120078,97
120088,97
120098,97
120108,97
120119,97
120129,99
120138,99
120148,99
120159,99
120168,99
120178,97
120189,97
120198,97
120209,97
120218,97
120228,97
120239,97
120249,97
120258,97
120269,91
120279,91
120288,91
120298,91
120308,91
120318,91
120328,91
120338,91
120348,91
120359,91
120368,93
120379,93
120389,93
120399,93
120409,95
120418,95
120428,95
120439,95
120448,95
120459,97
120468,97
120479,97
120488,97
120498,97
120508,97
120519,97
120528,97
120538,97
120548,97
120559,99
120569,99
120578,99
120589,99
120599,99
120608,101
120618,101
120628,101
120639,101
120649,99
120659,99
120670,99
120679,99
120689,99
120699,99
120708,99
120719,99
120728,99
120738,99
120748,95
120759,95
120768,95
120778,95
120790,97
120799,97
120808,97
120818,97
120828,97
120840,93
120848,93
120858,93
120868,93
120879,93
120889,97
120898,97
120908,97
120919,97
120928,97
120938,97
120949,97
120959,97
120968,97
120978,97
120989,99
120998,99
121008,99
121018,99
121029,97
121039,97
121048,97
121058,97
121068,97
121080,97
121088,97
121098,97
121108,97
121119,97
121130,99
121138,99
121148,99
121159,99
121168,99
121178,99
121190,99
121198,99
121208,99
121219,99
121230,97
121239,97
121249,97
121259,97
121269,97
121278,97
121289,97
121298,97
121309,97
121319,95
121329,95
121338,95
121348,95
121359,95
121368,95
121379,95
121388,95
121399,95
121408,95
121418,95
121429,95
121439,95
121448,95
121459,97
121469,97
121479,97
121488,97
121498,97
121509,99
121519,99
121528,99
121538,99
121548,99
121558,99
121568,99
121578,99
121589,99
121598,99
121608,97
121619,97
121629,97
121639,97
121650,97
121658,97
121668,97
121679,97
121688,97
121699,95
121708,95
121718,95
121728,95
121738,95
121748,95
121759,95
121768,95
121778,95
121788,95
121799,95
121809,95
121818,95
121828,95
121838,95
121848,95
121859,95
121869,95
121879,95
121890,95
121899,95
121908,95
121918,95
121928,95
121939,97
121948,97
121959,97
121968,97
121978,97
121989,97
121999,97
122008,97
122018,97
122028,97
122039,97
122049,97
122058,97
122068,97
122080,97
122088,97
122098,97
122108,97
122118,97
122129,99
122138,99
122148,99
122159,99
122168,99
122179,99
122189,99
122199,99
122208,99
122218,99
122228,97
122239,97
122248,97
122259,97
122269,97
122279,99
122288,99
122298,99
122308,99
122319,99
122330,99
122338,99
122348,99
122359,99
122370,97
122378,97
122389,97
122399,97
122408,97
122418,95
122428,95
122439,95
122449,95
122460,95
122469,93
122479,93
122489,93
122499,93
122510,95
122518,95
122528,95
122538,95
122548,95
122558,95
122568,95
122578,95
122589,95
122598,95
122608,95
122619,95
122629,95
122639,95
122650,97
122658,97
122669,97
122679,97
122688,97
122700,95
122708,95
122718,95
122728,95
122738,95
122748,95
122759,95
122768,95
122778,95
122789,95
122799,95
122809,95
122818,95
122828,95
122840,97
122848,97
122858,97
122868,97
122879,97
122889,95
122898,95
122908,95
122919,95
122928,95
122938,93
122949,93
122958,93
122968,93
122979,93
122989,93
122999,93
123008,93
123018,93
123028,97
123039,97
123048,97
123058,97
123069,97
123079,97
123089,97
123099,97
123108,97
123118,97
123128,99
123138,99
123148,99
123159,99
123169,97
123178,97
123189,97
123199,97
123208,97
123219,97
123228,97
123239,97
123248,97
123258,97
123268,97
123279,97
123288,97
123298,97
123308,97
123319,97
123328,97
123338,97
123348,97
123359,97
123368,97
123378,97
123388,97
123399,97
123409,97
123418,97
123428,97
123438,97
123448,97
123460,97
123469,97
123479,97
123488,97
123498,97
123508,97
123520,97
123528,97
123538,97
123548,97
123559,97
123568,97
123578,97
123590,97
123599,97
123608,97
123618,97
123630,97
123639,97
123649,97
123659,97
123669,97
123679,97
123689,97
123699,99
123709,99
123719,99
123729,99
123738,99
123749,109
123758,109
123768,109
123778,109
123788,109
123799,111
123809,111
123818,111
123828,111
123839,111
123848,101
123859,101
123869,101
123879,101
123890,97
123898,97
123908,97
123919,97
123928,97
123939,95
123948,95
123959,95
123968,95
123978,95
123989,95
123999,95
124008,95
124018,95
124028,95
124039,93
124049,93
124058,93
124068,93
124079,93
124088,95
124098,95
124108,95
124119,95
124129,97
124138,97
124148,97
124159,97
124168,97
124179,99
124189,99
124198,99
124208,99
124218,99
124229,99
124239,99
124248,99
124259,99
124268,99
124279,99
124289,99
124299,99
124309,99
124319,95
124329,95
124338,95
124348,95
124358,95
124369,95
124378,95
124389,95
124399,95
124408,95
124418,95
124429,95
124439,95
124449,95
124458,95
124468,95
124479,95
124488,95
124498,95
124510,95
124518,95
124528,95
124538,95
124548,95
124559,97
124568,97
124578,97
124589,97
124598,97
124608,99
124619,99
124628,99
124638,99
124648,99
124659,99
124670,99
124679,99
124688,99
124700,99
124708,99
124719,99
124728,99
124738,99
124750,99
124759,99
124768,99
124778,99
124789,99
124800,97
124808,97
124818,97
124828,97
124839,97
124848,97
124860,97
124868,97
124879,97
124889,97
124899,95
124909,95
124919,95
124929,95
124939,95
124948,95
124959,95
124968,95
124978,95
124989,95
124999,95
125008,95
125018,95
125028,95
125039,95
125049,95
125059,95
125069,95
125079,95
125088,95
125098,95
125108,95
125119,95
125129,95
125138,95
125148,95
125159,95
125168,95
125179,95
125189,95
125198,95
125208,95
125218,95
125228,95
125239,95
125248,95
125258,95
125270,97
125279,97
125288,97
125298,97
125308,97
125320,95
125328,95
125338,95
125348,95
125358,95
125369,99
125378,99
125388,99
125399,99
125408,99
125418,97
125429,97
125438,97
125448,97
125458,97
125468,97
125479,97
125489,97
125499,97
125509,97
125519,97
125528,97
125538,97
125548,97
125559,97
125568,97
125578,97
125589,97
125599,97
125608,97
125619,97
125628,97
125639,97
125648,97
125658,97
125669,97
125678,97
125688,97
125699,95
125708,95
125719,95
125728,95
125738,95
125749,97
125759,97
125768,97
125778,97
125789,97
125798,95
125808,95
125818,95
125828,95
125839,95
125848,95
125859,95
125869,95
125879,95
125890,95
125898,95
125908,95
125919,95
125928,95
125940,97
125948,97
125959,97
125968,97
125978,97
125990,95
126000,95
126008,95
126018,95
126028,95
126039,97
126050,97
126059,97
126070,97
126080,95
126089,95
126099,95
126108,95
126118,95
126129,97
126138,97
126149,97
126158,97
126168,97
126178,95
126189,95
126199,95
126208,95
126219,97
126228,97
126238,97
126248,97
126258,97
126270,97
126279,97
126289,97
126298,97
126308,97
126318,99
126328,99
126338,99
126348,99
126359,99
126368,97
126379,97
126389,97
126399,97
126408,97
126418,99
126428,99
126439,99
126448,99
126459,97
126468,97
126479,97
126488,97
126498,97
126509,99
126519,99
126528,99
126538,99
126548,99
126559,97
126569,97
126578,97
126589,97
126598,97
126608,99
126619,99
126628,99
126639,99
126648,99
126658,95
126669,95
126679,95
126689,95
126700,97
126709,97
126719,97
126728,97
126739,97
126749,95
126758,95
126768,95
126778,95
126789,95
126799,97
126808,97
126818,97
126828,97
126838,97
126848,95
126859,95
126868,95
126879,95
126888,95
126898,97
126909,97
126918,97
126928,97
126939,97
126948,97
126959,97
126968,97
126978,97
126990,99
126998,99
127008,99
127018,99
127029,99
127039,97
127048,97
127058,97
127068,97
127078,97
127088,99
127100,99
127109,99
127118,99
127128,99
127138,97
127150,97
127159,97
127168,97
127180,95
127189,95
127199,95
127208,95
127218,95
127230,93
127239,93
127248,93
127258,93
127270,93
127279,93
127289,93
127299,93
127309,93
127318,93
127329,93
127339,93
127349,93
127358,93
127369,93
127379,93
127389,93
127399,93
127408,93
127418,95
127429,95
127439,95
127448,95
127458,95
127468,97
127478,97
127489,97
127498,97
127509,97
127519,97
127528,97
127538,97
127548,97
127559,99
127568,99
127578,99
127589,99
127599,99
127608,97
127619,97
127628,97
127639,97
127648,97
127658,99
127669,99
127679,99
127688,99
127699,97
127708,97
127719,97
127728,97
127738,97
127750,99
127759,99
127768,99
127778,99
127788,99
127798,97
127808,97
127818,97
127828,97
127839,97
127848,97
127859,97
127868,97
127879,97
127888,97
127898,97
127909,97
127918,97
127929,97
127939,95
127949,95
127959,95
127969,95
127978,95
127989,97
127998,97
128008,97
128018,97
128028,97
128038,99
128048,99
128058,99
128068,99
128078,99
128088,103
128099,103
128108,103
128119,103
128128,103
128138,105
128149,105
128158,105
128168,105
128179,105
128189,101
128199,101
128208,101
128218,101
128229,99
128238,99
128248,99
128258,99
128268,99
128279,95
128288,95
128299,95
128308,95
128319,95
128328,93
128340,93
128348,93
128359,93
128368,93
128378,91
128390,91
128399,91
128408,91
128420,95
128428,95
128439,95
128448,95
128458,95
128470,97
128479,97
128489,97
128499,97
128509,97
128519,97
128529,97
128538,97
128549,97
128558,97
128569,99
128579,99
128589,99
128599,99
128608,99
128618,99
128628,99
128639,99
128649,99
128659,99
128668,99
128679,99
128689,99
128699,99
128709,95
128719,95
128728,95
128738,95
128748,95
128759,93
128769,93
128778,93
128789,93
128799,93
128808,93
128818,93
128828,93
128839,93
128850,95
128858,95
128868,95
128879,95
128888,95
128898,95
128908,95
128919,95
128928,95
128938,95
128948,97
128959,97
128968,97
128978,97
128989,97
128998,99
129009,99
129018,99
129029,99
129039,99
129048,99
129058,99
129068,99
129079,99
129089,99
129098,99
129108,99
129118,99
129129,99
129140,99
129150,99
129159,99
129168,99
129178,99
129189,99
129199,99
129208,99
129218,99
129228,99
129239,99
129249,99
129258,99
129268,99
129278,97
129288,97
129298,97
129308,97
129318,97
129329,97
129338,97
129348,97
129359,97
129368,97
129379,97
129389,97
129399,97
129408,97
129418,97
129428,97
129439,97
129448,97
129458,97
129470,95
129478,95
129489,95
129499,95
129508,95
129520,95
129528,95
129538,95
129548,95
129559,95
129568,95
129578,95
129589,95
129599,95
129608,95
129618,95
129630,95
129639,95
129648,95
129660,95
129668,95
129679,95
129689,95
129699,95
129710,95
129719,95
129728,95
129739,95
129749,95
129759,97
129769,97
129778,97
129789,97
129799,97
129808,95
129819,95
129829,95
129838,95
129850,97
129858,97
129868,97
129878,97
129889,97
129899,95
129908,95
129918,95
129928,95
129938,95
129949,97
129959,97
129968,97
129978,97
129989,97
129998,97
130009,97
130018,97
130028,97
130039,97
130048,97
130058,97
130068,97
130079,97
130089,97
130098,97
130108,97
130119,97
130128,97
130139,97
130148,97
130159,97
130168,97
130178,97
130188,95
130199,95
130208,95
130218,95
130229,95
130239,97
130248,97
130258,97
130268,97
130280,97
130288,97
130298,97
130308,97
130319,97
130330,99
130339,99
130350,99
130358,99
130369,99
130379,97
130389,97
130399,97
130408,97
130418,97
130428,97
130439,97
130448,97
130458,97
130469,97
130479,97
130488,97
130498,97
130508,97
130519,97
130528,97
130538,97
130548,97
130559,97
130568,95
130579,95
130588,95
130599,95
130608,95
130618,95
130629,95
130639,95
130648,95
130659,95
130668,95
130679,95
130688,95
130699,95
130709,97
130719,97
130728,97
130738,97
130748,97
130758,97
130768,97
130778,97
130789,97
130799,97
130810,99
130820,99
130828,99
130839,99
130848,99
130858,99
130868,99
130879,99
130888,99
130899,99
130910,99
130919,99
130929,99
130939,99
130950,99
130959,99
130969,99
130979,99
130989,99
130998,99
131008,99
131018,99
131028,99
131039,99
131048,97
131059,97
131068,97
131079,97
131088,99
131098,99
131108,99
131119,99
131128,99
131139,97
131148,97
131159,97
131168,97
131178,97
131189,97
131199,97
131208,97
131218,97
131228,97
131239,95
131249,95
131258,95
131268,95
131278,95
131288,95
131298,95
131308,95
131319,95
131329,95
131338,95
131348,95
131359,95
131368,95
131378,97
131388,97
131399,97
131408,97
131418,97
131428,97
131439,97
131448,97
131458,97
131470,97
131479,99
131488,99
131498,99
131509,99
131518,99
131528,99
131538,99
131550,99
131559,99
131569,99
131579,99
131589,99
131598,99
131608,99
131618,97
131629,97
131639,97
131648,97
131658,97
131668,99
131679,99
131688,99
131698,99
131709,99
131718,97
131728,97
131738,97
131748,97
131759,99
131768,99
131778,99
131789,99
131799,99
131809,97
131818,97
131828,97
131839,97
131848,97
131858,99
131868,99
131879,99
131888,99
131898,99
131909,97
131918,97
131928,97
131938,97
131950,97
131959,97
131968,97
131978,97
131989,97
132001,95
132008,95
132018,95
132028,95
132039,95
132050,97
132058,97
132068,97
132079,97
132088,97
132098,95
132109,95
132119,95
132129,95
132139,95
132149,97
132158,97
132169,97
132178,97
132190,97
132199,97
132209,97
132219,97
132229,97
132239,99
132248,99
132258,99
132268,99
132279,99
132289,97
132298,97
132308,97
132319,97
132328,97
132338,97
132350,97
132359,97
132368,97
132378,97
132389,97
132398,97
132408,97
132418,97
132430,97
132438,97
132448,97
132458,97
132468,97
132478,95
132489,95
132498,95
132508,95
132519,95
132528,95
132539,95
132548,95
132559,95
132569,93
132578,93
132589,93
132599,93
132608,93
132619,95
132628,95
132639,95
132648,95
132658,95
132668,95
132679,95
132688,95
132698,95
132710,95
132719,95
132728,95
132738,95
132750,95
132760,95
132768,95
132778,95
132789,95
132799,95
132809,97
132818,97
132828,97
132839,97
132848,97
132858,99
132869,99
132879,99
132888,99
132900,97
132908,97
132919,97
132929,97
132938,97
132949,97
132959,97
132968,97
132978,97
132989,97
132999,95
133009,95
133018,95
133028,95
133039,95
133048,95
133058,95
133068,95
133079,95
133089,95
133098,95
133108,95
133119,95
133128,95
133139,95
133148,95
133159,95
133168,95
133178,95
133190,95
133200,95
133208,95
133218,95
133230,95
133239,95
133248,95
133258,95
133268,95
133280,95
133288,95
133298,95
133308,95
133319,95
133328,97
133339,97
133349,97
133359,97
133370,97
133379,97
133389,97
133399,97
133409,97
133420,99
133429,99
133439,99
133449,99
133458,99
133469,99
133479,99
133488,99
133498,99
133508,99
133519,99
133528,99
133538,99
133548,99
133559,99
133569,101
133579,101
133589,101
133599,101
133608,101
133618,101
133629,101
133639,101
133648,101
133658,99
133668,99
133679,99
133688,99
133698,99
133709,97
133719,97
133728,97
133738,97
133748,97
133759,97
133768,97
133778,97
133789,97
133798,97
133808,97
133819,97
133829,97
133839,97
133848,97
133858,95
133870,95
133879,95
133888,95
133900,95
133908,95
133918,95
133928,95
133938,95
133950,95
133959,95
133969,95
133979,95
133989,95
133999,97
134008,97
134019,97
134028,97
134039,97
134048,97
134059,97
134068,97
134078,97
134088,97
134098,99
134109,99
134118,99
134128,99
134139,99
134148,99
134158,99
134168,99
134178,99
134190,99
134198,99
134208,99
134218,99
134228,99
134238,99
134248,99
134258,99
134268,99
134279,99
134288,97
134299,97
134308,97
134318,97
134329,97
134338,95
134348,95
134359,95
134368,95
134379,95
134390,95
134399,95
134408,95
134418,95
134430,95
134439,95
134448,95
134458,95
134468,95
134479,95
134490,95
134498,95
134508,95
134519,95
134528,95
134539,95
134550,95
134559,95
134569,97
134579,97
134588,97
134599,97
134608,97
134619,95
134628,95
134639,95
134648,95
134658,95
134668,95
134679,95
134688,95
134698,95
134710,95
134719,95
134728,95
134739,95
134748,95
134760,97
134768,97
134778,97
134789,97
134799,97
134809,97
134818,97
134828,97
134839,97
134848,97
134858,97
134869,97
134879,97
134888,97
134898,97
134908,97
134919,97
134928,97
134938,97
134949,97
134958,97
134968,97
134978,97
134988,97
134998,97
135008,97
135018,97
135028,97
135039,97
135048,95
135059,95
135068,95
135079,95
135089,95
135098,95
135108,95
135119,95
135128,95
135139,95
135148,95
135159,95
135168,95
135178,95
135190,97
135199,97
135209,97
135219,97
135228,97
135238,97
135250,97
135258,97
135268,97
135279,97
135288,99
135299,99
135308,99
135319,99
135328,99
135338,99
135348,99
135359,99
135368,99
135379,99
135388,99
135399,99
135408,99
135418,99
135429,97
135439,97
135448,97
135458,97
135468,97
135479,97
135488,97
135498,97
135508,97
135519,97
135528,95
135539,95
135548,95
135558,95
135569,93
135578,93
135588,93
135599,93
135608,93
135620,93
135628,93
135639,93
135648,93
135658,93
135668,95
135679,95
135688,95
135698,95
135708,95
135719,95
135728,95
135739,95
135750,95
135760,97
135769,97
135778,97
135789,97
135799,97
135809,97
135819,97
135828,97
135838,97
135848,97
135858,97
135869,97
135879,97
135888,97
135898,97
135908,95
135919,95
135928,95
135938,95
135949,97
135959,97
135968,97
135979,97
135989,97
136000,95
136008,95
136018,95
136028,95
136039,95
136048,99
136059,99
136068,99
136079,99
136088,99
136098,97
136109,97
136119,97
136128,97
136140,97
136148,97
136159,97
136168,97
136178,97
136189,97
136198,97
136208,97
136218,97
136228,97
136239,97
136248,97
136258,97
136268,97
136279,97
136288,97
136299,97
136308,97
136319,97
136329,97
136338,97
136348,97
136359,97
136368,97
136379,97
136389,97
136399,97
136409,97
136419,97
136429,99
136439,99
136449,99
136458,99
136468,99
136479,97
136489,97
136498,97
136508,97
136519,97
136528,97
136539,97
136548,97
136559,97
136569,95
136578,95
136588,95
136599,95
136608,95
136619,95
136628,95
136639,95
136648,95
136658,95
136668,95
136679,95
136688,95
136698,95
136709,95
136719,97
136729,97
136738,97
136748,97
136759,97
136768,97
136778,97
136788,97
136799,97
136809,99
136818,99
136828,99
136839,99
136848,99
136860,97
136868,97
136879,97
136888,97
136898,97
136908,99
136919,99
136928,99
136938,99
136948,99
136959,97
136969,97
136979,97
136989,97
136999,97
137008,97
137018,97
137029,97
137039,97
137050,95
137059,95
137069,95
137078,95
137088,95
137098,97
137108,97
137119,97
137128,97
137138,97
137148,95
137159,95
137168,95
137178,95
137189,97
137199,97
137208,97
137218,97
137228,97
137240,95
137248,95
137258,95
137268,95
137279,95
137289,97
137298,97
137308,97
137319,97
137328,97
137338,95
137349,95
137359,95
137369,95
137379,95
137388,97
137399,97
137408,97
137418,97
137429,95
137438,95
137448,95
137458,95
137468,95
137479,97
137488,97
137498,97
137508,97
137519,97
137528,95
137539,95
137548,95
137558,95
137569,95
137578,99
137589,99
137599,99
137609,99
137619,97
137629,97
137639,97
137648,97
137658,97
137670,99
137678,99
137688,99
137699,99
137708,99
137718,97
137728,97
137738,97
137748,97
137758,97
137768,97
137779,97
137788,97
137799,97
137808,97
137818,97
137828,97
137838,97
137848,97
137859,97
137868,97
137879,97
137888,97
137898,97
137909,95
137919,95
137928,95
137938,95
137948,95
137958,95
137969,95
137978,95
137988,95
137999,95
138008,95
138018,95
138028,95
138038,95
138049,95
138058,95
138070,95
138079,95
138088,95
138100,95
138108,95
138119,95
138128,95
138138,95
138148,95
138159,95
138169,95
138179,95
138189,95
138199,97
138209,97
138219,97
138228,97
138239,97
138249,97
138258,97
138269,97
138279,97
138289,99
138298,99
138308,99
138319,99
138328,99
138339,97
138348,97
138358,97
138368,97
138378,97
138388,97
138399,97
138408,97
138419,97
138428,97
138438,97
138449,97
138458,97
138468,97
138479,95
138488,95
138498,95
138508,95
138519,95
138529,97
138538,97
138548,97
138558,97
138568,97
138578,97
138589,97
138599,97
138608,97
138618,97
138628,97
138639,97
138648,97
138658,97
138670,97
138679,97
138688,97
138698,97
138708,97
138719,97
138728,97
138738,97
138748,97
138759,97
138768,97
138780,97
138788,97
138799,97
138808,97
138819,97
138830,97
138838,97
138848,97
138860,97
138868,97
138879,97
138888,97
138898,97
138909,97
138919,97
138928,97
138938,97
138948,97
138958,97
138968,97
138978,97
138989,97
138999,97
139008,97
139019,97
139028,97
139039,97
139048,97
139058,99
139068,99
139079,99
139088,99
139099,97
139108,97
139119,97
139128,97
139138,97
139149,99
139159,99
139168,99
139179,99
139189,99
139199,99
139208,99
139218,99
139228,99
139239,99
139248,99
139260,99
139268,99
139279,99
139289,99
139298,99
139310,99
139319,99
139328,99
139340,99
139348,99
139359,99
139369,99
139379,99
139390,97
139399,97
139409,97
139419,97
139429,97
139438,97
139449,97
139459,97
139468,97
139479,97
139488,97
139499,97
139508,97
139518,97
139529,97
139538,97
139549,97
139559,97
139569,97
139580,97
139588,97
139599,97
139608,97
139618,97
139629,97
139639,97
139648,97
139658,97
139668,97
139678,97
139688,97
139698,97
139708,97
139719,97
139728,97
139739,97
139749,97
139759,97
139770,95
139778,95
139788,95
139799,95
139808,95
139819,95
139828,95
139838,95
139848,95
139858,95
139869,95
139879,95
139889,95
139899,95
139908,95
139919,97
139929,97
139938,97
139948,97
139958,97
139968,99
139978,99
139988,99
139999,99
140009,99
140018,99
140029,99
140039,99
140049,99
140059,99
140069,99
140078,99
140088,99
140098,99
140108,97
140119,97
140128,97
140138,97
140148,97
140159,95
140169,95
140178,95
140188,95
140199,97
140208,97
140218,97
140228,97
140238,97
140250,95
140258,95
140268,95
140279,95
140288,95
140298,95
140309,95
140319,95
140328,95
140338,95
140348,95
140359,95
140368,95
140378,95
140390,95
140398,95
140408,95
140418,95
140428,95
140439,95
140448,95
140458,95
140468,95
140479,95
140488,95
140500,95
140508,95
140519,95
140528,95
140538,95
140548,95
140558,95
140568,95
140580,97
140590,97
140599,97
140609,97
140618,97
140629,95
140639,95
140649,95
140659,95
140669,95
140678,97
140689,97
140698,97
140708,97
140719,95
140728,95
140738,95
140749,95
140758,95
140769,97
140778,97
140788,97
140799,97
140808,97
140818,97
140828,97
140838,97
140848,97
140858,97
140868,99
140879,99
140889,99
140899,99
140909,97
140919,97
140928,97
140938,97
140948,97
140959,99
140968,99
140978,99
140988,99
140999,99
141008,99
141018,99
141028,99
141039,99
141048,99
141058,97
141069,97
141078,97
141088,97
141099,97
141108,97
141119,97
141128,97
141138,97
141150,95
141159,95
141168,95
141178,95
141189,95
141199,95
141210,95
141219,95
141229,95
141239,95
141248,95
141260,95
141270,95
141279,95
141289,95
141298,95
141308,95
141319,95
141328,95
141339,97
141348,97
141358,97
141368,97
141378,97
141389,99
141399,99
141408,99
141418,99
141428,99
141439,99
141450,99
141458,99
141468,99
141479,99
141488,99
141499,99
141508,99
141519,99
141529,99
141538,99
141548,99
141558,99
141568,99
141579,97
141588,97
141599,97
141608,97
141618,97
141628,95
141638,95
141648,95
141658,95
141668,95
141679,95
141690,95
141698,95
141708,95
141720,95
141728,95
141738,95
141748,95
141759,95
141770,97
141778,97
141788,97
141799,97
141808,97
141820,97
141829,97
141839,97
141848,97
141858,97
141869,99
141879,99
141889,99
141899,99
141909,99
141918,97
141929,97
141938,97
141948,97
141959,99
141968,99
141978,99
141988,99
141998,99
142009,97
142018,97
142028,97
142039,97
142048,97
142058,95
142070,95
142079,95
142088,95
142098,95
142108,93
142119,93
142128,93
142138,93
142149,95
142159,95
142168,95
142178,95
142188,95
142199,95
142208,95
142218,95
142228,95
142239,95
142248,97
142260,97
142268,97
142279,97
142288,97
142298,97
142309,97
142319,97
142328,97
142340,99
142348,99
142358,99
142369,99
142378,99
142390,99
142399,99
142408,99
142418,99
142428,99
142438,99
142448,99
142459,99
142469,99
142479,99
142489,97
142499,97
142508,97
142519,97
142529,97
142538,97
142549,97
142559,97
142568,97
142579,95
142589,95
142599,95
142608,95
142618,95
142628,95
142638,95
142648,95
142658,95
142668,95
142679,95
142689,95
142698,95
142708,95
142719,97
142728,97
142738,97
142748,97
142758,97
142769,97
142778,97
142788,97
142799,97
142808,97
142819,99
142828,99
142838,99
142848,99
142858,99
142868,99
142879,99
142888,99
142898,99
142908,99
142919,99
142928,99
142938,99
142950,99
142958,97
142968,97
142978,97
142988,97
142999,97
143009,95
143019,95
143030,95
143039,95
143050,95
143059,93
143070,93
143079,93
143089,93
143098,93
143109,95
143119,95
143128,95
143138,95
143149,95
143158,95
143169,95
143178,95
143188,95
143199,97
143209,97
143218,97
143228,97
143238,97
143248,95
143259,95
143268,95
143279,95
143288,95
143298,97
143309,97
143319,97
143328,97
143339,95
143348,95
143358,95
143368,95
143378,95
143389,97
143399,97
143408,97
143418,97
143428,97
143439,95
143449,95
143458,95
143468,95
143478,95
143488,97
143498,97
143508,97
143519,97
143530,95
143538,95
143548,95
143559,95
143568,95
143579,97
143589,97
143599,97
143608,97
143618,97
143628,95
143639,95
143648,95
143659,95
143669,95
143678,97
143689,97
143699,97
143708,97
143719,97
143728,97
143738,97
143748,97
143759,97
143769,99
143778,99
143788,99
143799,99
143808,99
143818,97
143829,97
143839,97
143848,97
143858,97
143868,97
143879,97
143888,97
143898,97
143910,97
143919,97
143929,97
143939,97
143948,97
143959,97
143968,97
143978,97
143988,97
143999,97
144009,95
144018,95
144028,95
144039,95
144048,95
144058,97
144070,97
144079,97
144088,97
144100,95
144108,95
144119,95
144128,95
144138,95
144150,97
144159,97
144168,97
144178,97
144188,97
144198,95
144208,95
144218,95
144229,95
144239,95
144249,97
144260,97
144269,97
144279,97
144289,97
144300,97
144310,97
144318,97
144328,97
144339,99
144348,99
144358,99
144368,99
144378,99
144390,99
144399,99
144408,99
144418,99
144428,99
144439,99
144448,99
144458,99
144468,99
144479,99
144488,97
144499,97
144508,97
144519,97
144528,97
144538,95
144549,95
144559,95
144568,95
144579,95
144589,95
144599,95
144608,95
144618,95
144629,95
144639,95
144648,95
144658,95
144668,95
144678,95
144688,95
144698,95
144708,95
144719,95
144728,95
144739,95
144748,95
144758,95
144769,95
144778,97
144789,97
144799,97
144808,97
144820,97
144828,97
144838,97
144848,97
144858,97
144869,99
144879,99
144889,99
144899,99
144909,99
144919,97
144928,97
144939,97
144949,97
144959,97
144969,97
144979,97
144988,97
144999,97
145008,97
145018,97
145029,97
145038,97
145048,97
145060,97
145068,97
145079,97
145088,97
145098,97
145109,97
145119,97
145128,97
145138,97
145148,97
145158,97
145168,97
145178,97
145188,97
145199,97
145208,97
145219,97
145228,97
145239,97
145250,95
145258,95
145268,95
145279,95
145288,95
145299,97
145310,97
145319,97
145328,97
145338,97
145350,97
145358,97
145368,97
145378,97
145388,97
145399,97
145410,97
145418,97
145428,97
145439,97
145450,95
145458,95
145469,95
145479,95
145489,95
145499,95
145509,95
145519,95
145529,95
145539,95
145548,95
145558,95
145569,95
145578,95
145589,97
145599,97
145608,97
145618,97
145629,97
145639,97
145648,97
145659,97
145668,97
145679,97
145688,97
145698,97
145708,97
145719,97
145729,97
145738,97
145748,97
145758,97
145768,97
145778,97
145789,97
145799,97
145808,97
145818,97
145828,97
145839,97
145848,97
145858,97
145870,97
145879,97
145888,97
145898,97
145908,97
145919,97
145928,97
145938,97
145948,97
145959,97
145969,97
145978,97
145988,97
145999,97
146009,97
146019,97
146029,97
146039,97
146048,97
146058,95
146069,95
146079,95
146089,95
146098,95
146109,97
146119,97
146129,97
146138,97
146148,97
146159,97
146168,97
146178,97
146188,97
146199,97
146208,97
146219,97
146228,97
146239,97
146248,97
146258,97
146269,97
146279,97
146288,97
146300,97
146308,97
146319,97
146328,97
146338,97
146349,97
146359,97
146369,97
146378,97
146388,97
146398,97
146408,97
146418,97
146428,97
146439,97
146448,95
146459,95
146468,95
146479,95
146488,95
146498,97
146510,97
146519,97
146528,97
146540,97
146548,97
146559,97
146568,97
146578,97
146590,97
146599,97
146608,97
146618,97
146628,97
146640,97
146648,97
146660,97
146669,97
146679,97
146689,97
146699,97
146709,97
146719,97
146729,97
146739,97
146749,97
146759,97
146768,97
146779,97
146788,97
146799,97
146808,97
146818,97
146829,97
146839,97
146848,97
146858,97
146868,97
146879,103
146888,103
146898,103
146908,103
146919,103
146929,107
146938,107
146948,107
146958,107
146968,107
146978,99
146989,99
146999,99
147008,99
147018,99
147028,97
147039,97
147048,97
147058,97
147070,95
147079,95
147088,95
147098,95
147108,95
147119,95
147128,95
147138,95
147148,95
147159,95
147169,95
147178,95
147188,95
147199,95
147208,95
147218,95
147229,95
147239,95
147248,95
147258,95
147268,95
147279,95
147288,95
147299,95
147309,97
147318,97
147329,97
147338,97
147348,97
147359,95
147369,95
147378,95
147388,95
147399,95
147408,95
147419,95
147429,95
147438,95
147448,95
147458,95
147470,95
147479,95
147488,95
147500,95
147508,95
147518,95
147528,95
147538,95
147549,95
147558,95
147568,95
147578,95
147588,95
147598,95
147609,95
147618,95
147628,95
147638,95
147648,95
147658,95
147668,95
147678,95
147689,97
147698,97
147708,97
147719,97
147729,97
147740,97
147748,97
147758,97
147768,97
147780,97
147788,97
147800,97
147808,97
147818,97
147830,95
147839,95
147848,95
147859,95
147870,95
147879,95
147889,95
147899,95
147909,95
147918,95
147929,95
147939,95
147948,95
147959,95
147969,95
147978,97
147989,97
147999,97
148008,97
148019,95
148028,95
148038,95
148048,95
148058,95
148069,99
148079,99
148088,99
148098,99
148108,99
148119,99
148129,99
148138,99
148148,99
148158,99
148168,99
148178,99
148188,99
148199,99
148208,99
148218,97
148229,97
148238,97
148248,97
148259,97
148268,97
148279,97
148288,97
148298,97
148309,97
148319,97
148328,97
148338,97
148348,97
148358,97
148368,97
148378,97
148388,97
148398,97
148408,97
148419,97
148428,97
148439,97
148448,97
148458,99
148470,99
148479,99
148489,99
148499,97
148509,97
148519,97
148529,97
148539,97
148549,97
148558,97
148568,97
148578,97
148588,97
148598,95
148608,95
148618,95
148628,95
148639,95
148648,97
148659,97
148668,97
148679,97
148690,95
148698,95
148708,95
148719,95
148728,95
148739,95
148748,95
148759,95
148768,95
148778,95
148788,95
148799,95
148808,95
148818,95
148828,95
148839,97
148850,97
148858,97
148868,97
148880,95
148888,95
148898,95
148908,95
148919,95
148930,97
148938,97
148948,97
148958,97
148968,97
148978,95
148990,95
148998,95
149008,95
149018,95
149028,99
149040,99
149048,99
149058,99
149069,99
149079,99
149089,99
149099,99
149109,99
149120,99
149129,99
149139,99
149149,99
149159,99
149169,97
149179,97
149188,97
149199,97
149208,97
149218,97
149229,97
149238,97
149248,97
149258,97
149268,95
149279,95
149288,95
149298,95
149309,97
149318,97
149328,97
149338,97
149348,97
149360,95
149368,95
149378,95
149388,95
149399,95
149409,97
149418,97
149428,97
149438,97
149448,97
149458,95
149469,95
149479,95
149489,95
149499,95
149508,95
149518,95
149528,95
149538,95
149549,95
149558,95
149568,95
149578,95
149588,95
149598,95
149608,95
149618,95
149628,95
149639,95
149648,95
149659,95
149668,95
149678,95
149689,95
149698,95
149708,95
149719,95
149728,95
149739,95
149749,95
149758,95
149769,95
149778,95
149788,97
149799,97
149809,97
149818,97
149829,97
149839,97
149849,97
149858,97
149868,97
149880,97
149889,97
149898,97
149908,97
149919,97
149929,95
149938,95
149948,95
149958,95
149968,95
149978,97
149989,97
149999,97
150008,97
150018,97
150028,97
150039,97
150048,97
150058,97
150070,97
150079,97
150088,97
150098,97
150108,97
150119,95
150128,95
150138,95
150148,95
150158,95
150168,95
150180,95
150190,95
150199,95
150208,95
150218,95
150230,95
150238,95
150248,95
150260,97
150268,97
150279,97
150289,97
150299,97
150310,95
150319,95
150329,95
150338,95
150349,95
150359,97
150368,97
150378,97
150388,97
150398,97
150409,97
150419,97
150429,97
150439,97
150449,99
150458,99
150468,99
150479,99
150489,99
150499,97
150508,97
150519,97
150529,97
150539,97
150548,99
150558,99
150568,99
150578,99
150588,99
150599,97
150609,97
150618,97
150628,97
150639,95
150648,95
150658,95
150668,95
150679,95
150689,93
150698,93
150708,93
150718,93
150728,93
150739,95
150748,95
150759,95
150768,95
150778,95
150788,95
150799,95
150808,95
150818,95
150828,95
150839,97
150849,97
150858,97
150868,97
150879,103
150889,103
150898,103
150908,103
150918,103
150929,103
150939,103
150948,103
150959,103
150968,103
150979,101
150988,101
150999,101
151008,101
151018,101
151028,97
151039,97
151048,97
151058,97
151068,97
151079,97
151089,97
151098,97
151108,97
151120,95
151128,95
151138,95
151148,95
151159,95
151169,95
151178,95
151189,95
151199,95
151208,95
151218,93
151229,93
151239,93
151248,93
151259,93
151268,95
151278,95
151288,95
151298,95
151309,93
151319,93
151328,93
151338,93
151348,93
151358,97
151368,97
151378,97
151389,97
151399,97
151408,95
151420,95
151428,95
151439,95
151450,95
151458,95
151468,95
151479,95
151488,95
151499,95
151509,95
151519,95
151529,95
151539,95
151549,97
151558,97
151569,97
151579,97
151588,97
151599,97
151609,97
151619,97
151628,97
151640,99
151648,99
151658,99
151668,99
151679,99
151689,99
151698,99
151708,99
151719,99
151728,99
151739,99
151748,99
151759,99
151768,99
151778,99
151788,99
151799,99
151808,99
151818,99
151829,99
151839,97
151848,97
151858,97
151868,97
151879,97
151888,97
151898,97
151908,97
151919,97
151929,97
151939,97
151948,97
151958,97
151969,97
151978,95
151989,95
151999,95
152008,95
152018,95
152028,95
152039,95
152048,95
152058,95
152070,95
152079,95
152088,95
152098,95
152108,95
152120,97
152128,97
152139,97
152149,97
152158,97
152169,97
152179,97
152188,97
152199,97
152208,97
152218,97
152229,97
152239,97
152248,97
152259,97
152269,97
152279,97
152289,97
152299,97
152309,99
152319,99
152328,99
152338,99
152348,99
152359,99
152369,99
152378,99
152388,99
152399,99
152409,103
152418,103
152428,103
152438,103
152448,103
152459,103
152468,103
152479,103
152488,103
152498,103
152508,99
152519,99
152528,99
152538,99
152548,99
152558,97
152569,97
152578,97
152588,97
152598,97
152608,97
152618,97
152628,97
152639,97
152650,95
152658,95
152668,95
152679,95
152688,95
152698,93
152709,93
152719,93
152729,93
152739,93
152749,91
152759,91
152769,91
152779,91
152790,93
152799,93
152809,93
152818,93
152828,93
152839,95
152849,95
152858,95
152869,95
152879,95
152888,97
152899,97
152908,97
152919,97
152928,97
152938,97
152949,97
152958,97
152968,97
152979,97
152989,97
152999,97
153009,97
153018,97
153029,97
153038,97
153048,97
153058,97
153068,97
153079,97
153089,97
153098,97
153108,97
153119,95
153128,95
153138,95
153148,95
153159,95
153169,95
153178,95
153189,95
153198,95
153208,95
153218,95
153229,95
153239,95
153248,95
153260,95
153268,97
153279,97
153288,97
153298,97
153309,95
153318,95
153328,95
153339,95
153349,95
153359,95
153368,95
153379,95
153389,95
153399,95
153409,97
153419,97
153428,97
153438,97
153449,97
153458,97
153468,97
153479,97
153488,97
153499,97
153508,97
153519,97
153528,97
153538,97
153549,97
153559,97
153568,97
153578,97
153588,97
153599,97
153609,97
153618,97
153628,97
153640,97
153648,97
153658,97
153668,97
153679,97
153689,97
153699,97
153708,97
153719,97
153728,97
153738,97
153750,97
153759,97
153768,97
153778,97
153789,97
153799,97
153808,97
153818,97
153829,97
153839,97
153848,97
153858,97
153868,97
153880,97
153888,97
153898,97
153908,97
153919,97
153929,99
153939,99
153949,99
153959,99
153968,99
153978,99
153990,99
153999,99
154009,99
154019,99
154028,99
154038,99
154048,99
154059,99
154068,99
154079,99
154089,99
154099,99
154108,99
154120,99
154128,99
154138,99
154148,99
154159,99
154169,99
154178,99
154188,99
154199,99
154208,99
154219,97
154228,97
154238,97
154248,97
154258,97
154268,95
154279,95
154288,95
154298,95
154308,95
154319,95
154329,95
154338,95
154348,95
154359,97
154368,97
154378,97
154388,97
154399,97
154409,97
154418,97
154428,97
154438,97
154448,97
154459,97
154468,97
154479,97
154488,97
154498,97
154508,95
154519,95
154528,95
154538,95
154550,95
154558,97
154569,97
154578,97
154589,97
154600,95
154609,95
154618,95
154628,95
154639,95
154649,95
154658,95
154668,95
154679,95
154688,95
154698,95
154709,95
154719,95
154729,95
154740,95
154748,95
154758,95
154769,95
154778,95
154790,95
154798,95
154808,95
154818,95
154828,95
154838,95
154849,95
154858,95
154868,95
154879,95
154888,95
154898,95
154908,95
154918,95
154929,95
154938,95
154948,95
154958,95
154969,95
154978,95
154990,95
154998,95
155008,95
155020,95
155028,95
155038,95
155048,95
155058,95
155070,95
155079,95
155088,95
155100,95
155110,95
155119,97
155128,97
155140,97
155150,97
155159,97
155169,97
155179,97
155189,97
155199,97
155209,97
155218,99
155229,99
155239,99
155249,99
155260,97
155268,97
155279,97
155289,97
155298,97
155309,99
155319,99
155328,99
155339,99
155348,99
155358,97
155369,97
155378,97
155388,97
155399,97
155408,97
155419,97
155428,97
155438,97
155450,95
155459,95
155468,95
155479,95
155488,95
155499,97
155508,97
155519,97
155528,97
155539,97
155548,95
155559,95
155569,95
155578,95
155588,95
155599,97
155609,97
155618,97
155628,97
155639,95
155648,95
155658,95
155668,95
155679,95
155690,99
155698,99
155708,99
155719,99
155728,99
155739,97
155748,97
155759,97
155768,97
155779,97
155788,99
155799,99
155809,99
155818,99
155828,99
155839,97
155849,97
155858,97
155868,97
155879,99
155888,99
155898,99
155908,99
155918,99
155929,97
155938,97
155948,97
155959,97
155968,97
155979,97
155988,97
155999,97
156008,97
156018,97
156028,97
156039,97
156048,97
156058,97
156068,97
156079,97
156089,97
156098,97
156108,97
156119,97
156128,97
156139,97
156149,97
156159,97
156168,97
156178,97
156188,97
156199,97
156209,97
156218,95
156230,95
156239,95
156248,95
156258,95
156268,95
156280,95
156288,95
156298,95
156310,95
156319,95
156328,95
156339,95
156349,95
156359,97
156369,97
156379,97
156388,97
156399,97
156409,95
156419,95
156428,95
156438,95
156449,95
156458,97
156469,97
156478,97
156489,97
156498,97
156509,97
156519,97
156528,97
156538,97
156550,97
156558,97
156568,97
156578,97
156588,97
156598,95
156608,95
156618,95
156628,95
156639,95
156648,97
156659,97
156668,97
156679,97
156688,97
156698,97
156708,97
156719,97
156728,97
156739,97
156748,97
156758,97
156769,97
156778,97
156789,97
156799,97
156809,97
156818,97
156828,97
156839,97
156848,97
156858,97
156868,97
156879,97
156888,97
156899,97
156908,97
156919,97
156930,97
156938,97
156948,97
156959,97
156968,97
156979,95
156989,95
156999,95
157009,95
157019,95
157028,97
157039,97
157048,97
157058,97
157069,97
157079,97
157089,97
157098,97
157108,97
157119,97
157128,97
157138,97
157148,97
157158,97
157170,97
157178,97
157188,97
157199,97
157209,97
157219,97
157228,97
157238,97
157248,97
157258,97
157268,97
157279,97
157288,97
157298,97
157308,97
157319,97
157329,97
157338,97
157348,97
157358,97
157368,97
157378,97
157389,97
157399,97
157410,99
157418,99
157428,99
157439,99
157448,99
157460,97
157468,97
157479,97
157488,97
157498,97
157508,97
157519,97
157528,97
157538,97
157550,97
157559,95
157570,95
157579,95
157589,95
157599,97
157609,97
157619,97
157629,97
157638,97
157649,95
157658,95
157668,95
157679,95
157689,95
157698,95
157709,95
157719,95
157728,95
157738,95
157748,95
157759,95
157768,95
157778,95
157790,95
157799,95
157808,95
157818,95
157828,95
157839,95
157848,95
157858,95
157868,95
157879,95
157888,97
157898,97
157909,97
157919,97
157928,97
157938,97
157950,97
157958,97
157969,97
157979,97
157988,97
157999,97
158008,97
158018,97
158029,97
158038,97
158048,97
158058,97
158068,97
158078,97
158088,97
158098,97
158108,97
158119,97
158128,97
158139,97
158148,97
158159,97
158168,97
158178,97
158189,97
158199,97
158208,97
158219,95
158228,95
158239,95
158248,95
158259,95
158268,95
158279,95
158289,95
158300,95
158308,95
158319,95
158329,95
158338,95
158348,95
158358,95
158368,97
158378,97
158389,97
158399,97
158409,97
158418,97
158428,97
158439,97
158448,97
158459,97
158468,97
158479,97
158488,97
158498,97
158508,97
158519,97
158528,97
158538,97
158548,97
158559,97
158569,97
158578,97
158589,97
158600,97
158608,97
158618,97
158628,97
158639,97
158650,95
158658,95
158668,95
158679,95
158688,95
158698,97
158710,97
158719,97
158728,97
158738,97
158748,97
158760,97
158768,97
158779,97
158789,99
158799,99
158808,99
158819,99
158829,99
158840,97
158849,97
158859,97
158868,97
158879,97
158889,97
158899,97
158908,97
158919,97
158929,97
158939,95
158949,95
158959,95
158969,95
158979,95
158988,95
158999,95
159008,95
159018,95
159029,95
159039,95
159048,95
159058,95
159068,95
159079,95
159088,95
159098,95
159108,95
159119,95
159128,97
159139,97
159148,97
159159,97
159168,97
159178,97
159189,97
159198,97
159208,97
159219,97
159228,97
159239,97
159248,97
159258,97
159269,97
159278,97
159288,97
159298,97
159309,97
159319,97
159329,97
159338,97
159348,97
159359,97
159368,97
159378,97
159389,97
159399,97
159408,97
159419,97
159429,97
159439,97
159448,97
159459,97
159469,97
159479,97
159489,97
159499,97
159509,97
159518,97
159528,97
159538,97
159549,97
159559,99
159569,99
159578,99
159588,99
159599,99
159608,99
159619,99
159628,99
159639,99
159649,99
159659,99
159669,99
159679,99
159688,99
159700,97
159708,97
159719,97
159728,97
159738,97
159750,97
159758,97
159768,97
159778,97
159788,97
159799,95
159809,95
159818,95
159828,95
159839,95
159848,93
159860,93
159868,93
159879,93
159890,95
159898,95
159908,95
159919,95
159928,95
159940,95
159948,95
159959,95
159969,95
159979,95
159989,95
159999,95
160009,95
160019,95
160029,95
160039,95
160050,95
160058,95
160069,95
160079,95
160089,95
160099,95
160109,95
160118,95
160129,95
160138,95
160149,95
160158,95
160168,95
160178,95
160189,95
160199,95
160208,95
160218,95
160228,95
160239,95
160248,95
160258,95
160269,97
160279,97
160288,97
160298,97
160308,97
160319,97
160328,97
160338,97
160348,97
160358,97
160368,97
160378,97
160388,97
160399,97
160408,97
160418,97
160429,97
160438,97
160448,97
160459,97
160468,97
160479,97
160489,97
160498,97
160510,97
160518,97
160528,97
160538,97
160549,97
160558,97
160568,97
160578,97
160589,97
160599,97
160609,97
160619,97
160629,97
160638,97
160649,97
160659,97
160669,97
160679,97
160689,97
160699,97
160709,97
160719,97
160729,97
160738,97
160749,95
160759,95
160768,95
160778,95
160788,95
160799,95
160809,95
160818,95
160828,95
160839,95
160848,95
160859,95
160868,95
160878,95
160889,95
160898,95
160908,95
160919,95
160928,95
160939,97
160948,97
160958,97
160968,97
160978,97
160988,97
160999,97
161009,97
161018,97
161028,97
161039,99
161049,99
161058,99
161070,99
161080,99
161088,99
161098,99
161108,99
161118,99
161130,99
161138,99
161148,99
161159,99
161168,99
161180,99
161189,99
161199,99
161209,99
161219,99
161229,99
161239,99
161249,99
161259,99
161269,99
161279,97
161289,97
161299,97
161309,97
161319,97
161329,97
161338,97
161348,97
161358,97
161369,97
161379,97
161388,97
161398,97
161409,97
161419,97
161428,97
161439,97
161448,97
161458,97
161469,95
161479,95
161488,95
161498,95
161508,95
161519,97
161529,97
161538,97
161549,97
161559,97
161568,93
161578,93
161588,93
161598,93
161609,95
161618,95
161628,95
161639,95
161648,95
161658,91
161669,91
161678,91
161688,91
161698,91
161708,91
161719,91
161728,91
161738,91
161750,93
161758,93
161768,93
161778,93
161788,93
161798,95
161808,95
161818,95
161829,95
161839,95
161849,97
161859,97
161869,97
161879,97
161888,97
161899,99
161909,99
161919,99
161929,99
161939,99
161948,99
161958,99
161969,99
161978,99
161989,99
161999,99
162009,99
162018,99
162028,99
162038,97
162049,97
162058,97
162068,97
162079,97
162088,97
162099,97
162109,97
162119,97
162129,95
162138,95
162148,95
162158,95
162169,95
162179,95
162188,95
162199,95
162208,95
162218,95
162228,95
162239,95
162249,95
162258,95
162268,95
162279,97
162290,97
162298,97
162308,97
162319,97
162328,97
162338,97
162348,97
162358,97
162370,99
162378,99
162390,99
162399,99
162409,99
162419,99
162429,99
162439,99
162449,99
162458,99
162469,101
162479,101
162488,101
162498,101
162509,101
162519,99
162529,99
162538,99
162550,99
162558,99
162568,99
162579,99
162589,99
162599,99
162610,97
162618,97
162628,97
162638,97
162648,97
162659,97
162668,97
162679,97
162688,97
162698,97
162708,95
162719,95
162728,95
162738,95
162748,95
162758,95
162769,95
162778,95
162788,95
162799,93
162809,93
162818,93
162829,93
162839,93
162850,95
162858,95
162868,95
162878,95
162888,95
162898,93
162909,93
162919,93
162928,93
162938,93
162948,97
162958,97
162968,97
162978,97
162990,97
162999,97
163008,97
163018,97
163028,97
163039,99
163048,99
163059,99
163069,99
163079,99
163088,97
163099,97
163109,97
163119,97
163128,97
163139,97
163149,97
163159,97
163168,97
163179,97
163188,97
163199,97
163209,97
163218,97
163230,97
163239,97
163248,97
163258,97
163268,97
163279,97
163288,97
163298,97
163308,97
163319,97
163328,97
163339,97
163348,97
163359,97
163368,97
163378,97
163389,97
163399,97
163408,97
163419,97
163428,97
163439,97
163448,97
163458,97
163470,95
163479,95
163488,95
163500,95
163508,95
163520,97
163528,97
163538,97
163550,97
163559,97
163568,95
163580,95
163589,95
163598,95
163608,97
163619,97
163629,97
163639,97
163649,97
163660,95
163668,95
163679,95
163689,95
163699,95
163709,95
163719,95
163728,95
163739,95
163749,95
163758,95
163769,95
163778,95
163789,95
163800,97
163808,97
163818,97
163828,97
163839,97
163849,97
163858,97
163869,97
163879,97
163888,97
163899,97
163908,97
163918,97
163928,97
163938,97
163948,97
163959,97
163968,97
163978,97
163989,97
163999,97
164008,97
164018,97
164028,97
164039,97
164048,97
164058,97
164068,97
164078,97
164089,97
164098,97
164108,97
164119,97
164128,97
164138,97
164149,97
164158,97
164168,97
164178,97
164188,95
164199,95
164208,95
164219,95
164229,97
164239,97
164248,97
164259,97
164269,97
164279,97
164289,97
164299,97
164309,97
164318,97
164328,97
164339,97
164349,97
164358,97
164369,97
164378,97
164389,97
164399,97
164409,97
164418,97
164428,97
164438,97
164448,97
164458,97
164469,97
164479,97
164488,97
164498,97
164508,97
164519,97
164528,97
164538,97
164549,97
164559,97
164569,97
164578,97
164589,97
164599,97
164609,97
164618,97
164629,97
164638,97
164648,97
164660,97
164668,97
164679,97
164688,97
164698,97
164710,97
164719,97
164728,97
164738,97
164748,97
164759,97
164768,97
164778,97
164788,97
164799,97
164809,97
164819,97
164829,97
164839,97
164850,97
164859,97
164869,97
164878,97
164889,97
164899,97
164909,97
164919,97
164928,97
164939,97
164949,97
164958,97
164969,97
164978,97
164989,97
164999,97
165008,97
165018,97
165028,97
165038,97
165048,97
165059,97
165068,97
165079,97
165089,97
165098,97
165108,97
165119,97
165128,97
165140,97
165148,97
165158,97
165168,97
165178,97
165189,99
165199,99
165209,99
165218,99
165228,99
165239,99
165248,99
165259,99
165269,99
165279,99
165288,99
165299,99
165308,99
165319,99
165329,97
165338,97
165348,97
165358,97
165368,97
165380,97
165389,97
165399,97
165408,97
165418,97
165429,95
165439,95
165448,95
165459,95
165469,95
165479,95
165489,95
165499,95
165508,95
165519,95
165529,93
165538,93
165548,93
165559,93
165569,93
165578,93
165588,93
165599,93
165608,93
165618,93
165628,93
165639,93
165648,93
165658,93
165668,95
165679,95
165688,95
165698,95
165709,95
165719,95
165728,95
165738,95
165748,95
165759,97
165768,97
165778,97
165789,97
165799,97
165809,97
165818,97
165828,97
165839,97
165849,97
165858,97
165869,97
165879,97
165888,97
165900,97
165908,97
165919,97
165929,97
165938,97
165950,97
165959,97
165968,97
165978,97
165990,97
166000,95
166008,95
166018,95
166029,95
166039,95
166049,95
166058,95
166070,95
166079,95
166089,95
166099,95
166108,95
166119,95
166129,95
166139,97
166149,97
166159,97
166169,97
166179,97
166189,97
166199,97
166209,97
166218,97
166228,97
166239,97
166249,97
166258,97
166268,97
166279,97
166289,99
166299,99
166309,99
166318,99
166329,99
166338,99
166348,99
166359,99
166369,99
166379,99
166388,99
166398,99
166408,99
166418,99
166429,99
166439,99
166448,99
166458,99
166468,99
166478,97
166489,97
166498,97
166508,97
166519,97
166528,97
166539,97
166549,97
166558,97
166570,95
166578,95
166589,95
166599,95
166608,95
166619,95
166628,95
166638,95
166648,95
166659,95
166668,95
166679,95
166689,95
166699,95
166709,95
166719,95
166729,95
166738,95
166749,95
166759,95
166768,95
166778,95
166789,95
166799,95
166809,93
166818,93
166828,93
166838,93
166848,93
166858,93
166869,93
166879,93
166888,93
166898,93
166908,95
166918,95
166928,95
166938,95
166949,95
166958,95
166968,95
166978,95
166988,95
166999,97
167009,97
167019,97
167028,97
167038,97
167048,97
167058,97
167068,97
167078,97
167088,97
167098,99
167110,99
167118,99
167128,99
167138,99
167148,99
167158,99
167168,99
167178,99
167190,99
167198,99
167208,99
167218,99
167228,99
167239,97
167250,97
167259,97
167269,97
167279,97
167289,95
167299,95
167309,95
167318,95
167329,95
167339,95
167349,95
167358,95
167369,95
167379,95
167389,95
167399,95
167408,95
167418,95
167429,95
167439,95
167449,95
167458,95
167468,95
167479,95
167489,95
167498,95
167508,95
167518,95
167528,97
167539,97
167549,97
167558,97
167569,97
167578,97
167588,97
167599,97
167608,97
167619,99
167628,99
167639,99
167648,99
167658,99
167668,97
167678,97
167688,97
167699,97
167708,97
167719,99
167729,99
167738,99
167748,99
167759,99
167768,97
167778,97
167789,97
167798,97
167809,97
167818,97
167828,97
167839,97
167848,97
167860,95
167868,95
167879,95
167889,95
167898,95
167909,97
167919,97
167928,97
167939,97
167949,97
167959,97
167969,97
167979,97
167989,97
167999,97
168009,97
168019,97
168028,97
168038,97
168050,97
168059,97
168068,97
168079,97
168088,97
168099,97
168108,97
168119,97
168128,97
168138,97
168148,95
168159,95
168168,95
168178,95
168188,95
168198,97
168209,97
168218,97
168228,97
168239,95
168248,95
168258,95
168268,95
168279,95
168290,97
168298,97
168308,97
168319,97
168328,97
168338,95
168350,95
168359,95
168368,95
168378,95
168389,97
168400,97
168409,97
168420,97
168430,95
168439,95
168448,95
168460,95
168469,95
168480,97
168488,97
168499,97
168509,97
168519,97
168528,95
168539,95
168550,95
168559,95
168569,95
168579,95
168589,95
168598,95
168609,95
168619,93
168628,93
168639,93
168648,93
168658,93
168669,95
168679,95
168688,95
168698,95
168708,95
168719,95
168729,95
168738,95
168749,95
168759,95
168768,95
168779,95
168789,95
168798,95
168809,95
168818,95
168828,95
168839,95
168848,95
168859,97
168868,97
168878,97
168888,97
168898,97
168908,95
168919,95
168929,95
168938,95
168950,95
168958,95
168968,95
168978,95
168988,95
168999,95
169008,95
169018,95
169028,95
169039,95
169048,97
169058,97
169068,97
169078,97
169088,97
169099,97
169109,97
169119,97
169129,97
169138,97
169149,101
169159,101
169169,101
169179,101
169189,99
169198,99
169209,99
169218,99
169228,99
169240,99
169248,99
169258,99
169268,99
169279,99
169289,97
169298,97
169308,97
169318,97
169329,97
169338,97
169349,97
169358,97
169368,97
169378,97
169388,95
169398,95
169408,95
169418,95
169430,95
169439,95
169449,95
169459,95
169468,95
169479,95
169488,95
169498,95
169508,95
169519,95
169529,95
169540,95
169550,95
169558,95
169568,95
169578,95
169588,95
169598,95
169608,95
169619,95
169628,95
169639,95
169650,95
169659,95
169670,95
169679,95
169689,95
169698,95
169709,95
169718,97
169729,97
169738,97
169749,97
169758,97
169769,97
169779,97
169788,97
169799,97
169809,97
169818,97
169828,97
169838,97
169848,97
169859,95
169868,95
169879,95
169888,95
169899,95
169908,95
169919,95
169929,95
169938,95
169950,93
169958,93
169968,93
169978,93
169989,93
169999,95
170008,95
170018,95
170028,95
170039,95
170049,93
170058,93
170068,93
170079,93
170088,93
170098,97
170109,97
170119,97
170129,97
170139,97
170149,99
170159,99
170168,99
170178,99
170190,101
170198,101
170209,101
170218,101
170228,101
170240,99
170248,99
170258,99
170268,99
170279,99
170289,99
170298,99
170309,99
170319,99
170329,99
170339,97
170349,97
170358,97
170369,97
170378,97
170389,97
170398,97
170409,97
170418,97
170429,95
170439,95
170448,95
170458,95
170469,95
170479,95
170489,95
170499,95
170509,95
170519,95
170528,93
170539,93
170550,93
170558,93
170568,93
170578,97
170589,97
170598,97
170608,97
170619,97
170628,97
170639,97
170648,97
170658,97
170669,97
170679,97
170689,97
170698,97
170708,97
170719,95
170729,95
170738,95
170748,95
170759,95
170769,95
170780,95
170789,95
170800,95
170809,97
170818,97
170828,97
170840,97
170850,97
170860,95
170868,95
170880,95
170890,95
170900,95
170909,97
170918,97
170929,97
170939,97
170949,97
170959,97
170969,97
170979,97
170989,97
171000,97
171008,97
171018,97
171029,97
171039,97
171049,95
171058,95
171068,95
171079,95
171089,95
171098,95
171109,95
171119,95
171129,95
171138,95
171148,95
171158,95
171169,95
171178,95
171190,97
171199,97
171208,97
171218,97
171228,97
171239,95
171249,95
171258,95
171268,95
171279,95
171289,97
171299,97
171309,97
171319,97
171329,97
171338,97
171349,97
171358,97
171369,97
171380,99
171388,99
171398,99
171409,99
171418,99
171430,97
171438,97
171449,97
171458,97
171468,97
171478,97
171489,97
171498,97
171508,97
171519,97
171528,97
171538,97
171549,97
171559,97
171569,97
171579,97
171588,97
171599,97
171609,97
171619,97
171629,97
171639,97
171648,97
171658,97
171669,95
171679,95
171688,95
171698,95
171708,95
171719,95
171729,95
171738,95
171748,95
171758,95
171769,95
171778,95
171788,95
171798,95
171809,95
171818,95
171829,95
171839,95
171849,95
171859,95
171868,95
171879,95
171888,95
171899,95
171909,97
171919,97
171928,97
171938,97
171948,97
171959,97
171970,97
171978,97
171988,97
172000,97
172010,97
172018,97
172030,97
172039,97
172050,97
172058,97
172068,97
172079,97
172089,97
172099,97
172109,97
172119,97
172129,97
172139,97
172149,99
172158,99
172169,99
172178,99
172189,99
172199,97
172209,97
172218,97
172228,97
172239,99
172248,99
172258,99
172269,99
172279,99
172290,97
172298,97
172308,97
172318,97
172328,97
172339,97
172348,97
172358,97
172369,97
172378,97
172388,95
172399,95
172408,95
172418,95
172429,95
172439,97
172449,97
172458,97
172468,97
172479,95
172489,95
172498,95
172509,95
172519,95
172529,95
172538,95
172549,95
172559,95
172569,95
172579,93
172589,93
172599,93
172609,93
172618,93
172629,95
172639,95
172649,95
172658,95
172668,95
172679,95
172689,95
172699,95
172708,95
172719,99
172728,99
172739,99
172748,99
172759,99
172770,103
172779,103
172788,103
172799,103
172808,103
172819,103
172829,103
172838,103
172848,103
172858,103
172869,99
172879,99
172889,99
172899,99
172908,99
172919,97
172929,97
172939,97
172949,97
172959,95
172969,95
172978,95
172988,95
172999,95
173009,93
173018,93
173028,93
173039,93
173049,93
173059,93
173069,93
173079,93
173088,93
173099,93
173109,95
173119,95
173128,95
173138,95
173150,95
173159,95
173169,95
173178,95
173189,95
173200,95
173210,95
173218,95
173228,95
173240,95
173250,95
173260,95
173268,95
173280,95
173289,95
173300,95
173309,95
173320,95
173329,95
173340,95
173349,95
173359,95
173369,95
173379,95
173389,95
173399,95
173408,95
173419,95
173429,95
173439,97
173449,97
173459,97
173469,97
173479,97
173489,97
173498,97
173508,97
173519,97
173529,99
173538,99
173549,99
173559,99
173569,99
173579,97
173589,97
173599,97
173608,97
173618,97
173628,97
173639,97
173648,97
173658,97
173669,97
173679,95
173688,95
173699,95
173709,95
173719,95
173729,95
173738,95
173749,95
173759,95
173769,95
173778,95
173788,95
173799,95
173809,95
173819,97
173829,97
173839,97
173848,97
173858,97
173869,99
173879,99
173889,99
173899,99
173909,99
173919,99
173929,99
173939,99
173949,99
173960,97
173969,97
173979,97
173988,97
173998,97
174009,97
174019,97
174029,97
174039,97
174049,97
174058,95
174069,95
174079,95
174089,95
174099,95
174109,95
174119,95
174128,95
174138,95
174149,95
174159,95
174169,95
174178,95
174189,95
174198,95
174209,95
174218,95
174229,95
174239,95
174248,95
174259,95
174269,95
174279,95
174289,97
174299,97
174308,97
174319,97
174329,97
174339,97
174349,97
174358,97
174369,97
174378,97
174390,99
174399,99
174410,99
174418,99
174430,99
174439,99
174450,99
174458,99
174470,99
174479,99
174490,99
174499,99
174510,99
174519,99
174530,95
174538,95
174550,95
174559,95
174569,95
174579,95
174589,95
174598,95
174609,95
174618,95
174629,95
174639,95
174648,95
174658,95
174669,95
174678,95
174689,95
174699,95
174708,95
174720,93
174729,93
174738,93
174749,93
174758,93
174769,95
174778,95
174789,95
174799,95
174809,95
174818,95
174829,95
174839,95
174849,95
174858,95
174869,97
174878,97
174889,97
174899,97
174909,97
174918,97
174929,97
174938,97
174949,97
174959,99
174969,99
174978,99
174989,99
174998,99
175009,95
175019,95
175029,95
175039,95
175048,95
175059,95
175069,95
175079,95
175089,95
175100,95
175109,95
175119,95
175129,95
175138,95
175150,97
175158,97
175169,97
175178,97
175189,97
175199,95
175209,95
175219,95
175229,95
175238,95
175248,97
175259,97
175269,97
175279,97
175290,95
175299,95
175309,95
175318,95
175329,95
175340,95
175349,95
175358,95
175369,95
175378,95
175389,95
175399,95
175409,95
175418,95
175429,95
175439,95
175449,95
175458,95
175469,95
175479,95
175488,95
175499,95
175508,95
175519,95
175529,97
175538,97
175549,97
175558,97
175569,97
175578,97
175590,97
175599,97
175609,97
175618,97
175630,99
175640,99
175648,99
175658,99
175670,97
175680,97
175688,97
175700,97
175709,97
175719,99
175729,99
175739,99
175748,99
175759,99
175769,99
175779,99
175789,99
175800,99
175809,99
175818,99
175829,99
175838,99
175848,99
175858,99
175869,97
175879,97
175888,97
175899,97
175909,97
175919,97
175929,97
175938,97
175949,97
175960,95
175969,95
175978,95
175989,95
175998,95
176009,95
176018,95
176028,95
176038,95
176049,95
176058,93
176069,93
176079,93
176089,93
176099,93
176109,95
176119,95
176129,95
176138,95
176150,95
176159,95
176169,95
176178,95
176189,95
176199,97
176208,97
176218,97
176229,97
176238,97
176249,97
176258,97
176268,97
176278,97
176289,97
176299,99
176309,99
176319,99
176329,99
176338,99
176348,97
176359,97
176369,97
176378,97
176390,97
176399,97
176409,97
176418,97
176428,97
176439,95
176448,95
176459,95
176469,95
176478,95
176489,95
176499,95
176509,95
176518,95
176529,95
176538,95
176549,95
176559,95
176569,95
176579,95
176589,95
176599,95
176609,95
176618,95
176629,95
176639,95
176649,95
176658,95
176668,95
176678,95
176689,95
176699,95
176709,95
176719,95
176729,97
176739,97
176748,97
176759,97
176768,97
176778,97
176790,97
176798,97
176809,97
176820,97
176828,97
176838,97
176850,97
176858,97
176870,97
176878,97
176889,97
176900,97
176910,97
176918,97
176929,97
176939,97
176950,97
176959,95
176969,95
176979,95
176989,95
176999,95
177009,97
177018,97
177029,97
177039,97
177049,97
177058,97
177069,97
177079,97
177089,97
177099,97
177109,97
177119,97
177128,97
177138,97
177149,97
177159,97
177168,97
177178,97
177189,97
177199,99
177208,99
177218,99
177228,99
177238,99
177250,101
177258,101
177269,101
177279,101
177289,101
177299,99
177308,99
177318,99
177329,99
177338,99
177349,97
177359,97
177369,97
177378,97
177389,97
177399,97
177409,97
177418,97
177429,97
177439,97
177449,97
177458,97
177469,97
177478,97
177490,97
177499,97
177509,97
177518,97
177529,97
177539,97
177549,97
177558,97
177569,97
177578,97
177589,97
177598,97
177609,97
177619,97
177629,97
177639,97
177648,97
177659,97
177669,97
177678,97
177688,97
177698,97
177709,97
177719,97
177729,97
177739,97
177748,97
177759,97
177769,97
177779,97
177789,97
177798,97
177808,97
177818,97
177829,97
177838,97
177848,97
177859,97
177869,97
177879,97
177889,97
177898,97
177909,97
177920,95
177929,95
177938,95
177948,95
177959,95
177969,95
177978,95
177988,95
177998,95
178008,95
178018,95
178030,95
178038,95
178050,95
178058,95
178070,97
178080,97
178089,97
178100,97
178110,97
178119,97
178128,97
178139,97
178149,97
178160,97
178168,97
178179,97
178189,97
178199,97
178209,97
178220,97
178228,97
178239,97
178248,97
178258,99
178269,99
178279,99
178289,99
178299,99
178309,97
178319,97
178329,97
178338,97
178349,97
178358,97
178369,97
178378,97
178389,97
178399,95
178408,95
178418,95
178429,95
178438,95
178448,95
178459,95
178469,95
178478,95
178490,93
178498,93
178509,93
178518,93
178528,93
178539,95
178549,95
178559,95
178568,95
178579,95
178589,95
178598,95
178608,95
178618,95
178628,95
178638,95
178649,95
178658,95
178668,95
178679,95
178689,95
178698,95
178709,95
178719,95
178730,95
178738,95
178748,95
178758,95
178769,95
178778,95
178790,95
178798,95
178808,95
178819,95
178829,95
178838,95
178849,95
178858,95
178869,95
178878,95
178889,95
178898,95
178909,95
178918,97
178928,97
178938,97
178948,97
178958,97
178968,97
178979,97
178988,97
178998,97
179009,97
179018,97
179029,97
179038,97
179048,97
179059,97
179069,97
179078,97
179089,97
179099,97
179108,97
179119,97
179128,97
179138,97
179148,97
179158,97
179169,97
179178,97
179188,97
179198,97
179209,99
179218,99
179228,99
179238,99
179251,99
179260,99
179270,99
179279,99
179290,99
179300,99
179310,99
179319,99
179328,99
179338,99
179350,99
179358,99
179368,99
179379,99
179389,99
179399,97
179409,97
179418,97
179429,97
179439,95
179449,95
179458,95
179468,95
179479,95
179489,93
179498,93
179509,93
179519,93
179528,93
179538,93
179549,93
179558,93
179569,93
179579,93
179589,95
179599,95
179609,95
179618,95
179629,95
179638,95
179648,95
179658,95
179669,95
179678,95
179689,95
179698,95
179708,95
179719,95
179729,97
179739,97
179748,97
179758,97
179768,97
179779,99
179788,99
179799,99
179808,99
179819,97
179829,97
179838,97
179848,97
179859,97
179869,97
179879,97
179889,97
179899,97
179908,97
179919,97
179929,97
179938,97
179948,97
179959,97
179969,97
179979,97
179989,97
179998,97
180009,97
180019,97
180028,97
180039,97
180049,97
180060,97
180069,97
180078,97
180089,97
180098,97
180108,97
180119,97
180128,97
180139,97
180149,97
180159,97
180169,97
180178,97
180188,97
180198,97
180208,97
180219,97
180228,97
180239,97
180249,97
180259,97
180269,97
180279,97
180289,97
180300,99
180309,99
180319,99
180329,99
180339,99
180350,97
180359,97
180368,97
180379,97
180389,97
180399,97
180409,97
180418,97
180428,97
180439,95
180448,95
180460,95
180470,95
180480,95
180490,95
180500,95
180508,95
180518,95
180528,95
180538,93
180550,93
180559,93
180568,93
180579,93
180589,93
180599,93
180609,93
180619,93
180629,93
180639,93
180649,93
180659,93
180669,93
180678,97
180688,97
180699,97
180709,97
180718,97
180728,97
180739,97
180748,97
180759,97
180769,97
180779,99
180789,99
180799,99
180808,99
180819,99
180829,99
180839,99
180848,99
180859,99
180870,99
180879,99
180889,99
180898,99
180909,99
180919,97
180929,97
180939,97
180949,97
180958,97
180969,97
180979,97
180988,97
180999,97
181009,95
181019,95
181029,95
181039,95
181048,95
181060,97
181069,97
181079,97
181089,97
181098,97
181109,95
181119,95
181128,95
181138,95
181150,95
181158,95
181169,95
181179,95
181189,95
181199,93
181209,93
181218,93
181228,93
181238,93
181249,95
181258,95
181268,95
181279,95
181289,95
181298,95
181309,95
181319,95
181328,95
181339,97
181349,97
181359,97
181369,97
181379,97
181389,97
181399,97
181408,97
181419,97
181429,97
181439,99
181449,99
181458,99
181469,99
181479,99
181488,97
181498,97
181509,97
181519,97
181528,97
181539,99
181549,99
181559,99
181569,99
181579,97
181588,97
181599,97
181608,97
181618,97
181630,97
181639,97
181649,97
181658,97
181670,97
181678,97
181690,97
181698,97
181710,97
181718,97
181728,97
181740,97
181750,97
181760,97
181770,97
181779,95
181790,95
181799,95
181809,95
181819,95
181829,95
181839,95
181849,95
181858,95
181869,95
181879,95
181889,95
181899,95
181909,95
181919,95
181929,95
181939,95
181949,95
181959,95
181969,95
181979,95
181989,95
181999,95
182009,95
182019,97
182029,97
182038,97
182049,97
182059,97
182069,97
182079,97
182089,97
182098,97
182110,97
182119,97
182128,97
182138,97
182149,97
182159,95
182169,95
182178,95
182189,95
182199,95
182208,97
182219,97
182229,97
182239,97
182250,97
182258,97
182269,97
182279,97
182289,97
182299,97
182308,97
182319,97
182329,97
182339,97
182349,97
182358,97
182369,97
182379,97
182388,97
182399,99
182409,99
182419,99
182428,99
182439,99
182448,95
182459,95
182469,95
182478,95
182489,95
182498,95
182509,95
182519,95
182528,95
182539,93
182550,93
182559,93
182569,93
182579,93
182588,95
182599,95
182608,95
182619,95
182628,95
182639,95
182648,95
182659,95
182669,95
182679,97
182689,97
182699,97
182709,97
182719,97
182729,97
182739,97
182750,97
182759,97
182769,97
182779,99
182789,99
182799,99
182809,99
182819,99
182829,99
182838,99
182848,99
182860,99
182870,97
182879,97
182890,97
182900,97
182910,97
182920,95
182928,95
182940,95
182950,95
182960,95
182970,97
182980,97
182989,97
183000,97
183009,97
183019,95
183029,95
183039,95
183049,95
183060,95
183069,95
183079,95
183089,95
183099,95
183109,95
183118,95
183129,95
183139,95
183149,95
183159,95
183169,95
183179,95
183188,95
183199,95
183208,95
183219,95
183229,95
183239,95
183248,95
183259,97
183268,97
183279,97
183289,97
183300,99
183309,99
183319,99
183329,99
183339,99
183350,99
183359,99
183369,99
183378,99
183388,99
183398,99
183408,99
183418,99
183429,99
183439,99
183449,99
183459,99
183469,99
183479,99
183489,99
183498,97
183509,97
183519,97
183528,97
183539,97
183550,97
183558,97
183569,97
183579,97
183590,95
183599,95
183609,95
183619,95
183629,95
183639,93
183648,93
183659,93
183669,93
183679,93
183689,93
183699,93
183708,93
183719,93
183729,95
183738,95
183748,95
183758,95
183769,95
183779,97
183789,97
183799,97
183809,97
183819,97
183829,95
183839,95
183849,95
183859,95
183869,95
183879,97
183889,97
183899,97
183909,97
183919,97
183929,97
183939,97
183949,97
183959,97
183969,99
183979,99
183989,99
183999,99
184009,99
184019,95
184029,95
184039,95
184049,95
184059,95
184069,95
184079,95
184089,95
184098,95
184110,95
184118,95
184128,95
184139,95
184150,95
184160,95
184170,95
184179,95
184190,95
184199,95
184209,95
184218,95
184229,95
184239,95
184250,95
184259,95
184269,95
184279,95
184289,95
184299,95
184309,95
184318,95
184329,95
184339,95
184350,97
184358,97
184369,97
184379,97
184389,97
184399,97
184409,97
184418,97
184429,97
184439,97
184449,97
184459,97
184468,97
184478,97
184489,99
184499,99
184508,99
184519,99
184529,99
184539,99
184550,99
184559,99
184569,99
184579,99
184589,99
184599,99
184609,99
184619,99
184629,99
184638,99
184649,99
184659,99
184669,99
184678,99
184688,97
184698,97
184709,97
184719,97
184729,95
184739,95
184749,95
184758,95
184769,95
184779,93
184789,93
184799,93
184809,93
184819,93
184828,93
184839,93
184849,93
184859,93
184869,93
184879,95
184890,95
184898,95
184909,95
184918,95
184929,95
184939,95
184949,95
184959,95
184969,97
184979,97
184989,97
184999,97
185009,97
185019,97
185029,97
185039,97
185049,97
185059,97
185069,97
185078,97
185089,97
185099,97
185109,97
185119,97
185129,97
185138,97
185149,97
185159,97
185169,97
185178,97
185188,97
185199,97
185210,97
185218,97
185229,97
185238,97
185249,97
185261,97
185268,97
185278,97
185288,97
185300,97
185308,97
185318,97
185329,97
185338,97
185350,93
185360,93
185369,93
185380,93
185390,93
185400,95
185409,95
185420,95
185429,95
185439,95
185449,95
185460,95
185468,95
185479,95
185489,95
185498,95
185508,95
185519,95
185528,95
185540,95
185550,95
185559,95
185569,95
185578,95
185590,97
185599,97
185609,97
185619,97
185629,97
185639,101
185649,101
185658,101
185668,101
185678,101
185688,103
185699,103
185709,103
185719,103
185729,103
185739,101
185749,101
185758,101
185769,101
185778,101
185789,99
185798,99
185809,99
185819,99
185829,97
185838,97
185849,97
185859,97
185868,97
185879,95
185889,95
185899,95
185908,95
185919,95
185929,93
185939,93
185949,93
185959,93
185969,93
185979,93
185989,93
185999,93
186009,93
186020,95
186029,95
186038,95
186049,95
186059,95
186070,95
186079,95
186088,95
186099,95
186108,95
186119,97
186128,97
186139,97
186149,97
186158,97
186169,95
186179,95
186189,95
186199,95
186208,95
186219,95
186228,95
186239,95
186249,95
186260,95
186270,95
186278,95
186289,95
186299,95
186308,95
186319,95
186329,95
186338,95
186348,93
186358,93
186369,93
186379,93
186389,93
186399,95
186409,95
186418,95
186429,95
186438,95
186450,97
186458,97
186468,97
186479,97
186488,97
186499,99
186510,99
186518,99
186530,99
186538,99
186550,97
186559,97
186570,97
186580,97
186590,97
186600,97
186610,97
186619,97
186629,97
186638,97
186650,97
186659,97
186670,97
186679,97
186689,97
186699,97
186709,97
186719,97
186729,97
186739,97
186749,97
186759,97
186769,97
186779,97
186789,97
186799,97
186809,97
186819,97
186829,97
186839,97
186849,97
186859,97
186868,97
186879,97
186889,97
186899,97
186908,97
186918,97
186929,97
186939,97
186949,97
186958,97
186969,97
186978,99
186989,99
186999,99
187009,99
187019,97
187028,97
187038,97
187049,97
187058,97
187069,99
187079,99
187089,99
187099,99
187108,99
187118,95
187129,95
187138,95
187148,95
187159,95
187169,97
187179,97
187189,97
187199,97
187208,97
187218,95
187228,95
187239,95
187249,95
187259,97
187269,97
187279,97
187289,97
187299,97
187308,95
187318,95
187328,95
187338,95
187348,95
187358,95
187368,95
187379,95
187389,95
187398,95
187408,93
187418,93
187429,93
187438,93
187450,95
187458,95
187469,95
187479,95
187489,95
187499,93
187509,93
187518,93
187529,93
187538,93
187550,97
187559,97
187569,97
187578,97
187590,95
187599,95
187609,95
187619,95
187629,95
187639,95
187649,95
187659,95
187669,95
187679,95
187690,95
187700,95
187710,95
187719,95
187729,95
187738,97
187750,97
187758,97
187769,97
187780,95
187788,95
187798,95
187809,95
187820,95
187829,97
187839,97
187849,97
187860,97
187869,97
187879,95
187888,95
187899,95
187909,95
187919,95
187929,97
187939,97
187948,97
187958,97
187969,97
187979,97
187989,97
187998,97
188008,97
188020,99
188028,99
188039,99
188050,99
188058,99
188068,97
188079,97
188089,97
188098,97
188108,97
188119,97
188129,97
188138,97
188148,97
188159,97
188168,97
188178,97
188189,97
188198,97
188209,95
188218,95
188228,95
188239,95
188249,95
188259,95
188268,95
188278,95
188289,95
188298,95
188308,95
188319,95
188329,95
188339,95
188349,95
188359,95
188369,95
188378,95
188389,95
188399,97
188408,97
188418,97
188428,97
188438,97
188448,97
188458,97
188468,97
188478,97
188489,97
188498,97
188509,97
188519,97
188529,97
188539,97
188550,97
188559,97
188568,97
188578,97
188589,97
188599,99
188609,99
188619,99
188629,99
188639,99
188648,99
188659,99
188669,99
188679,99
188689,99
188698,99
188709,99
188719,99
188728,99
188738,97
188748,97
188758,97
188769,97
188779,97
188789,95
188798,95
188808,95
188818,95
188829,95
188839,95
188848,95
188858,95
188869,95
188879,95
188889,95
188898,95
188909,95
188918,95
188930,95
188938,95
188950,95
188958,95
188968,95
188980,95
188990,95
188998,95
189009,95
189019,95
189030,95
189039,95
189050,95
189060,95
189070,97
189080,97
189089,97
189099,97
189109,97
189120,95
189129,95
189139,95
189149,95
189158,95
189168,97
189178,97
189189,97
189199,97
189209,97
189218,97
189229,97
189238,97
189249,97
189258,97
189269,97
189279,97
189289,97
189299,97
189309,95
189318,95
189329,95
189338,95
189349,95
189359,93
189369,93
189378,93
189389,93
189399,93
189408,91
189419,91
189429,91
189439,91
189450,93
189458,93
189468,93
189479,93
189489,93
189500,95
189509,95
189519,95
189529,95
189538,95
189550,97
189559,97
189569,97
189579,97
189588,97
189599,99
189608,99
189618,99
189629,99
189638,99
189648,99
189658,99
189668,99
189679,99
189690,97
189699,97
189708,97
189719,97
189728,97
189738,95
189749,95
189759,95
189769,95
189778,95
189789,93
189799,93
189809,93
189819,93
189830,93
189838,93
189848,93
189859,93
189868,93
189879,93
189889,93
189898,93
189909,93
189918,93
189929,95
189939,95
189949,95
189959,95
189969,95
189979,97
189989,97
189999,97
190009,97
190019,99
190028,99
190039,99
190049,99
190058,99
190069,99
190079,99
190089,99
190099,99
190109,99
190120,99
190128,99
190139,99
190150,99
190160,99
190170,97
190180,97
190190,97
190200,97
190208,97
190220,97
190230,97
190239,97
190249,97
190260,97
190269,97
190279,97
190289,97
190300,97
190309,95
190319,95
190328,95
190339,95
190349,95
190359,95
190369,95
190379,95
190389,95
190398,95
190408,95
190419,95
190429,95
190439,95
190450,95
190459,95
190469,95
190479,95
190489,95
190499,93
190509,93
190519,93
190528,93
190539,93
190550,93
190559,93
190569,93
190579,93
190590,93
190599,93
190609,93
190618,93
190629,93
190638,95
190648,95
190659,95
190669,95
190679,95
190689,97
190699,97
190709,97
190719,97
190728,97
190738,99
190750,99
190759,99
190768,99
190779,99
190789,99
190798,99
190809,99
190819,99
190830,99
190838,99
190849,99
190858,99
190869,99
190878,97
190889,97
190899,97
190909,97
190919,97
190929,97
190939,97
190949,97
190959,97
190969,97
190979,97
190989,97
190999,97
191009,97
191019,97
191028,97
191038,97
191048,97
191058,97
191068,95
191079,95
191089,95
191098,95
191109,95
191119,95
191129,95
191138,95
191148,95
191159,95
191169,95
191179,95
191189,95
191199,95
191209,97
191219,97
191229,97
191238,97
191249,97
191259,95
191269,95
191279,95
191289,95
191298,95
191310,97
191319,97
191329,97
191338,97
191348,97
191358,95
191368,95
191380,95
191388,95
191398,95
191410,97
191419,97
191428,97
191438,97
191449,95
191460,95
191470,95
191480,95
191490,95
191499,95
191509,95
191519,95
191529,95
191539,95
191550,95
191558,95
191569,95
191579,95
191589,95
191599,97
191609,97
191619,97
191629,97
191640,95
191649,95
191658,95
191669,95
191679,95
191689,97
191698,97
191709,97
191718,97
191728,97
191738,95
191749,95
191759,95
191768,95
191779,95
191789,97
191798,97
191808,97
191818,97
191829,97
191838,97
191849,97
191858,97
191868,97
191879,97
191889,97
191899,97
191908,97
191918,97
191928,99
191939,99
191949,99
191958,99
191969,99
191979,99
191989,99
191998,99
192008,99
192019,97
192029,97
192039,97
192049,97
192058,97
192070,97
192079,97
192089,97
192098,97
192108,97
192119,95
192129,95
192139,95
192149,95
192159,95
192169,95
192179,95
192188,95
192198,95
192208,95
192218,95
192229,95
192239,95
192249,95
192260,95
192269,95
192279,95
192289,95
192298,95
192309,97
192318,97
192328,97
192338,97
192349,97
192359,97
192369,97
192379,97
192389,97
192399,97
192408,99
192418,99
192429,99
192439,99
192449,99
192459,101
192469,101
192479,101
192489,101
192499,101
192509,103
192518,103
192528,103
192539,103
192551,99
192558,99
192569,99
192580,99
192590,99
192600,97
192609,97
192618,97
192629,97
192640,97
192650,97
192660,97
192670,97
192679,97
192689,97
192700,97
192709,97
192719,97
192729,97
192739,97
192749,95
192759,95
192769,95
192779,95
192790,95
192798,95
192809,95
192819,95
192829,95
192839,95
192849,95
192858,95
192869,95
192879,95
192889,95
192898,95
192909,95
192919,95
192929,95
192939,95
192949,95
192958,95
192969,95
192980,95
192988,95
192998,95
193009,95
193019,95
193030,97
193039,97
193049,97
193058,97
193069,97
193079,99
193088,99
193099,99
193109,99
193119,99
193129,97
193139,97
193148,97
193159,97
193169,97
193179,99
193189,99
193199,99
193209,99
193219,97
193229,97
193239,97
193249,97
193259,97
193270,97
193279,97
193289,97
193299,97
193309,97
193319,95
193329,95
193339,95
193349,95
193359,95
193369,95
193379,95
193389,95
193399,95
193409,93
193419,93
193429,93
193439,93
193449,93
193459,95
193469,95
193479,95
193489,95
193499,95
193509,95
193519,95
193528,95
193539,95
193550,95
193559,97
193569,97
193579,97
193589,97
193599,97
193609,95
193619,95
193629,95
193639,95
193650,97
193659,97
193669,97
193679,97
193689,97
193699,95
193709,95
193719,95
193729,95
193739,95
193749,95
193758,95
193769,95
193780,95
193790,95
193799,93
193810,93
193820,93
193830,93
193840,95
193848,95
193860,95
193870,95
193879,95
193890,93
193900,93
193910,93
193919,93
193930,93
193939,95
193949,95
193959,95
193969,95
193979,95
193989,95
193999,95
194009,95
194019,95
194030,97
194039,97
194049,97
194059,97
194068,97
194079,97
194089,97
194099,97
194109,97
194119,97
194129,97
194139,97
194149,97
194159,97
194169,95
194179,95
194188,95
194199,95
194208,95
194219,97
194229,97
194239,97
194249,97
194259,97
194269,97
194279,97
194289,97
194299,97
194309,97
194319,99
194330,99
194339,99
194349,99
194359,99
194369,97
194379,97
194389,97
194399,97
194410,97
194419,97
194429,97
194439,97
194448,97
194459,95
194469,95
194479,95
194489,95
194499,95
194509,95
194518,95
194529,95
194539,95
194550,95
194559,93
194569,93
194579,93
194589,93
194599,95
194608,95
194619,95
194629,95
194639,95
194649,95
194659,95
194669,95
194679,95
194689,95
194699,97
194709,97
194719,97
194729,97
194739,97
194749,97
194758,97
194769,97
194778,97
194789,97
194799,97
194809,97
194819,97
194829,97
194840,97
194849,97
194859,97
194869,97
194879,97
194889,97
194899,97
194909,97
194919,97
194929,97
194939,97
194949,97
194959,97
194969,97
194978,97
194990,97
194999,97
195009,97
195020,97
195030,97
195039,97
195049,97
195060,97
195070,97
195078,95
195089,95
195100,95
195109,95
195120,95
195129,95
195139,95
195149,95
195160,95
195169,95
195179,95
195189,95
195199,95
195209,95
195219,95
195229,95
195239,95
195249,95
195259,95
195269,95
195279,95
195289,95
195299,95
195309,95
195319,95
195329,95
195339,95
195349,95
195358,95
195369,95
195378,95
195389,95
195399,95
195410,95
195419,95
195429,95
195439,95
195449,95
195459,95
195469,95
195479,95
195489,95
195498,95
195509,95
195518,95
195529,95
195539,95
195550,95
195559,97
195569,97
195579,97
195589,97
195600,97
195609,97
195619,97
195629,97
195639,97
195648,95
195659,95
195669,95
195679,95
195689,95
195699,95
195709,95
195718,95
195729,95
195740,97
195749,97
195759,97
195769,97
195779,97
195789,97
195798,97
195809,97
195819,97
195829,97
195839,99
195849,99
195859,99
195868,99
195879,99
195889,97
195899,97
195909,97
195919,97
195929,97
195939,97
195949,97
195958,97
195969,97
195980,95
195989,95
195999,95
196009,95
196019,95
196029,95
196038,95
196049,95
196059,95
196069,95
196079,95
196089,95
196099,95
196109,95
196119,95
196129,95
196139,95
196149,95
196159,95
196169,95
196180,97
196190,97
196199,97
196210,97
196220,97
196228,97
196239,97
196250,97
196260,97
196270,99
196279,99
196290,99
196299,99
196310,99
196319,99
196330,99
196339,99
196349,99
196359,99
196370,97
196379,97
196389,97
196398,97
196409,97
196418,95
196429,95
196439,95
196449,95
196459,97
196469,97
196479,97
196489,97
196499,97
196509,97
196519,97
196529,97
196539,97
196550,97
196559,97
196569,97
196579,97
196589,97
196599,97
196609,95
196619,95
196629,95
196639,95
196649,97
196659,97
196669,97
196679,97
196689,97
196699,95
196709,95
196719,95
196729,95
196738,95
196750,95
196758,95
196769,95
196779,95
196789,95
196799,93
196809,93
196819,93
196829,93
196839,93
196849,93
196858,93
196869,93
196879,93
196889,95
196898,95
196909,95
196919,95
196929,95
196939,97
196949,97
196959,97
196969,97
196978,97
196989,97
196999,97
197009,97
197019,97
197030,99
197039,99
197049,99
197059,99
197069,99
197079,99
197089,99
197099,99
197109,99
197119,99
197129,99
197139,99
197149,99
197159,99
197169,99
197178,97
197189,97
197199,97
197209,97
197218,97
197229,97
197239,97
197249,97
197259,97
197270,95
197279,95
197289,95
197298,95
197309,95
197319,95
197329,95
197339,95
197349,95
197359,95
197369,93
197380,93
197390,93
197399,93
197409,93
197420,95
197430,95
197439,95
197449,95
197460,95
197470,95
197479,95
197489,95
197500,95
197510,97
197519,97
197529,97
197540,97
197550,97
197560,95
197570,95
197579,95
197589,95
197599,95
197608,95
197619,95
197629,95
197638,95
197649,95
197659,95
197669,95
197679,95
197689,95
197699,95
197709,95
197719,95
197729,95
197739,95
197749,95
197759,95
197769,95
197778,95
197789,95
197799,97
197809,97
197819,97
197829,97
197839,97
197849,97
197858,97
197869,97
197879,97
197889,97
197899,97
197909,97
197919,97
197929,97
197939,97
197948,97
197958,97
197969,97
197979,97
197989,99
197998,99
198009,99
198018,99
198029,99
198039,101
198048,101
198059,101
198069,101
198079,99
198089,99
198099,99
198108,99
198119,99
198129,97
198138,97
198149,97
198159,97
198169,97
198178,95
198189,95
198199,95
198209,95
198218,95
198229,93
198239,93
198249,93
198258,93
198269,93
198279,93
198289,93
198298,93
198309,93
198319,93
198329,93
198338,93
198349,93
198358,93
198369,95
198378,95
198389,95
198399,95
198409,95
198418,95
198429,95
198439,95
198449,95
198458,95
198469,97
198479,97
198489,97
198499,97
198508,97
198519,97
198529,97
198539,97
198551,97
198559,97
198569,97
198578,97
198589,97
198599,97
198610,97
198620,97
198630,97
198639,97
198648,97
198660,95
198670,95
198678,95
198690,95
198700,95
198710,93
198719,93
198728,93
198739,93
198750,91
198760,91
198770,91
198779,91
198789,91
198799,95
198809,95
198819,95
198829,95
198839,95
198849,95
198860,95
198869,95
198879,95
198889,95
198898,97
198909,97
198919,97
198929,97
198939,97
198949,97
198959,97
198969,97
198978,97
198990,97
198999,97
199009,97
199019,97
199029,97
199038,95
199049,95
199059,95
199069,95
199079,95
199089,95
199099,95
199109,95
199119,95
199129,95
199138,95
199149,95
199159,95
199169,95
199180,97
199189,97
199199,97
199209,97
199218,97
199229,95
199239,95
199249,95
199258,95
199269,95
199279,97
199289,97
199298,97
199309,97
199319,97
199329,95
199339,95
199349,95
199359,95
199369,97
199379,97
199389,97
199399,97
199409,97
199419,95
199428,95
199439,95
199448,95
199458,95
199469,95
199479,95
199489,95
199498,95
199509,95
199519,95
199529,95
199538,95
199548,95
199558,95
199569,97
199578,97
199588,97
199599,97
199610,97
199618,97
199629,97
199638,97
199649,97
199660,97
199669,97
199679,97
199689,97
199698,97
199709,97
199719,97
199729,97
199738,97
199748,97
199759,97
199769,97
199778,97
199789,97
199800,97
199808,97
199818,97
199829,97
199839,97
199850,97
199858,97
199870,97
199878,97
199889,97
199898,97
199910,97
199919,97
199929,97
199940,97
199950,97
199960,97
199970,97
199980,97
199990,97
199999,97
200009,97
200019,97
200029,97
200040,95
200049,95
200058,95
200069,95
200079,95
200089,93
200098,93
200109,93
200119,93
200129,93
200138,95
200149,95
200159,95
200169,95
200179,95
200189,95
200199,95
200209,95
200218,95
200229,97
200239,97
200249,97
200258,97
200268,97
200279,99
200289,99
200299,99
200308,99
200319,99
200329,103
200338,103
200349,103
200359,103
200369,103
200378,101
200389,101
200399,101
200409,101
200418,101
200429,101
200439,101
200449,101
200458,101
200468,101
200479,99
200489,99
200498,99
200509,99
200519,97
200529,97
200538,97
200548,97
200559,97
200569,95
200579,95
200589,95
200599,95
200609,95
200619,95
200629,95
200638,95
200649,95
200659,95
200669,95
200679,95
200689,95
200699,95
200709,95
200719,97
200729,97
200738,97
200749,97
200758,99
200769,99
200778,99
200788,99
200799,99
200809,99
200818,99
200829,99
200839,99
200849,99
200860,97
200869,97
200879,97
200889,97
200898,97
200909,97
200919,97
200929,97
200938,97
200949,97
200959,97
200968,97
200978,97
200989,97
200999,97
201009,97
201018,97
201029,97
201039,97
201051,97
201058,97
201070,97
201079,97
201090,97
201100,97
201108,97
201119,97
201130,97
201139,97
201150,97
201160,97
201170,97
201180,97
201189,97
201199,97
201209,97
201219,97
201229,97
201239,97
201249,97
201258,97
201269,97
201278,97
201289,97
201298,97
201309,97
201319,97
201329,97
201339,97
201349,97
201359,97
201369,97
201378,97
201389,95
201399,95
201409,95
201418,95
201429,95
201439,93
201449,93
201458,93
201469,93
201479,93
201489,93
201498,93
201509,93
201519,93
201529,95
201538,95
201550,95
201559,95
201569,95
201578,95
201589,95
201599,95
201609,95
201618,95
201629,95
201639,95
201649,95
201658,95
201670,97
201679,97
201688,97
201698,97
201709,97
201719,97
201729,97
201738,97
201749,97
201759,97
201769,97
201779,97
201789,97
201799,97
201809,97
201819,97
201828,97
201839,97
201849,97
201860,97
201869,97
201879,97
201889,97
201898,97
201910,99
201919,99
201929,99
201938,99
201949,99
201958,97
201969,97
201978,97
201989,97
201999,97
202009,99
202019,99
202029,99
202039,99
202049,99
202058,97
202069,97
202079,97
202089,97
202099,97
202109,97
202119,97
202129,97
202138,97
202150,97
202159,97
202168,97
202178,97
202189,97
202198,95
202208,95
202218,95
202229,95
202239,95
202248,95
202258,95
202269,95
202279,95
202290,95
202298,95
202309,95
202319,95
202329,95
202340,95
202350,95
202360,95
202369,95
202380,95
202389,95
202400,95
202409,95
202419,95
202429,95
202439,97
202448,97
202458,97
202469,97
202479,97
202489,97
202499,97
202509,97
202518,97
202529,95
202538,95
202550,95
202559,95
202569,95
202579,95
202589,95
202599,95
202609,95
202618,95
202629,95
202639,95
202649,95
202658,95
202669,93
202679,93
202689,93
202698,93
202708,93
202719,93
202729,93
202738,93
202749,93
202759,93
202769,97
202779,97
202789,97
202799,97
202809,97
202818,97
202829,97
202839,97
202849,97
202859,99
202868,99
202879,99
202888,99
202898,99
202910,97
202919,97
202928,97
202938,97
202949,97
202958,97
202969,97
202978,97
202989,97
202999,97
203009,97
203018,97
203029,97
203039,97
203049,97
203058,97
203069,97
203079,97
203089,97
203099,95
203109,95
203119,95
203129,95
203138,95
203148,97
203159,97
203168,97
203178,97
203189,97
203199,97
203208,97
203218,97
203229,97
203239,97
203249,97
203259,97
203269,97
203279,97
203290,97
203298,97
203309,97
203319,97
203328,97
203339,95
203349,95
203359,95
203369,95
203378,95
203389,95
203398,95
203408,95
203418,95
203429,95
203439,95
203449,95
203458,95
203470,95
203479,93
203490,93
203500,93
203510,93
203519,93
203530,95
203538,95
203551,95
203559,95
203570,95
203579,95
203590,95
203599,95
203610,95
203618,95
203629,95
203639,95
203649,95
203658,95
203669,97
203679,97
203689,97
203698,97
203708,97
203718,97
203729,97
203738,97
203749,97
203759,97
203769,97
203779,97
203789,97
203799,97
203809,97
203818,97
203829,97
203839,97
203848,97
203859,97
203869,97
203879,97
203889,97
203899,97
203909,99
203919,99
203929,99
203938,99
203949,99
203959,99
203968,99
203978,99
203989,99
203999,99
204009,99
204019,99
204029,99
204039,99
204049,99
204058,99
204069,99
204079,99
204089,99
204100,99
204109,99
204119,99
204129,99
204138,99
204149,97
204159,97
204169,97
204178,97
204189,97
204199,95
204209,95
204219,95
204229,95
204239,95
204249,93
204259,93
204268,93
204278,93
204289,93
204299,93
204309,93
204319,93
204329,93
204339,95
204348,95
204359,95
204369,95
204378,95
204389,95
204399,95
204409,95
204418,95
204429,95
204439,97
204449,97
204458,97
204469,97
204479,97
204489,97
204498,97
204509,97
204519,97
204529,99
204538,99
204549,99
204559,99
204568,99
204578,99
204589,99
204599,99
204608,99
204618,99
204628,99
204638,99
204648,99
204658,99
204669,99
204679,97
204690,97
204698,97
204709,97
204720,97
204728,97
204738,97
204749,97
204760,97
204770,95
204780,95
204790,95
204800,95
204809,95
204819,95
204828,95
204839,95
204849,95
204858,95
204869,93
204879,93
204889,93
204899,93
204909,95
204919,95
204929,95
204938,95
204949,95
204959,95
204969,95
204978,95
204989,95
204999,95
205008,99
205019,99
205029,99
205038,99
205048,99
205059,99
205068,99
205079,99
205089,99
205099,99
205109,99
205119,99
205129,99
205138,99
205149,99
205159,99
205168,99
205178,99
205189,99
205199,97
205209,97
205218,97
205229,97
205239,97
205248,95
205260,95
205269,95
205279,95
205288,95
205298,95
205308,95
205319,95
205329,95
205339,95
205349,95
205359,95
205369,95
205378,95
205390,97
205399,97
205409,97
205418,97
205429,97
205439,95
205449,95
205458,95
205469,95
205479,95
205489,97
205499,97
205509,97
205519,97
205528,97
205538,97
205549,97
205559,97
205569,97
205580,95
205589,95
205599,95
205609,95
205618,95
205628,95
205639,95
205649,95
205658,95
205669,95
205679,95
205689,95
205698,95
205708,95
205718,95
205729,95
205738,95
205749,95
205759,95
205769,95
205778,95
205789,95
205799,95
205809,95
205819,95
205829,95
205839,95
205849,95
205858,95
205869,97
205880,97
205890,97
205899,97
205908,97
205919,97
205928,97
205938,97
205950,97
205960,97
205970,97
205979,97
205990,97
205999,97
206010,95
206019,95
206029,95
206039,95
206049,95
206058,97
206069,97
206079,97
206089,97
206099,97
206109,95
206119,95
206129,95
206138,95
206149,97
206159,97
206168,97
206178,97
206189,97
206198,95
206209,95
206218,95
206229,95
206239,95
206248,97
206258,97
206269,97
206279,97
206289,97
206299,97
206308,97
206319,97
206328,97
206340,97
206348,97
206359,97
206369,97
206378,97
206389,97
206399,97
206409,97
206418,97
206429,97
206439,97
206449,97
206458,97
206469,97
206479,97
206489,93
206498,93
206509,93
206519,93
206530,95
206538,95
206549,95
206559,95
206569,95
206579,93
206589,93
206599,93
206608,93
206618,93
206629,95
206639,95
206649,95
206659,95
206669,95
206679,95
206689,95
206699,95
206709,95
206719,97
206728,97
206738,97
206749,97
206759,97
206769,97
206778,97
206789,97
206799,97
206809,97
206818,99
206828,99
206839,99
206848,99
206858,99
206869,97
206879,97
206888,97
206898,97
206909,97
206919,97
206928,97
206938,97
206949,97
206958,93
206969,93
206978,93
206989,93
206999,93
207009,95
207018,95
207029,95
207038,95
207050,93
207058,93
207068,93
207079,93
207090,93
207100,97
207108,97
207119,97
207130,97
207138,97
207148,95
207160,95
207168,95
207178,95
207190,95
207199,99
207209,99
207220,99
207229,99
207239,99
207249,97
207259,97
207269,97
207279,97
207290,99
207299,99
207309,99
207319,99
207328,99
207339,99
207348,99
207359,99
207369,99
207378,99
207390,97
207399,97
207408,97
207419,97
207429,97
207439,97
207448,97
207459,97
207469,97
207479,97
207489,95
207498,95
207509,95
207519,95
207530,95
207538,95
207549,95
207559,95
207569,95
207580,95
207589,95
207599,95
207608,95
207618,95
207628,95
207639,95
207648,95
207658,95
207669,95
207679,95
207689,95
207698,95
207709,95
207719,95
207728,97
207739,97
207749,97
207759,97
207769,97
207778,97
207789,97
207799,97
207809,97
207819,97
207829,97
207839,97
207849,97
207859,97
207869,95
207879,95
207888,95
207899,95
207909,95
207919,95
207930,95
207938,95
207948,95
207960,93
207969,93
207978,93
207989,93
207999,93
208009,91
208018,91
208028,91
208039,91
208048,91
208058,93
208069,93
208078,93
208088,93
208100,95
208108,95
208119,95
208128,95
208138,95
208149,95
208159,95
208169,95
208178,95
208188,95
208198,99
208208,99
208218,99
208229,99
208239,99
208248,97
208260,97
208268,97
208279,97
208290,97
208298,99
208308,99
208318,99
208328,99
208339,97
208348,97
208360,97
208370,97
208378,97
208390,97
208399,97
208410,97
208419,97
208430,97
208439,97
208450,97
208459,97
208469,97
208479,97
208489,95
208498,95
208509,95
208518,95
208529,95
208538,95
208549,95
208559,95
208569,95
208579,95
208589,95
208599,95
208609,95
208618,95
208628,95
208639,95
208649,95
208659,95
208668,95
208679,95
208689,95
208699,95
208708,95
208718,95
208729,97
208738,97
208748,97
208759,97
208769,97
208778,97
208789,97
208799,97
208809,97
208818,97
208828,97
208839,97
208848,97
208858,97
208868,95
208879,95
208888,95
208898,95
208909,95
208919,95
208928,95
208938,95
208949,95
208959,95
208969,95
208978,95
208988,95
208999,95
209009,95
209018,95
209028,95
209039,95
209048,95
209059,97
209069,97
209079,97
209089,97
209099,97
209109,97
209119,97
209128,97
209138,97
209150,97
209158,97
209169,97
209178,97
209189,97
209200,97
209209,97
209218,97
209229,97
209238,97
209249,97
209258,97
209268,97
209279,97
209288,97
209298,95
209309,95
209319,95
209328,95
209338,95
209348,97
209359,97
209368,97
209378,97
209390,97
209399,97
209409,97
209418,97
209429,97
209440,97
209448,97
209458,97
209468,97
209479,97
209489,97
209498,97
209510,97
209519,97
209528,97
209538,95
209551,95
209560,95
209570,95
209580,95
209589,95
209600,95
209609,95
209618,95
209630,95
209639,95
209649,95
209660,95
209669,95
209679,95
209689,95
209699,95
209709,95
209719,95
209729,95
209739,95
209748,95
209759,95
209770,93
209778,93
209789,93
209798,93
209808,93
209819,95
209829,95
209839,95
209849,95
209859,95
209869,95
209879,95
209888,95
209898,95
209908,95
209919,97
209929,97
209938,97
209948,97
209959,97
209969,97
209978,97
209988,97
209999,97
210009,97
210018,97
210029,97
210039,97
210048,97
210058,97
210068,97
210079,97
210088,97
210098,97
210108,97
210119,97
210128,97
210138,97
210150,97
210159,97
210168,97
210178,97
210189,97
210200,97
210209,97
210219,97
210229,97
210239,97
210249,95
210258,95
210268,95
210279,95
210289,95
210299,97
210309,97
210319,97
210329,97
210340,95
210348,95
210358,95
210369,95
210378,95
210390,95
210398,95
210409,95
210418,95
210429,95
210439,95
210448,95
210458,95
210468,95
210479,95
210488,97
210499,97
210509,97
210519,97
210529,97
210538,97
210550,97
210558,97
210569,97
210580,99
210588,99
210599,99
210608,99
210618,99
210629,97
210638,97
210648,97
210658,97
210668,97
210678,99
210688,99
210698,99
210708,99
210719,99
210730,97
210740,97
210748,97
210759,97
210768,97
210778,101
210790,101
210798,101
210808,101
210818,101
210830,105
210840,105
210850,105
210859,105
210870,101
210879,101
210889,101
210899,101
210909,101
210920,99
210928,99
210938,99
210949,99
210958,99
210968,95
210978,95
210989,95
210998,95
211008,95
211018,95
211029,95
211039,95
211049,95
211058,95
211069,93
211079,93
211088,93
211098,93
211109,95
211119,95
211128,95
211138,95
211148,95
211158,93
211169,93
211178,93
211188,93
211199,93
211209,95
211219,95
211228,95
211239,95
211248,95
211259,95
211268,95
211279,95
211288,95
211300,99
211308,99
211319,99
211329,99
211338,99
211349,99
211359,99
211368,99
211378,99
211388,99
211399,99
211408,99
211418,99
211429,99
211438,99
211448,97
211459,97
211468,97
211479,97
211489,95
211499,95
211509,95
211518,95
211528,95
211539,93
211548,93
211558,93
211569,93
211579,93
211589,95
211598,95
211609,95
211619,95
211630,95
211639,93
211649,93
211658,93
211668,93
211680,95
211688,95
211698,95
211708,95
211718,95
211729,93
211738,93
211748,93
211759,93
211768,93
211778,97
211788,97
211799,97
211808,97
211820,95
211828,95
211839,95
211848,95
211858,95
211869,97
211879,97
211888,97
211898,97
211908,97
211920,99
211928,99
211938,99
211948,99
211959,99
211970,101
211980,101
211988,101
212000,101
212009,101
212018,99
212030,99
212039,99
212048,99
212060,99
212069,99
212079,99
212089,99
212099,99
212109,95
212119,95
212129,95
212139,95
212148,95
212159,95
212168,95
212179,95
212189,95
212199,95
212208,93
212219,93
212229,93
212239,93
212248,93
212259,95
212269,95
212279,95
212289,95
212299,95
212309,95
212319,95
212328,95
212338,95
212350,97
212359,97
212368,97
212378,97
212388,97
212398,97
212409,97
212418,97
212429,97
212439,97
212448,97
212460,97
212468,97
212479,97
212488,95
212498,95
212508,95
212519,95
212528,95
212539,97
212548,97
212559,97
212569,97
212579,97
212589,97
212599,97
212609,97
212618,97
212629,97
212639,97
212649,97
212658,97
212668,97
212679,97
212688,95
212699,95
212710,95
212719,95
212729,97
212739,97
212749,97
212759,97
212768,97
212778,95
212789,95
212799,95
212808,95
212819,95
212829,97
212839,97
212848,97
212858,97
212868,97
212879,95
212888,95
212898,95
212908,95
212919,97
212928,97
212938,97
212948,97
212959,97
212969,95
212979,95
212988,95
212998,95
213009,95
213019,95
213029,95
213038,95
213048,95
213059,93
213068,93
213079,93
213088,93
213098,93
213109,97
213119,97
213128,97
213138,97
213148,97
213160,95
213168,95
213180,95
213188,95
213199,95
213208,97
213220,97
213230,97
213238,97
213248,97
213258,97
213270,97
213279,97
213290,97
213299,97
213310,97
213319,97
213329,97
213339,97
213349,97
213359,97
213368,97
213378,97
213388,97
213399,99
213408,99
213419,99
213429,99
213438,99
213448,97
213460,97
213469,97
213479,97
213489,99
213498,99
213508,99
213519,99
213528,99
213539,95
213548,95
213558,95
213568,95
213579,95
213589,95
213599,95
213609,95
213618,95
213629,95
213639,93
213649,93
213658,93
213668,93
213679,93
213688,95
213699,95
213709,95
213719,95
213729,95
213738,95
213748,95
213759,95
213768,95
213778,97
213789,97
213799,97
213808,97
213818,97
213829,97
213839,97
213848,97
213858,97
213868,97
213879,97
213889,97
213898,97
213908,97
213919,95
213928,95
213939,95
213949,95
213959,95
213969,95
213979,95
213989,95
213999,95
214009,95
214019,93
214030,93
214038,93
214049,93
214060,95
214069,95
214078,95
214088,95
214098,95
214109,95
214119,95
214128,95
214138,95
214148,95
214159,95
214169,95
214179,95
214189,95
214199,95
214208,95
214219,95
214229,95
214238,95
214250,95
214258,95
214268,95
214279,95
214288,95
214299,95
214308,95
214319,95
214328,95
214338,95
214348,97
214358,97
214368,97
214380,97
214388,97
214400,99
214410,99
214418,99
214430,99
214440,97
214448,97
214458,97
214468,97
214479,97
214489,97
214500,97
214509,97
214519,97
214529,97
214539,95
214550,95
214559,95
214569,95
214580,93
214588,93
214598,93
214608,93
214619,93
214630,93
214638,93
214649,93
214659,93
214669,93
214678,95
214689,95
214698,95
214709,95
214718,95
214728,95
214739,95
214749,95
214759,95
214770,97
214778,97
214788,97
214799,97
214808,97
214819,97
214828,97
214839,97
214848,97
214858,97
214869,99
214879,99
214888,99
214898,99
214908,99
214919,99
214929,99
214938,99
214948,99
214958,99
214968,97
214979,97
214988,97
214999,97
215009,97
215018,97
215029,97
215039,97
215048,97
215060,95
215068,95
215079,95
215088,95
215098,95
215108,93
215119,93
215128,93
215139,93
215149,93
215159,93
215169,93
215178,93
215188,93
215200,95
215208,95
215218,95
215229,95
215238,95
215249,103
215258,103
215268,103
215279,103
215289,103
215300,105
215309,105
215319,105
215329,105
215338,105
215349,101
215358,101
215368,101
215379,101
215389,101
215399,97
215409,97
215419,97
215428,97
215439,95
215448,95
215458,95
215468,95
215478,95
215490,91
215498,91
215508,91
215519,91
215529,91
215538,93
215551,93
215558,93
215569,93
215580,93
215588,93
215600,93
215608,93
215618,93
215630,95
215639,95
215648,95
215658,95
215668,95
215680,95
215688,95
215699,95
215710,95
215719,95
215729,97
215739,97
215749,97
215759,97
215769,97
215780,97
215790,97
215798,97
215809,97
215819,97
215829,97
215838,97
215849,97
215858,97
215869,95
215879,95
215888,95
215898,95
215909,95
215918,95
215929,95
215938,95
215948,95
215959,95
215968,95
215978,95
215988,95
215999,95
216010,97
216018,97
216028,97
216038,97
216048,97
216059,95
216068,95
216078,95
216088,95
216098,95
216109,95
216118,95
216128,95
216138,95
216149,95
216159,95
216168,95
216178,95
216188,95
216199,95
216208,95
216218,95
216228,95
216238,95
216248,95
216258,95
216268,95
216278,95
216288,95
216298,95
216309,95
216319,95
216328,95
216340,95
216349,95
216358,95
216369,95
216379,95
216389,97
216398,97
216408,97
216419,97
216429,97
216439,97
216448,97
216459,97
216468,97
216478,97
216488,99
216499,99
216510,99
216519,99
216529,99
216538,99
216549,99
216559,99
216568,99
216580,97
216588,97
216599,97
216608,97
216618,97
216630,97
216639,97
216648,97
216658,97
216668,97
216678,95
216689,95
216698,95
216708,95
216718,95
216729,97
216740,97
216749,97
216758,97
216769,97
216780,97
216790,97
216800,97
216810,97
216819,97
216828,97
216839,97
216848,97
216858,97
216870,97
216879,97
216888,97
216898,97
216909,97
216919,97
216929,97
216939,97
216949,97
216959,97
216969,97
216979,97
216988,97
216999,97
217009,97
217019,97
217029,97
217039,97
217049,97
217059,97
217069,97
217078,97
217088,97
217098,97
217109,97
217119,97
217129,97
217139,97
217148,97
217158,97
217169,97
217178,97
217188,97
217200,95
217208,95
217218,95
217228,95
217239,95
217249,95
217258,95
217268,95
217278,95
217288,95
217298,97
217309,97
217318,97
217328,97
217338,97
217348,97
217359,97
217368,97
217379,97
217390,97
217398,97
217408,97
217418,97
217428,97
217440,99
217448,99
217458,99
217468,99
217479,99
217489,97
217498,97
217508,97
217518,97
217529,97
217538,97
217551,97
217559,97
217569,97
217579,97
217589,97
217599,97
217608,97
217618,97
217630,97
217638,97
217649,97
217658,97
217669,97
217679,97
217689,97
217698,97
217709,97
217719,97
217728,95
217739,95
217748,95
217758,95
217768,95
217778,95
217789,95
217799,95
217809,95
217820,95
217829,95
217839,95
217848,95
217859,95
217869,97
217879,97
217888,97
217898,97
217908,97
217919,97
217929,97
217938,97
217948,97
217958,97
217969,101
217980,101
217988,101
217999,101
218009,101
218018,103
218030,103
218038,103
218048,103
218058,103
218068,99
218080,99
218088,99
218098,99
218110,97
218119,97
218130,97
218138,97
218149,97
218159,95
218169,95
218179,95
218189,95
218199,95
218209,95
218219,95
218229,95
218238,95
218248,95
218258,95
218270,95
218278,95
218289,95
218299,93
218309,93
218318,93
218329,93
218338,93
218350,95
218358,95
218368,95
218379,95
218388,95
218399,93
218409,93
218418,93
218428,93
218438,93
218448,95
218459,95
218468,95
218478,95
218490,97
218498,97
218508,97
218519,97
218529,97
218539,97
218548,97
218559,97
218569,97
218579,97
218589,97
218599,97
218608,97
218618,97
218628,97
218639,97
218649,97
218658,97
218668,97
218679,97
218688,97
218698,97
218708,97
218719,97
218730,97
218738,97
218749,97
218758,97
218768,97
218779,97
218789,97
218799,97
218808,97
218819,97
218829,99
218838,99
218848,99
218859,99
218869,99
218878,97
218889,97
218898,97
218909,97
218920,95
218930,95
218938,95
218948,95
218959,95
218969,93
218979,93
218989,93
218999,93
219008,93
219018,93
219029,93
219038,93
219048,93
219058,93
219068,93
219079,93
219088,93
219098,93
219109,97
219119,97
219128,97
219138,97
219148,97
219159,95
219168,95
219180,95
219188,95
219198,95
219208,97
219220,97
219230,97
219240,97
219250,97
219260,95
219270,95
219280,95
219288,95
219300,95
219308,95
219320,95
219328,95
219340,95
219349,93
219359,93
219368,93
219379,93
219389,93
219399,95
219409,95
219419,95
219429,95
219439,95
219449,95
219459,95
219469,95
219479,95
219489,99
219499,99
219509,99
219519,99
219529,99
219539,97
219548,97
219558,97
219568,97
219578,97
219588,97
219599,97
219609,97
219619,97
219629,97
219639,97
219648,97
219658,97
219668,97
219679,97
219688,97
219698,97
219708,97
219719,97
219729,95
219738,95
219748,95
219758,95
219768,95
219778,97
219789,97
219799,97
219809,97
219818,97
219828,95
219838,95
219848,95
219858,95
219870,95
219879,95
219888,95
219898,95
219908,95
219919,95
219929,95
219938,95
219948,95
219959,95
219969,97
219979,97
219988,97
219999,97
220009,97
220019,97
220030,97
220039,97
220049,97
220059,97
220069,97
220079,97
220088,97
220099,97
220109,97
220119,97
220128,97
220138,97
220148,97
220159,99
220169,99
220179,99
220188,99
220199,99
220209,97
220219,97
220228,97
220238,97
220248,97
220258,95
220269,95
220278,95
220289,95
220301,93
220309,93
220319,93
220328,93
220338,93
220349,95
220358,95
220368,95
220380,95
220388,95
220398,93
220410,93
220418,93
220428,93
220440,95
220448,95
220458,95
220468,95
220478,95
220490,95
220498,95
220508,95
220518,95
220530,95
220539,97
220550,97
220559,97
220570,97
220579,97
220589,95
220598,95
220609,95
220619,95
220630,99
220638,99
220649,99
220659,99
220669,99
220679,97
220689,97
220699,97
220708,97
220719,97
220728,97
220739,97
220748,97
220758,97
220768,97
220779,97
220789,97
220799,97
220809,97
220819,97
220828,97
220838,97
220848,97
220858,97
220870,97
220879,97
220888,97
220898,97
220908,97
220919,97
220929,97
220938,97
220948,97
220959,97
220968,97
220979,97
220989,97
220999,97
221008,97
221019,97
221029,97
221039,97
221048,97
221060,97
221068,97
221079,97
221088,97
221098,97
221109,99
221119,99
221129,99
221138,99
221148,99
221158,97
221168,97
221179,97
221189,97
221199,97
221209,95
221219,95
221229,95
221238,95
221249,95
221259,95
221268,95
221279,95
221289,95
221300,95
221309,95
221318,95
221329,95
221339,95
221349,95
221358,95
221368,95
221378,95
221389,95
221399,97
221409,97
221418,97
221428,97
221439,97
221448,97
221459,97
221468,97
221479,97
221490,97
221498,97
221508,97
221519,97
221529,97
221540,95
221548,95
221559,95
221568,95
221579,95
221588,95
221598,95
221610,95
221618,95
221628,95
221639,95
221648,95
221658,95
221668,95
221680,95
221688,95
221700,95
221710,95
221720,95
221730,93
221738,93
221749,93
221760,93
221769,93
221779,95
221789,95
221799,95
221809,95
221819,93
221828,93
221838,93
221849,93
221859,93
221869,95
221878,95
221888,95
221898,95
221909,95
221918,95
221929,95
221939,95
221948,95
221958,95
221968,97
221979,97
221989,97
221999,97
222009,97
222019,97
222028,97
222039,97
222048,97
222059,99
222069,99
222079,99
222088,99
222098,99
222109,97
222119,97
222129,97
222138,97
222148,97
222158,97
222169,97
222178,97
222188,97
222199,97
222208,97
222218,97
222228,97
222238,97
222250,97
222258,97
222268,97
222278,97
222288,97
222299,95
222308,95
222318,95
222329,95
222338,95
222348,93
222359,93
222368,93
222378,93
222389,93
222399,93
222409,93
222418,93
222428,93
222439,95
222450,95
222460,95
222470,95
222478,95
222489,97
222498,97
222508,97
222519,97
222528,97
222539,97
222548,97
222559,97
222568,97
222578,97
222588,97
222599,97
222608,97
222618,97
222628,97
222638,99
222648,99
222658,99
222668,99
222679,97
222688,97
222698,97
222708,97
222719,97
222729,97
222738,97
222748,97
222759,97
222769,97
222779,97
222789,97
222799,97
222808,97
222818,97
222828,97
222840,97
222848,97
222858,97
222870,97
222878,97
222888,97
222898,97
222910,97
222920,95
222928,95
222938,95
222948,95
222959,95
222970,97
222979,97
222989,97
222999,97
223009,97
223018,95
223029,95
223038,95
223048,95
223058,95
223069,97
223079,97
223089,97
223098,97
223109,95
223119,95
223129,95
223139,95
223149,95
223159,95
223168,95
223178,95
223188,95
223199,95
223209,95
223218,95
223228,95
223238,95
223248,95
223258,97
223269,97
223278,97
223288,97
223299,97
223309,97
223318,97
223328,97
223338,97
223349,97
223359,97
223368,97
223378,97
223389,97
223399,97
223409,97
223418,97
223428,97
223439,97
223448,97
223459,97
223468,97
223478,97
223488,97
223498,95
223509,95
223519,95
223528,95
223539,95
223549,95
223559,95
223569,95
223578,95
223590,95
223599,95
223608,95
223619,95
223629,95
223639,97
223648,97
223659,97
223669,97
223679,97
223689,97
223699,97
223709,97
223718,97
223730,97
223739,97
223748,97
223759,97
223768,97
223779,95
223788,95
223799,95
223808,95
223818,95
223828,95
223838,95
223848,95
223858,95
223868,95
223879,95
223889,95
223898,95
223908,95
223919,95
223929,95
223939,95
223949,95
223959,95
223969,95
223978,95
223989,95
223998,95
224008,95
224018,95
224030,95
224038,95
224048,95
224058,95
224068,95
224078,95
224090,95
224098,95
224110,95
224120,95
224130,95
224138,95
224148,95
224160,95
224169,95
224180,95
224190,95
224200,95
224209,97
224219,97
224229,97
224239,97
224248,97
224259,97
224269,97
224279,97
224289,97
224299,97
224309,97
224319,97
224329,97
224339,97
224350,97
224359,97
224368,97
224378,97
224388,97
224399,99
224408,99
224418,99
224428,99
224439,99
224448,95
224459,95
224468,95
224479,95
224488,95
224498,97
224509,97
224519,97
224528,97
224539,95
224548,95
224558,95
224568,95
224579,95
224590,97
224599,97
224608,97
224618,97
224629,97
224638,95
224648,95
224658,95
224668,95
224679,95
224688,95
224699,95
224708,95
224719,95
224729,95
224738,95
224748,95
224758,95
224768,95
224780,97
224788,97
224799,97
224808,97
224819,97
224830,95
224838,95
224849,95
224859,95
224869,95
224879,97
224890,97
224899,97
224909,97
224919,97
224929,97
224939,97
224949,97
224958,97
224969,99
224979,99
224988,99
224999,99
225008,99
225019,101
225029,101
225039,101
225048,101
225058,101
225070,103
225079,103
225088,103
225098,103
225109,103
225119,99
225129,99
225139,99
225149,99
225159,99
225168,97
225179,97
225188,97
225199,97
225208,95
225218,95
225230,95
225239,95
225248,95
225260,93
225268,93
225280,93
225288,93
225298,93
225310,95
225319,95
225328,95
225338,95
225348,95
225360,95
225370,95
225380,95
225390,95
225400,95
225410,95
225419,95
225429,95
225439,95
225450,97
225459,97
225469,97
225479,97
225488,97
225500,97
225508,97
225519,97
225528,97
225539,97
225549,97
225558,97
225569,97
225579,97
225588,97
225599,95
225609,95
225618,95
225629,95
225639,95
225648,95
225658,95
225668,95
225679,95
225690,97
225698,97
225709,97
225719,97
225729,97
225740,97
225748,97
225759,97
225769,97
225779,97
225788,95
225798,95
225809,95
225818,95
225829,95
225839,95
225848,95
225858,95
225868,95
225880,95
225889,95
225898,95
225909,95
225919,95
225929,93
225938,93
225948,93
225959,93
225969,93
225979,95
225990,95
225999,95
226009,95
226018,95
226029,95
226039,95
226048,95
226058,95
226070,99
226079,99
226088,99
226099,99
226109,99
226120,97
226128,97
226138,97
226149,97
226159,97
226169,99
226179,99
226188,99
226199,99
226209,99
226218,97
226229,97
226238,97
226249,97
226260,97
226269,97
226279,97
226289,97
226298,97
226309,95
226319,95
226328,95
226338,95
226348,95
226358,95
226369,95
226379,95
226389,95
226398,95
226409,95
226419,95
226429,95
226438,95
226450,95
226458,95
226468,95
226480,95
226488,95
226500,95
226508,95
226520,95
226530,95
226538,95
226548,95
226560,95
226570,95
226580,95
226590,95
226598,95
226610,95
226619,95
226629,95
226640,97
226649,97
226659,97
226669,97
226679,97
226689,97
226699,97
226709,97
226719,97
226728,97
226739,97
226749,97
226759,97
226769,97
226779,97
226788,97
226799,97
226808,97
226818,97
226829,99
226838,99
226848,99
226858,99
226868,99
226880,97
226888,97
226898,97
226909,97
226919,97
226929,95
226938,95
226948,95
226958,95
226969,95
226979,95
226989,95
226998,95
227009,95
227019,95
227028,95
227038,95
227049,95
227058,95
227070,95
227079,95
227088,95
227098,95
227109,95
227119,97
227129,97
227138,97
227148,97
227159,97
227169,97
227179,97
227188,97
227198,97
227209,97
227218,99
227228,99
227239,99
227249,99
227259,99
227269,97
227278,97
227288,97
227298,97
227309,99
227318,99
227328,99
227339,99
227348,99
227360,95
227368,95
227378,95
227388,95
227398,95
227409,97
227418,97
227429,97
227439,97
227448,97
227459,95
227469,95
227479,95
227489,95
227498,95
227509,95
227519,95
227529,95
227538,95
227550,93
227558,93
227569,93
227579,93
227588,93
227600,95
227609,95
227618,95
227629,95
227638,95
227650,95
227658,95
227668,95
227680,95
227688,95
227698,97
227710,97
227718,97
227730,97
227738,97
227748,97
227760,97
227768,97
227780,97
227790,97
227798,97
227810,97
227819,97
227830,97
227840,95
227849,95
227858,95
227868,95
227878,95
227890,95
227898,95
227908,95
227919,95
227928,95
227939,93
227949,93
227959,93
227969,93
227979,95
227989,95
227998,95
228008,95
228018,95
228030,95
228038,95
228049,95
228058,95
228068,95
228079,95
228089,95
228098,95
228108,95
228118,95
228129,95
228139,95
228148,95
228158,95
228169,95
228179,97
228189,97
228198,97
228209,97
228219,95
228228,95
228239,95
228249,95
228259,95
228270,97
228279,97
228289,97
228298,97
228309,97
228318,97
228328,97
228338,97
228348,97
228358,97
228369,99
228379,99
228389,99
228399,99
228410,99
228418,97
228429,97
228438,97
228449,97
228460,97
228468,97
228478,97
228489,97
228498,97
228508,95
228518,95
228528,95
228539,95
228549,95
228558,93
228569,93
228579,93
228588,93
228598,93
228609,93
228618,93
228628,93
228639,93
228649,95
228659,95
228669,95
228678,95
228689,95
228699,95
228709,95
228718,95
228728,95
228738,95
228748,97
228759,97
228769,97
228779,97
228789,97
228798,97
228809,97
228819,97
228828,97
228841,97
228848,97
228858,97
228868,97
228879,97
228890,95
228898,95
228908,95
228918,95
228928,95
228940,95
228950,95
228958,95
228968,95
228980,95
228990,95
228998,95
229010,95
229020,95
229030,95
229040,95
229048,95
229059,95
229069,95
229079,95
229089,95
229100,95
229108,95
229119,95
229128,97
229140,97
229149,97
229159,97
229169,97
229179,97
229188,97
229198,97
229208,97
229219,97
229229,97
229239,97
229248,97
229258,97
229269,99
229279,99
229289,99
229299,99
229309,99
229318,99
229329,99
229339,99
229348,99
229358,99
229369,99
229380,99
229389,99
229399,99
229408,99
229418,97
229429,97
229438,97
229448,97
229460,97
229469,97
229479,97
229489,97
229498,97
229510,97
229518,97
229528,97
229539,97
229549,97
229558,97
229568,97
229579,97
229588,97
229598,97
229608,95
229619,95
229628,95
229638,95
229648,95
229659,97
229668,97
229679,97
229689,97
229700,95
229709,95
229718,95
229728,95
229738,95
229749,95
229759,95
229768,95
229778,95
229789,95
229799,95
229809,95
229818,95
229828,95
229839,95
229848,95
229858,95
229869,95
229879,95
229889,95
229898,95
229909,95
229918,95
229928,95
229939,95
229948,95
229959,95
229968,95
229979,95
229988,95
229999,95
230008,95
230019,95
230029,95
230038,97
230048,97
230058,97
230069,97
230079,95
230090,95
230098,95
230110,95
230118,95
230130,95
230140,95
230150,95
230158,95
230168,95
230178,95
230190,95
230200,95
230210,95
230220,95
230230,97
230240,97
230250,97
230259,97
230270,97
230279,97
230289,97
230299,97
230309,97
230319,97
230328,97
230338,97
230349,97
230359,97
230368,95
230380,95
230389,95
230399,95
230409,95
230419,95
230429,95
230438,95
230448,95
230460,93
230469,93
230479,93
230489,93
230499,93
230510,95
230519,95
230528,95
230539,95
230549,95
230559,95
230569,95
230580,95
230589,95
230599,95
230609,97
230619,97
230628,97
230639,97
230649,97
230659,97
230669,97
230679,97
230689,97
230700,99
230709,99
230719,99
230728,99
230739,99
230750,97
230759,97
230768,97
230779,97
230788,97
230799,97
230809,97
230819,97
230829,97
230839,97
230848,97
230858,97
230869,97
230879,97
230890,97
230899,97
230909,97
230919,97
230928,97
230939,95
230948,95
230959,95
230968,95
230978,95
230990,97
230999,97
231008,97
231018,97
231029,97
231039,97
231049,97
231059,97
231069,97
231079,97
231089,97
231099,97
231109,97
231119,97
231130,97
231139,97
231149,97
231159,97
231169,97
231181,97
231189,97
231199,97
231209,97
231219,97
231230,97
231239,97
231248,97
231259,97
231269,97
231278,97
231290,97
231300,97
231310,97
231320,97
231328,95
231340,95
231350,95
231360,95
231370,95
231378,95
231390,95
231400,95
231408,95
231420,95
231430,95
231440,95
231448,95
231460,95
231470,95
231479,95
231489,95
231499,95
231509,95
231519,97
231530,97
231539,97
231549,97
231558,97
231569,97
231579,97
231589,97
231599,97
231610,97
231619,97
231629,97
231638,97
231649,97
231660,97
231669,97
231678,97
231689,97
231698,97
231709,95
231719,95
231729,95
231739,95
231749,95
231759,95
231769,95
231778,95
231789,95
231800,95
231809,95
231819,95
231829,95
231839,95
231849,95
231859,95
231869,95
231878,95
231889,95
231899,95
231910,95
231919,95
231928,95
231938,95
231949,95
231959,95
231969,95
231978,95
231990,95
231998,95
232009,95
232019,95
232029,95
232038,95
232049,95
232059,95
232069,95
232079,95
232089,95
232100,95
232109,95
232119,95
232128,95
232140,95
232150,95
232158,95
232169,95
232180,97
232188,97
232198,97
232209,97
232219,97
232229,97
232239,97
232249,97
232259,97
232269,97
232279,95
232289,95
232299,95
232309,95
232319,95
232329,95
232339,95
232349,95
232359,95
232369,95
232378,95
232389,95
232399,95
232409,95
232419,95
232429,95
232439,95
232449,95
232459,95
232469,97
232479,97
232488,97
232500,97
232511,99
232520,99
232530,99
232540,99
232550,99
232560,97
232570,97
232580,97
232590,97
232600,97
232610,97
232620,97
232630,97
232640,97
232650,97
232659,97
232670,97
232679,97
232689,97
232700,97
232709,97
232718,97
232729,97
232739,97
232750,95
232758,95
232769,95
232779,95
232789,95
232798,95
232810,95
232819,95
232829,95
232839,95
232848,93
232859,93
232868,93
232879,93
232890,95
232899,95
232909,95
232919,95
232929,95
232939,97
232949,97
232959,97
232969,97
232979,97
232989,97
232998,97
233009,97
233019,97
233029,97
233039,99
233049,99
233058,99
233068,99
233078,99
233088,101
233099,101
233109,101
233118,101
233129,101
233139,101
233149,101
233158,101
233169,101
233179,97
233189,97
233198,97
233209,97
233218,97
233229,97
233238,97
233249,97
233258,97
233269,97
233279,95
233289,95
233298,95
233309,95
233318,95
233329,97
233340,97
233350,97
233359,97
233368,97
233378,97
233389,97
233398,97
233409,97
233419,97
233429,97
233438,97
233449,97
233459,97
233469,95
233479,95
233489,95
233499,95
233509,95
233519,95
233529,95
233538,95
233548,95
233558,95
233570,95
233580,95
233589,95
233598,95
233609,95
233618,95
233629,95
233638,95
233649,95
233659,93
233668,93
233678,93
233689,93
233698,93
233710,95
233719,95
233730,95
233740,95
233748,95
233758,95
233770,95
233780,95
233790,95
233798,95
233810,97
233818,97
233830,97
233838,97
233850,97
233860,97
233869,97
233880,97
233889,97
233900,97
233908,97
233919,97
233929,97
233938,97
233949,95
233958,95
233968,95
233979,95
233990,97
233999,97
234009,97
234019,97
234029,97
234039,95
234049,95
234058,95
234069,95
234078,95
234089,97
234099,97
234109,97
234118,97
234129,97
234139,95
234149,95
234158,95
234169,95
234180,97
234190,97
234198,97
234209,97
234218,97
234230,95
234238,95
234248,95
234258,95
234268,95
234278,97
234289,97
234299,97
234308,97
234318,97
234329,97
234338,97
234348,97
234358,97
234368,97
234378,99
234390,99
234398,99
234409,99
234418,99
234429,97
234438,97
234449,97
234459,97
234470,99
234478,99
234489,99
234498,99
234509,99
234520,95
234529,95
234538,95
234550,95
234558,95
234569,97
234578,97
234589,97
234599,97
234608,97
234618,95
234629,95
234638,95
234648,95
234660,95
234668,95
234678,95
234689,95
234698,95
234710,95
234718,95
234729,95
234738,95
234748,95
234759,95
234768,95
234779,95
234788,95
234798,95
234809,97
234818,97
234828,97
234838,97
234849,97
234859,97
234869,97
234878,97
234889,97
234898,97
234909,99
234920,99
234929,99
234940,99
234951,99
234958,99
234968,99
234980,99
234988,99
235001,97
235008,97
235018,97
235030,97
235038,97
235050,97
235060,97
235070,97
235079,97
235090,97
235098,95
235110,95
235119,95
235129,95
235140,95
235149,95
235158,95
235169,95
235178,95
235190,95
235199,95
235208,95
235218,95
235229,95
235239,97
235249,97
235258,97
235268,97
235279,97
235289,97
235299,97
235309,97
235319,97
235328,97
235339,97
235348,97
235358,97
235368,97
235380,97
235390,97
235398,97
235408,97
235418,97
235430,99
235438,99
235448,99
235458,99
235469,99
235480,99
235489,99
235498,99
235509,99
235518,99
235529,97
235539,97
235548,97
235559,97
235568,97
235579,95
235588,95
235599,95
235608,95
235620,95
235629,95
235639,95
235648,95
235658,95
235670,93
235679,93
235689,93
235699,93
235708,93
235719,95
235730,95
235738,95
235749,95
235759,95
235770,95
235778,95
235788,95
235798,95
235810,97
235819,97
235828,97
235839,97
235848,97
235860,95
235869,95
235879,95
235889,95
235899,95
235909,95
235919,95
235929,95
235939,95
235949,95
235959,95
235970,95
235978,95
235989,95
236000,97
236008,97
236019,97
236028,97
236038,97
236049,97
236058,97
236068,97
236079,97
236089,97
236099,95
236110,95
236119,95
236128,95
236139,93
236150,93
236160,93
236168,93
236180,93
236190,93
236200,93
236208,93
236220,93
236228,93
236239,93
236250,93
236260,93
236270,93
236280,93
236290,93
236300,93
236309,93
236320,93
236330,95
236339,95
236349,95
236359,95
236369,95
236380,95
236388,95
236398,95
236408,95
236419,95
236429,97
236438,97
236448,97
236459,97
236469,97
236479,95
236489,95
236499,95
236509,95
236520,97
236528,97
236539,97
236548,97
236559,97
236568,97
236580,97
236590,97
236599,97
236608,97
236619,97
236629,97
236639,97
236648,97
236659,97
236669,97
236678,97
236689,97
236699,97
236710,97
236719,97
236729,97
236739,97
236749,97
236759,97
236769,97
236779,97
236788,97
236799,97
236809,97
236819,97
236829,97
236838,97
236848,97
236859,97
236870,97
236879,97
236889,97
236900,97
236909,97
236919,97
236929,97
236939,97
236950,97
236959,97
236968,97
236979,97
236989,97
237000,99
237009,99
237019,99
237029,99
237039,99
237048,101
237059,101
237069,101
237079,101
237088,101
237099,103
237108,103
237119,103
237129,103
237139,103
237149,99
237158,99
237168,99
237179,99
237190,97
237199,97
237209,97
237219,97
237229,97
237238,93
237248,93
237259,93
237269,93
237279,93
237288,93
237299,93
237309,93
237319,93
237328,93
237340,93
237350,93
237358,93
237368,93
237380,93
237390,93
237400,93
237410,93
237420,93
237431,93
237440,93
237450,93
237460,93
237470,93
237480,95
237490,95
237500,95
237510,95
237519,95
237530,95
237539,95
237549,95
237559,95
237570,97
237578,97
237589,97
237599,97
237609,97
237619,97
237629,97
237639,97
237649,97
237659,97
237669,97
237678,97
237688,97
237699,97
237709,97
237719,97
237728,97
237739,97
237749,97
237760,95
237769,95
237779,95
237788,95
237799,95
237809,95
237819,95
237829,95
237839,95
237849,95
237859,95
237869,95
237879,95
237889,95
237900,95
237909,95
237918,95
237928,95
237939,95
237950,97
237959,97
237968,97
237978,97
237989,97
237999,97
238008,97
238019,97
238029,97
238039,97
238048,99
238059,99
238069,99
238079,99
238088,99
238099,99
238109,99
238118,99
238128,99
238140,97
238149,97
238159,97
238168,97
238178,97
238189,97
238199,97
238208,97
238218,97
238230,97
238239,97
238250,97
238260,97
238269,97
238278,97
238288,95
238299,95
238309,95
238318,95
238329,93
238339,93
238349,93
238359,93
238368,93
238378,91
238388,91
238398,91
238409,91
238418,91
238429,93
238438,93
238448,93
238459,93
238470,93
238478,93
238488,93
238499,93
238509,93
238519,97
238528,97
238539,97
238550,97
238559,97
238570,97
238578,97
238590,97
238599,97
238608,97
238620,99
238630,99
238640,99
238650,99
238660,97
238670,97
238680,97
238690,97
238700,97
238710,97
238720,97
238729,97
238740,97
238748,97
238759,95
238770,95
238779,95
238789,95
238798,95
238808,93
238818,93
238829,93
238839,93
238849,93
238859,93
238869,93
238878,93
238889,93
238900,93
238909,93
238918,93
238929,93
238939,93
238949,93
238958,93
238969,93
238979,93
238990,95
238999,95
239009,95
239018,95
239029,95
239040,97
239049,97
239060,97
239070,97
239078,97
239090,97
239099,97
239108,97
239119,97
239129,97
239139,99
239150,99
239159,99
239169,99
239178,99
239189,99
239199,99
239209,99
239219,99
239230,97
239238,97
239249,97
239259,97
239269,97
239279,97
239289,97
239299,97
239308,97
239318,97
239330,95
239339,95
239348,95
239359,95
239369,95
239378,95
239390,95
239398,95
239409,95
239419,95
239429,99
239440,99
239449,99
239460,99
239469,99
239478,97
239488,97
239499,97
239508,97
239520,97
239529,97
239539,97
239549,97
239558,97
239569,95
239578,95
239589,95
239599,95
239608,95
239618,95
239628,95
239638,95
239649,95
239659,95
239668,95
239679,95
239689,95
239698,95
239710,95
239718,95
239729,95
239738,95
239748,95
239760,95
239769,95
239780,95
239788,95
239799,95
239810,99
239818,99
239828,99
239838,99
239850,99
239860,97
239868,97
239878,97
239890,97
239900,97
239910,97
239919,97
239930,97
239939,97
239950,95
239959,95
239969,95
239978,95
239989,95
240000,95
240009,95
240019,95
240028,95
240039,95
240048,95
240058,95
240068,95
240079,95
240089,95
240098,95
240110,95
240118,95
240129,95
240140,95
240148,95
240158,95
240169,95
240179,95
240189,97
240198,97
240208,97
240218,97
240228,97
240239,95
240248,95
240259,95
240270,95
240278,95
240290,97
240300,97
240308,97
240318,97
240328,97
240339,97
240349,97
240358,97
240368,97
240380,99
240388,99
240398,99
240408,99
240418,99
240430,97
240439,97
240448,97
240458,97
240469,97
240478,99
240489,99
240498,99
240509,99
240518,99
240529,97
240540,97
240548,97
240558,97
240568,97
240578,97
240590,97
240599,97
240608,97
240620,95
240630,95
240638,95
240648,95
240659,95
240670,97
240679,97
240689,97
240698,97
240708,97
240718,95
240728,95
240738,95
240748,95
240758,95
240768,95
240780,95
240788,95
240799,95
240810,93
240818,93
240828,93
240839,93
240848,93
240860,95
240869,95
240878,95
240889,95
240899,95
240909,95
240918,95
240930,95
240938,95
240948,95
240958,99
240970,99
240978,99
240988,99
240998,99
241008,97
241018,97
241030,97
241038,97
241050,97
241058,97
241070,97
241080,97
241090,97
241100,95
241110,95
241118,95
241129,95
241140,95
241149,95
241159,95
241169,95
241179,95
241190,95
241199,95
241209,95
241218,95
241229,95
241240,95
241248,95
241259,95
241269,95
241278,95
241289,95
241299,95
241309,95
241318,95
241328,95
241338,97
241350,97
241359,97
241369,97
241380,95
241388,95
241399,95
241408,95
241418,95
241430,97
241438,97
241448,97
241458,97
241469,97
241479,97
241488,97
241498,97
241509,97
241518,97
241528,99
241538,99
241549,99
241558,99
241570,99
241579,97
241589,97
241599,97
241608,97
241620,97
241629,97
241639,97
241648,97
241658,97
241670,97
241679,97
241689,97
241698,97
241709,97
241719,97
241729,97
241738,97
241749,97
241759,97
241768,95
241780,95
241788,95
241799,95
241808,97
241818,97
241828,97
241838,97
241848,97
241859,95
241869,95
241879,95
241889,95
241898,95
241909,97
241918,97
241928,97
241939,97
241950,97
241959,101
241969,101
241979,101
241989,101
241999,101
242009,101
242020,101
242029,101
242038,101
242048,101
242058,97
242069,97
242079,97
242089,97
242100,97
242109,97
242119,97
242129,97
242138,97
242149,95
242159,95
242169,95
242178,95
242189,95
242199,93
242210,93
242218,93
242230,93
242240,91
242250,91
242260,91
242271,91
242278,91
242290,95
242300,95
242310,95
242318,95
242330,95
242340,93
242350,93
242359,93
242370,93
242379,93
242389,97
242398,97
242409,97
242418,97
242430,97
242439,97
242448,97
242459,97
242469,97
242480,99
242488,99
242498,99
242509,99
242519,99
242530,97
242539,97
242549,97
242558,97
242569,97
242578,97
242588,97
242599,97
242609,97
242618,97
242629,93
242639,93
242649,93
242658,93
242670,95
242679,95
242688,95
242698,95
242709,95
242719,93
242728,93
242739,93
242749,93
242759,93
242768,93
242778,93
242789,93
242798,93
242810,95
242819,95
242829,95
242838,95
242848,95
242860,97
242869,97
242878,97
242889,97
242899,97
242910,97
242919,97
242928,97
242939,97
242949,97
242958,97
242970,97
242979,97
242988,97
242998,97
243009,97
243019,97
243029,97
243039,97
243050,99
243059,99
243069,99
243079,99
243088,99
243100,99
243109,99
243119,99
243129,99
243139,99
243149,99
243158,99
243169,99
243179,99
243189,99
243199,97
243210,97
243219,97
243229,97
243238,95
243248,95
243259,95
243269,95
243279,95
243290,95
243299,95
243309,95
243318,95
243329,95
243340,95
243348,95
243359,95
243368,95
243379,95
243390,95
243398,95
243408,95
243420,95
243430,95
243438,97
243448,97
243460,97
243470,97
243480,97
243488,97
243500,97
243510,97
243518,97
243530,97
243540,97
243550,97
243560,97
243569,97
243580,97
243589,97
243599,97
243609,97
243619,97
243629,95
243639,95
243648,95
243658,95
243670,95
243678,95
243688,95
243699,95
243708,95
243720,95
243729,95
243739,95
243749,95
243758,95
243768,95
243778,95
243789,95
243799,95
243808,95
243819,97
243828,97
243838,97
243848,97
243860,95
243869,95
243879,95
243888,95
243898,95
243909,95
243918,95
243928,95
243939,95
243949,95
243958,95
243970,95
243979,95
243989,95
243999,95
244009,95
244018,95
244029,95
244038,95
244049,95
244058,95
244069,95
244078,95
244088,95
244100,95
244109,95
244118,95
244128,95
244139,95
244148,97
244158,97
244169,97
244179,97
244189,97
244198,95
244209,95
244219,95
244229,95
244239,95
244249,95
244259,95
244269,95
244278,95
244290,93
244299,93
244309,93
244318,93
244328,93
244339,95
244350,95
244358,95
244368,95
244380,95
244389,93
244399,93
244409,93
244419,93
244429,95
244438,95
244449,95
244460,95
244469,95
244478,97
244488,97
244499,97
244508,97
244518,97
244528,97
244538,97
244549,97
244558,97
244569,97
244578,99
244590,99
244598,99
244609,99
244620,99
244628,99
244638,99
244648,99
244660,99
244671,97
244679,97
244688,97
244700,97
244708,97
244718,97
244728,97
244740,97
244750,97
244760,97
244770,95
244780,95
244790,95
244800,95
244810,95
244818,95
244829,95
244839,95
244848,95
244859,95
244869,95
244879,95
244888,95
244899,95
244908,95
244918,95
244928,95
244939,95
244948,95
244958,95
244968,95
244979,95
244989,95
244998,95
245009,97
245019,97
245029,97
245038,97
245050,97
245059,97
245068,97
245079,97
245088,97
245098,97
245109,97
245118,97
245128,97
245138,97
245148,97
245158,97
245169,97
245178,97
245189,97
245198,97
245208,97
245219,97
245228,97
245239,95
245248,95
245259,95
245268,95
245278,95
245289,95
245299,95
245308,95
245318,95
245328,95
245338,95
245350,95
245358,95
245368,95
245378,95
245389,97
245399,97
245408,97
245419,97
245430,97
245439,97
245449,97
245459,97
245469,97
245480,97
245489,97
245498,97
245508,97
245519,97
245528,97
245538,97
245548,97
245558,97
245569,97
245578,97
245590,97
245599,97
245609,97
245620,97
245629,97
245638,97
245648,97
245659,97
245669,97
245679,97
245689,97
245698,97
245708,97
245719,97
245728,97
245739,97
245749,97
245758,97
245768,97
245780,97
245789,97
245799,97
245808,97
245820,95
245829,95
245838,95
245848,95
245861,97
245868,97
245879,97
245888,97
245898,97
245910,95
245918,95
245928,95
245938,95
245950,95
245960,97
245969,97
245980,97
245989,97
246000,97
246009,95
246019,95
246028,95
246039,95
246049,95
246058,97
246068,97
246079,97
246088,97
246100,97
246109,97
246119,97
246128,97
246138,97
246150,97
246159,97
246168,97
246179,97
246189,97
246199,95
246209,95
246218,95
246229,95
246238,95
246248,97
246259,97
246268,97
246279,97
246289,97
246298,97
246308,97
246318,97
246328,97
246339,97
246349,97
246358,97
246369,97
246378,97
246389,95
246399,95
246408,95
246418,95
246429,95
246438,95
246449,95
246459,95
246468,95
246480,95
246488,95
246498,95
246508,95
246519,95
246529,95
246538,95
246549,95
246558,95
246569,95
246578,93
246590,93
246598,93
246609,93
246619,93
246629,95
246639,95
246649,95
246658,95
246670,95
246679,95
246688,95
246698,95
246708,95
246720,97
246728,97
246738,97
246748,97
246758,97
246769,99
246778,99
246789,99
246798,99
246809,99
246818,99
246829,99
246838,99
246848,99
246858,99
246869,97
246878,97
246889,97
246898,97
246909,97
246918,97
246928,97
246938,97
246950,97
246958,93
246969,93
246978,93
246988,93
246999,93
247008,91
247019,91
247028,91
247038,91
247051,93
247058,93
247068,93
247078,93
247088,93
247100,95
247108,95
247118,95
247128,95
247138,95
247148,95
247158,95
247169,95
247180,95
247190,95
247199,101
247209,101
247219,101
247229,101
247238,101
247249,105
247259,105
247269,105
247279,105
247290,105
247298,105
247308,105
247318,105
247328,105
247340,101
247348,101
247358,101
247369,101
247378,101
247389,99
247398,99
247408,99
247418,99
247428,99
247438,97
247448,97
247458,97
247468,97
247479,97
247488,95
247500,95
247508,95
247518,95
247529,91
247538,91
247548,91
247558,91
247569,91
247579,91
247588,91
247598,91
247609,91
247618,91
247628,93
247640,93
247648,93
247658,93
247668,93
247679,95
247688,95
247698,95
247708,95
247718,97
247728,97
247738,97
247748,97
247758,97
247770,97
247778,97
247788,97
247798,97
247808,97
247820,99
247829,99
247839,99
247849,99
247859,99
247869,97
247878,97
247888,97
247898,97
247908,97
247918,97
247928,97
247938,97
247948,97
247960,95
247969,95
247978,95
247988,95
247999,95
248008,95
248018,95
248028,95
248038,95
248048,95
248058,93
248069,93
248079,93
248088,93
248099,95
248108,95
248118,95
248128,95
248138,95
248149,93
248158,93
248169,93
248178,93
248189,93
248198,95
248209,95
248218,95
248228,95
248238,95
248248,95
248261,95
248268,95
248279,95
248291,95
248298,95
248308,95
248320,95
248328,95
248341,95
248348,95
248358,95
248368,95
248378,95
248390,95
248400,95
248409,95
248419,95
248429,95
248439,95
248448,95
248459,95
248469,95
248480,97
248488,97
248499,97
248508,97
248519,97
248528,97
248538,97
248548,97
248558,97
248569,97
248578,99
248588,99
248599,99
248608,99
248618,99
248628,99
248640,99
248648,99
248658,99
248669,99
248679,101
248690,101
248698,101
248708,101
248720,99
248728,99
248738,99
248748,99
248758,99
248770,97
248778,97
248788,97
248799,97
248808,97
248820,95
248828,95
248838,95
248848,95
248858,95
248868,95
248878,95
248888,95
248898,95
248908,95
248918,95
248930,95
248938,95
248948,95
248960,95
248969,95
248978,95
248988,95
248998,95
249010,95
249018,95
249028,95
249038,95
249049,95
249060,95
249068,95
249079,95
249089,95
249098,95
249108,95
249120,95
249128,95
249138,95
249150,95
249158,95
249169,95
249178,95
249189,95
249200,95
249209,95
249218,95
249228,95
249238,95
249250,97
249258,97
249268,97
249279,97
249288,97
249298,97
249309,97
249318,97
249328,97
249338,97
249348,97
249358,97
249369,97
249378,97
249391,95
249398,95
249408,95
249418,95
249428,95
249438,93
249448,93
249458,93
249468,93
249478,93
249488,91
249498,91
249508,91
249518,91
249530,91
249538,91
249548,91
249558,91
249570,91
249578,91
249590,91
249598,91
249610,91
249619,91
249630,93
249638,93
249649,93
249658,93
249670,95
249679,95
249689,95
249698,95
249709,95
249720,97
249729,97
249739,97
249748,97
249758,97
249769,97
249778,97
249788,97
249798,97
249809,97
249818,97
249828,97
249838,97
249848,97
249860,95
249868,95
249879,95
249888,95
249898,95
249908,97
249918,97
249928,97
249938,97
249948,97
249958,97
249968,97
249978,97
249989,97
249999,97
250009,97
250019,97
250028,97
250039,97
250049,97
250058,97
250068,97
250079,97
250088,97
250100,99
250108,99
250119,99
250128,99
250138,99
250150,97
250158,97
250168,97
250179,97
250188,97
250198,95
250208,95
250218,95
250228,95
250239,93
250248,93
250259,93
250269,93
250278,93
250290,95
250298,95
250308,95
250319,95
250328,95
250338,93
250348,93
250358,93
250368,93
250378,93
250389,95
250398,95
250408,95
250418,95
250429,95
250438,97
250448,97
250458,97
250468,97
250480,97
250488,97
250498,97
250508,97
250518,97
250529,97
250538,97
250548,97
250558,97
250568,97
250580,97
250588,97
250599,97
250608,97
250618,97
250628,99
250638,99
250648,99
250658,99
250668,99
250679,99
250690,99
250698,99
250708,99
250720,97
250728,97
250738,97
250748,97
250758,97
250770,97
250780,97
250788,97
250800,97
250809,97
250820,97
250830,97
250840,97
250849,97
250859,97
250869,97
250879,97
250889,97
250899,97
250908,97
250919,95
250928,95
250938,95
250948,95
250958,95
250968,95
250980,95
250989,95
250999,95
251010,95
251018,95
251028,95
251038,95
251048,95
251060,97
251068,97
251079,97
251088,97
251098,97
251110,95
251119,95
251129,95
251138,95
251148,95
251158,95
251169,95
251178,95
251189,95
251199,95
251208,97
251220,97
251228,97
251238,97
251248,97
251258,97
251270,97
251279,97
251288,97
251299,97
251308,97
251318,97
251328,97
251338,97
251350,95
251358,95
251369,95
251378,95
251388,95
251398,95
251409,95
251418,95
251428,95
251438,95
251448,95
251460,95
251469,95
251478,95
251490,95
251498,95
251509,95
251519,95
251528,95
251539,93
251548,93
251558,93
251569,93
251578,93
251589,95
251598,95
251609,95
251618,95
251628,95
251638,93
251650,93
251658,93
251668,93
251679,95
251688,95
251698,95
251708,95
251718,95
251728,95
251738,95
251748,95
251758,95
251769,95
251778,95
251790,95
251798,95
251809,95
251818,95
251828,95
251839,95
251848,95
251858,95
251869,99
251879,99
251888,99
251898,99
251908,99
251920,97
251928,97
251938,97
251948,97
251958,97
251968,97
251980,97
251988,97
251998,97
252010,97
252018,97
252030,97
252038,97
252050,97
252060,95
252069,95
252079,95
252089,95
252099,95
252110,95
252119,95
252129,95
252138,95
252148,95
252158,95
252169,95
252178,95
252188,95
252198,95
252209,95
252220,95
252228,95
252238,95
252249,97
252258,97
252268,97
252279,97
252288,97
252300,97
252308,97
252318,97
252328,97
252338,97
252348,99
252358,99
252369,99
252378,99
252389,99
252398,101
252408,101
252418,101
252428,101
252438,101
252448,99
252460,99
252468,99
252478,99
252490,99
252498,97
252508,97
252518,97
252528,97
252540,97
252548,97
252558,97
252568,97
252578,97
252590,97
252599,97
252608,97
252618,97
252628,97
252638,95
252650,95
252658,95
252668,95
252678,95
252689,93
252700,93
252709,93
252718,93
252730,95
252738,95
252748,95
252758,95
252769,95
252780,95
252789,95
252798,95
252808,95
252818,95
252828,95
252839,95
252848,95
252858,95
252868,95
252878,93
252889,93
252898,93
252908,93
252919,95
252928,95
252938,95
252948,95
252958,95
252969,95
252978,95
252988,95
252998,95
253009,95
253018,95
253030,95
253038,95
253048,95
253059,95
253068,95
253078,95
253088,95
253099,95
253109,95
253118,95
253128,95
253138,95
253148,95
253158,95
253170,95
253178,95
253188,95
253198,95
253209,95
253218,95
253228,95
253240,95
253249,95
253260,95
253269,95
253279,95
253289,95
253300,95
253309,95
253319,95
253329,95
253339,95
253348,95
253358,95
253368,95
253378,95
253388,95
253399,97
253409,97
253418,97
253428,97
253439,97
253448,97
253458,97
253468,97
253479,97
253490,99
253498,99
253508,99
253519,99
253529,99
253540,97
253548,97
253558,97
253568,97
253578,97
253589,97
253599,97
253608,97
253618,97
253628,97
253638,97
253649,97
253658,97
253668,97
253678,97
253688,97
253698,97
253708,97
253718,97
253729,97
253738,97
253748,97
253758,97
253768,97
253779,97
253788,97
253798,97
253808,97
253818,97
253828,95
253839,95
253848,95
253858,95
253870,95
253879,95
253889,95
253898,95
253908,95
253919,93
253928,93
253938,93
253948,93
253958,93
253969,95
253978,95
253989,95
253998,95
254008,95
254018,93
254028,93
254038,93
254049,93
254059,95
254068,95
254078,95
254088,95
254098,95
254109,97
254118,97
254128,97
254138,97
254148,97
254158,97
254169,97
254178,97
254188,97
254198,97
254209,97
254220,97
254228,97
254238,97
254249,97
254258,97
254268,97
254278,97
254288,97
254301,97
254308,97
254318,97
254329,97
254338,97
254351,97
254358,97
254369,97
254378,97
254388,97
254398,99
254410,99
254418,99
254428,99
254439,99
254450,103
254459,103
254470,103
254479,103
254489,103
254499,99
254509,99
254519,99
254529,99
254539,97
254549,97
254558,97
254568,97
254578,97
254590,95
254598,95
254609,95
254618,95
254628,95
254638,93
254649,93
254658,93
254668,93
254679,93
254688,95
254700,95
254709,95
254718,95
254730,95
254738,95
254748,95
254758,95
254769,95
254780,95
254788,95
254798,95
254809,95
254818,95
254829,97
254839,97
254848,97
254858,97
254868,97
254878,97
254890,97
254898,97
254908,97
254920,95
254928,95
254938,95
254948,95
254958,95
254969,95
254978,95
254989,95
254999,95
255008,95
255018,93
255028,93
255039,93
255048,93
255058,93
255068,93
255079,93
255090,93
255099,93
255110,93
255118,93
255129,93
255138,93
255148,93
255159,95
255168,95
255178,95
255189,95
255199,95
255208,95
255218,95
255228,95
255238,95
255248,95
255258,97
255268,97
255278,97
255288,97
255300,95
255308,95
255319,95
255328,95
255338,95
255350,97
255358,97
255369,97
255378,97
255389,97
255399,95
255409,95
255418,95
255428,95
255438,95
255448,97
255458,97
255468,97
255479,97
255491,95
255498,95
255508,95
255518,95
255528,95
255540,97
255548,97
255558,97
255568,97
255578,97
255590,95
255600,95
255608,95
255618,95
255628,95
255640,99
255650,99
255660,99
255669,99
255680,97
255689,97
255699,97
255709,97
255719,97
255729,99
255739,99
255748,99
255759,99
255769,99
255778,95
255789,95
255799,95
255808,95
255818,95
255828,95
255839,95
255848,95
255858,95
255870,95
255879,95
255889,95
255898,95
255908,95
255920,95
255928,95
255938,95
255948,95
255958,95
255970,95
255978,95
255988,95
255998,95
256009,95
256019,97
256029,97
256039,97
256048,97
256058,97
256068,97
256079,97
256088,97
256098,97
256108,97
256118,99
256129,99
256138,99
256148,99
256158,97
256169,97
256178,97
256188,97
256198,97
256209,97
256218,97
256228,97
256238,97
256248,97
256260,95
256268,95
256279,95
256288,95
256298,95
256309,93
256320,93
256329,93
256339,93
256349,93
256358,93
256368,93
256378,93
256389,93
256400,95
256409,95
256418,95
256428,95
256438,95
256449,95
256459,95
256468,95
256479,95
256488,95
256498,97
256509,97
256518,97
256528,97
256538,97
256548,95
256558,95
256569,95
256578,95
256590,97
256598,97
256609,97
256618,97
256628,97
256638,97
256649,97
256658,97
256668,97
256679,97
256688,97
256698,97
256708,97
256719,97
256729,97
256740,95
256751,95
256758,95
256769,95
256780,97
256788,97
256798,97
256810,97
256818,97
256830,93
256838,93
256848,93
256860,93
256868,93
256878,95
256890,95
256898,95
256909,95
256919,95
256929,93
256939,93
256949,93
256959,93
256970,95
256978,95
256988,95
256998,95
257009,95
257019,93
257028,93
257038,93
257048,93
257058,93
257068,95
257079,95
257088,95
257098,95
257108,95
257118,97
257128,97
257138,97
257148,97
257159,99
257169,99
257178,99
257188,99
257198,99
257209,97
257218,97
257228,97
257238,97
257248,97
257258,97
257269,97
257278,97
257288,97
257298,97
257308,95
257318,95
257328,95
257338,95
257350,95
257358,95
257369,95
257378,95
257389,95
257399,95
257408,95
257418,95
257428,95
257438,95
257448,95
257459,95
257468,95
257479,95
257488,95
257498,95
257510,95
257518,95
257529,95
257540,97
257549,97
257559,97
257568,97
257578,97
257590,97
257598,97
257609,97
257618,97
257628,97
257639,97
257648,97
257658,97
257668,97
257679,97
257688,99
257699,99
257708,99
257719,99
257728,99
257738,99
257749,99
257758,99
257769,99
257778,99
257789,99
257799,99
257808,99
257818,99
257831,97
257838,97
257848,97
257858,97
257868,97
257879,95
257888,95
257898,95
257908,95
257918,95
257928,93
257939,93
257948,93
257958,93
257969,93
257978,93
257990,93
257998,93
258008,93
258020,93
258028,93
258040,93
258048,93
258058,93
258070,95
258080,95
258089,95
258100,95
258109,95
258119,95
258129,95
258140,95
258149,95
258159,95
258168,97
258179,97
258189,97
258198,97
258209,97
258218,97
258228,97
258239,97
258248,97
258260,97
258268,97
258279,97
258288,97
258298,97
258309,95
258318,95
258328,95
258338,95
258348,95
258358,95
258369,95
258378,95
258389,95
258398,95
258408,95
258418,95
258428,95
258438,95
258449,93
258458,93
258468,93
258478,93
258488,93
258499,95
258510,95
258518,95
258528,95
258538,95
258548,95
258558,95
258569,95
258578,95
258590,95
258598,95
258609,95
258618,95
258628,95
258639,95
258649,95
258658,95
258668,95
258679,95
258688,95
258698,95
258708,95
258718,95
258728,95
258739,97
258749,97
258759,97
258769,97
258780,95
258788,95
258798,95
258808,95
258818,95
258829,97
258838,97
258849,97
258858,97
258869,97
258879,97
258890,97
258898,97
258908,97
258918,97
258928,97
258938,97
258948,97
258958,97
258969,95
258978,95
258989,95
258998,95
259009,95
259019,95
259028,95
259038,95
259048,95
259058,95
259068,95
259079,95
259088,95
259098,95
259108,95
259118,97
259128,97
259138,97
259148,97
259159,97
259169,97
259178,97
259188,97
259198,97
259210,97
259218,97
259228,97
259238,97
259250,97
259258,97
259271,97
259279,97
259288,97
259299,97
259310,97
259319,97
259330,97
259339,97
259349,97
259359,97
259369,97
259378,97
259389,97
259399,97
259408,97
259418,97
259428,97
259438,97
259449,97
259458,97
259468,97
259479,97
259488,97
259498,97
259509,97
259518,97
259528,97
259538,97
259548,97
259559,97
259569,97
259578,97
259590,97
259598,97
259609,97
259618,97
259628,97
259639,95
259649,95
259658,95
259668,95
259679,95
259689,95
259698,95
259708,95
259719,95
259728,95
259738,93
259749,93
259758,93
259769,93
259778,95
259788,95
259799,95
259809,95
259818,95
259830,95
259839,95
259848,95
259858,95
259868,95
259878,97
259888,97
259898,97
259908,97
259919,97
259929,97
259940,97
259949,97
259958,97
259969,97
259979,99
259989,99
259999,99
260008,99
260020,97
260028,97
260038,97
260048,97
260058,97
260070,97
260079,97
260088,97
260098,97
260108,97
260119,95
260130,95
260138,95
260148,95
260158,95
260168,95
260179,95
260189,95
260199,95
260209,95
260218,95
260228,95
260239,95
260248,95
260259,95
260268,95
260279,95
260289,95
260299,95
260308,95
260319,95
260328,95
260338,95
260348,95
260358,95
260369,95
260378,95
260389,95
260400,95
260408,95
260418,95
260428,95
260438,95
260450,95
260458,95
260468,95
260480,95
260488,95
260500,93
260510,93
260520,93
260529,93
260539,93
260549,93
260559,93
260569,93
260579,93
260590,95
260599,95
260609,95
260618,95
260628,95
260639,97
260648,97
260658,97
260668,97
260679,97
260688,95
260699,95
260708,95
260718,95
260729,95
260738,95
260748,95
260758,95
260768,95
260780,95
260789,95
260798,95
260809,95
260818,95
260829,97
260838,97
260848,97
260858,97
260868,97
260879,97
260889,97
260898,97
260908,97
260918,97
260928,97
260939,97
260948,97
260958,97
260968,103
260978,103
260988,103
260998,103
261009,103
261019,101
261028,101
261038,101
261048,101
261058,101
261069,97
261079,97
261088,97
261098,97
261108,97
261118,97
261130,97
261138,97
261149,97
261159,97
261169,95
261179,95
261188,95
261198,95
261210,93
261218,93
261228,93
261238,93
261248,93
261259,93
261268,93
261279,93
261288,93
261298,93
261308,95
261318,95
261328,95
261338,95
261348,95
261358,97
261369,97
261379,97
261388,97
261398,97
261409,97
261419,97
261428,97
261438,97
261448,99
261458,99
261468,99
261479,99
261488,99
261501,97
261508,97
261518,97
261528,97
261538,97
261549,97
261558,97
261569,97
261578,97
261588,97
261598,95
261610,95
261618,95
261628,95
261640,95
261650,95
261658,95
261668,95
261678,95
261689,95
261698,95
261708,95
261718,95
261730,95
261739,97
261749,97
261759,97
261769,97
261779,97
261789,95
261799,95
261809,95
261818,95
261828,95
261838,95
261848,95
261858,95
261868,95
261880,95
261888,95
261898,95
261908,95
261918,95
261929,97
261938,97
261948,97
261958,97
261969,97
261978,95
261989,95
261998,95
262009,95
262018,95
262028,97
262039,97
262048,97
262058,97
262070,95
262078,95
262088,95
262098,95
262108,95
262119,95
262128,95
262138,95
262148,95
262158,95
262169,93
262179,93
262189,93
262199,93
262209,93
262218,95
262230,95
262238,95
262248,95
262260,95
262268,95
262279,95
262288,95
262298,95
262309,97
262318,97
262328,97
262338,97
262349,97
262358,97
262369,97
262379,97
262389,97
262399,97
262408,97
262419,97
262428,97
262438,97
262449,97
262458,97
262468,97
262479,97
262488,97
262499,97
262508,97
262519,97
262528,97
262538,97
262549,95
262558,95
262568,95
262578,95
262589,95
262599,95
262609,95
262618,95
262628,95
262640,95
262648,95
262658,95
262668,95
262678,95
262689,97
262698,97
262708,97
262718,97
262728,97
262739,97
262748,97
262758,97
262769,97
262778,97
262788,97
262799,97
262808,97
262818,97
262828,97
262838,97
262850,97
262858,97
262868,97
262878,97
262888,97
262898,97
262908,97
262920,97
262930,97
262940,97
262949,97
262960,97
262969,97
262978,99
262989,99
262999,99
263008,99
263018,99
263028,97
263040,97
263048,97
263058,97
263068,97
263079,97
263089,97
263098,97
263108,97
263119,95
263128,95
263138,95
263148,95
263158,95
263169,97
263178,97
263188,97
263199,97
263209,97
263219,95
263228,95
263238,95
263248,95
263258,95
263268,95
263279,95
263288,95
263298,95
263309,93
263318,93
263328,93
263338,93
263348,93
263360,93
263369,93
263378,93
263388,93
263399,93
263409,93
263419,93
263428,93
263438,93
263449,93
263458,97
263469,97
263479,97
263488,97
263498,97
263508,97
263519,97
263528,97
263538,97
263550,99
263558,99
263569,99
263579,99
263588,99
263600,97
263609,97
263618,97
263628,97
263638,97
263648,97
263658,97
263668,97
263679,97
263688,97
263698,93
263709,93
263718,93
263728,93
263739,93
263748,93
263758,93
263769,93
263778,93
263789,93
263798,93
263809,93
263818,93
263829,93
263838,95
263848,95
263858,95
263868,95
263879,95
263888,95
263899,95
263908,95
263918,95
263929,97
263938,97
263948,97
263958,97
263969,97
263980,97
263988,97
263998,97
264009,97
264018,97
264028,97
264038,97
264049,97
264058,97
264068,97
264078,95
264088,95
264098,95
264108,95
264119,93
264130,93
264139,93
264150,93
264159,93
264169,93
264179,93
264189,93
264198,93
264209,93
264218,95
264229,95
264239,95
264248,95
264259,95
264268,95
264278,95
264288,95
264298,95
264310,95
264318,95
264329,95
264338,95
264348,95
264358,95
264368,95
264378,95
264388,95
264398,95
264409,95
264419,95
264428,95
264438,95
264449,95
264458,95
264468,95
264479,95
264488,95
264499,95
264508,95
264518,95
264528,95
264538,95
264548,95
264558,95
264568,95
264578,95
264588,95
264599,97
264609,97
264618,97
264628,97
264640,95
264648,95
264658,95
264668,95
264679,95
264690,95
264698,95
264708,95
264718,95
264728,95
264739,95
264748,95
264758,95
264769,95
264778,95
264789,97
264799,97
264809,97
264819,97
264828,97
264839,97
264849,97
264858,97
264868,97
264878,97
264888,97
264898,97
264908,97
264919,97
264930,103
264938,103
264948,103
264958,103
264968,103
264980,107
264988,107
264998,107
265009,107
265018,107
265030,101
265039,101
265048,101
265059,101
265068,101
265078,99
265088,99
265098,99
265108,99
265119,99
265128,97
265139,97
265148,97
265159,97
265169,95
265178,95
265188,95
265199,95
265208,95
265221,95
265228,95
265239,95
265248,95
265258,95
265268,93
265279,93
265288,93
265298,93
265308,93
265319,95
265330,95
265338,95
265349,95
265359,95
265369,95
265380,95
265389,95
265399,95
265410,95
265419,95
265430,95
265438,95
265449,95
265460,95
265468,95
265479,95
265488,95
265498,95
265508,95
265519,95
265528,95
265538,95
265548,95
265558,95
265569,95
265578,95
265588,95
265600,95
265608,95
265618,95
265628,95
265638,95
265648,93
265658,93
265668,93
265678,93
265688,93
265698,95
265709,95
265718,95
265728,95
265740,95
265748,95
265758,95
265769,95
265778,95
265790,97
265799,97
265809,97
265818,97
265828,97
265838,97
265848,97
265858,97
265869,97
265878,97
265888,97
265899,97
265908,97
265918,97
265929,97
265938,97
265948,97
265958,97
265968,97
265979,97
265989,97
265998,97
266009,97
266019,97
266029,95
266038,95
266049,95
266058,95
266069,95
266078,95
266089,95
266098,95
266108,95
266119,93
266129,93
266138,93
266148,93
266158,93
266169,95
266178,95
266188,95
266198,95
266209,95
266219,93
266228,93
266238,93
266248,93
266258,93
266268,97
266279,97
266288,97
266298,97
266310,97
266318,97
266328,97
266338,97
266348,97
266359,99
266369,99
266378,99
266388,99
266398,99
266409,99
266418,99
266428,99
266438,99
266449,99
266460,99
266468,99
266478,99
266490,99
266498,99
266508,99
266520,99
266528,99
266538,99
266548,99
266558,97
266569,97
266579,97
266589,97
266600,95
266609,95
266619,95
266629,95
266639,95
266649,93
266658,93
266669,93
266678,93
266688,93
266699,93
266709,93
266718,93
266729,93
266739,93
266748,93
266758,93
266769,93
266778,93
266789,93
266798,93
266809,93
266818,93
266828,93
266839,95
266849,95
266858,95
266868,95
266878,95
266888,95
266899,95
266908,95
266918,95
266930,95
266938,95
266948,95
266958,95
266968,95
266979,95
266989,95
266998,95
267008,95
267019,95
267029,97
267039,97
267048,97
267058,97
267070,97
267079,97
267088,97
267098,97
267108,97
267119,93
267128,93
267138,93
267148,93
267158,93
267168,93
267178,93
267188,93
267198,93
267209,95
267219,95
267228,95
267239,95
267248,95
267259,97
267268,97
267279,97
267288,97
267298,97
267308,97
267318,97
267328,97
267338,97
267348,97
267358,95
267369,95
267378,95
267388,95
267399,97
267408,97
267418,97
267428,97
267438,97
267449,97
267458,97
267468,97
267478,97
267488,97
267498,97
267508,97
267518,97
267528,97
267538,97
267548,95
267559,95
267568,95
267578,95
267589,97
267598,97
267608,97
267618,97
267628,97
267641,97
267648,97
267658,97
267668,97
267678,97
267690,97
267698,97
267708,97
267718,97
267728,97
267738,95
267750,95
267758,95
267769,95
267780,95
267789,97
267799,97
267809,97
267819,97
267829,95
267839,95
267848,95
267858,95
267868,95
267879,97
267888,97
267898,97
267908,97
267919,97
267929,95
267938,95
267948,95
267958,95
267969,95
267978,95
267989,95
267998,95
268008,95
268018,95
268028,95
268038,95
268048,95
268058,95
268069,97
268078,97
268088,97
268098,97
268108,97
268119,97
268129,97
268138,97
268148,97
268159,97
268169,97
268178,97
268188,97
268198,97
268209,97
268218,97
268230,97
268238,97
268249,97
268258,97
268268,97
268279,97
268288,97
268298,97
268309,97
268318,97
268328,97
268338,97
268348,97
268360,95
268369,95
268378,95
268388,95
268398,95
268409,95
268419,95
268429,95
268438,95
268449,95
268458,95
268469,95
268479,95
268488,95
268500,95
268508,95
268518,95
268528,95
268539,95
268551,95
268558,95
268568,95
268579,95
268589,95
268599,95
268608,95
268619,95
268628,95
268638,95
268648,95
268659,95
268668,95
268678,95
268689,95
268698,95
268708,95
268718,95
268728,95
268741,93
268748,93
268758,93
268769,93
268778,93
268789,95
268798,95
268809,95
268818,95
268828,95
268838,95
268849,95
268858,95
268870,95
268878,95
268888,97
268899,97
268908,97
268918,97
268930,97
268938,97
268948,97
268958,97
268969,97
268980,99
268989,99
268999,99
269009,99
269019,99
269030,97
269039,97
269049,97
269058,97
269069,97
269079,97
269089,97
269098,97
269108,97
269119,97
269128,95
269138,95
269148,95
269158,95
269170,95
269179,95
269188,95
269198,95
269209,95
269219,95
269228,95
269238,95
269248,95
269259,95
269268,95
269278,95
269288,95
269298,95
269308,95
269318,95
269329,95
269338,95
269348,95
269358,95
269369,97
269379,97
269389,97
269399,97
269409,97
269418,97
269428,97
269438,97
269448,97
269461,99
269468,99
269479,99
269488,99
269498,99
269509,97
269518,97
269528,97
269538,97
269548,97
269558,97
269568,97
269578,97
269588,97
269598,97
269608,95
269619,95
269629,95
269639,95
269649,97
269659,97
269669,97
269678,97
269688,97
269699,95
269708,95
269719,95
269729,95
269738,95
269749,97
269758,97
269768,97
269778,97
269788,97
269798,95
269809,95
269818,95
269828,95
269838,95
269848,95
269858,95
269868,95
269878,95
269889,95
269898,95
269908,95
269918,95
269928,95
269939,95
269948,95
269958,95
269969,95
269978,95
269988,95
269999,95
270008,95
270018,95
270030,97
270038,97
270048,97
270058,97
270068,97
270081,97
270088,97
270098,97
270108,97
270118,97
270130,99
270140,99
270148,99
270158,99
270168,99
270178,97
270190,97
270199,97
270209,97
270219,97
270229,97
270239,97
270249,97
270259,97
270269,97
270279,97
270288,97
270299,97
270308,97
270320,97
270328,97
270338,97
270348,97
270358,97
270369,95
270378,95
270388,95
270398,95
270408,95
270418,95
270428,95
270439,95
270448,95
270458,95
270468,93
270479,93
270488,93
270498,93
270508,93
270518,97
270528,97
270539,97
270548,97
270559,97
270569,97
270578,97
270588,97
270598,97
270609,97
270618,97
270628,97
270638,97
270648,97
270659,97
270668,97
270678,97
270688,97
270698,97
270708,97
270719,97
270728,97
270738,97
270750,97
270758,95
270769,95
270778,95
270788,95
270799,95
270808,95
270818,95
270829,95
270838,95
270848,95
270858,95
270868,95
270878,95
270889,95
270898,95
270909,95
270919,95
270928,95
270939,95
270948,93
270958,93
270969,93
270978,93
270990,95
270998,95
271009,95
271018,95
271028,95
271039,97
271048,97
271058,97
271068,97
271078,97
271088,99
271098,99
271108,99
271118,99
271128,99
271138,99
271149,99
271158,99
271169,99
271178,99
271188,99
271198,99
271209,99
271218,99
271229,97
271238,97
271249,97
271258,97
271268,97
271280,95
271288,95
271298,95
271308,95
271318,95
271328,95
271338,95
271350,95
271359,95
271368,95
271378,95
271390,95
271399,95
271409,95
271419,95
271430,95
271439,95
271449,95
271458,95
271469,93
271479,93
271489,93
271498,93
271509,93
271518,93
271529,93
271538,93
271548,93
271558,93
271569,93
271579,93
271588,93
271598,93
271608,93
271618,97
271629,97
271638,97
271649,97
271659,97
271668,97
271678,97
271688,97
271698,97
271709,99
271718,99
271728,99
271738,99
271749,99
271758,97
271769,97
271778,97
271788,97
271798,97
271809,95
271818,95
271828,95
271839,95
271850,95
271858,95
271868,95
271879,95
271888,95
271899,95
271908,95
271918,95
271928,95
271938,95
271948,93
271959,93
271968,93
271978,93
271990,93
271999,93
272008,93
272018,93
272028,93
272040,93
272048,93
272059,93
272069,93
272079,93
272089,95
272098,95
272108,95
272119,95
272129,95
272138,95
272149,95
272158,95
272169,95
272178,95
272188,99
272198,99
272208,99
272218,99
272230,99
272238,99
272248,99
272258,99
272268,99
272279,99
272288,99
272298,99
272308,99
272319,99
272329,95
272338,95
272348,95
272358,95
272369,95
272378,97
272389,97
272399,97
272409,97
272419,97
272428,95
272438,95
272448,95
272458,95
272469,95
272478,95
272488,95
272498,95
272508,95
272520,93
272528,93
272538,93
272550,93
272559,93
272568,95
272580,95
272588,95
272598,95
272609,95
272620,97
272628,97
272639,97
272649,97
272658,97
272669,99
272679,99
272689,99
272699,99
272710,99
272719,99
272728,99
272738,99
272748,99
272759,99
272769,99
272778,99
272788,99
272799,99
272809,99
272818,99
272828,99
272838,99
272848,99
272858,97
272869,97
272878,97
272888,97
272899,97
272908,95
272918,95
272928,95
272938,95
272949,95
272958,95
272968,95
272978,95
272988,95
272999,95
273009,95
273018,95
273028,95
273038,95
273048,93
273059,93
273068,93
273078,93
273089,93
273098,93
273108,93
273118,93
273128,93
273140,93
273148,93
273158,93
273169,93
273178,93
273189,95
273198,95
273208,95
273218,95
273228,95
273238,95
273249,95
273259,95
273269,95
273278,95
273289,95
273299,95
273309,95
273319,95
273330,97
273338,97
273348,97
273358,97
273369,97
273379,97
273388,97
273398,97
273409,97
273418,97
273428,101
273439,101
273448,101
273458,101
273468,101
273478,95
273488,95
273498,95
273508,95
273519,95
273528,95
273538,95
273548,95
273558,95
273569,95
273578,95
273588,95
273598,95
273608,95
273618,95
273629,95
273639,95
273649,95
273659,95
273668,95
273678,95
273688,95
273698,95
273709,97
273718,97
273729,97
273738,97
273748,97
273760,97
273769,97
273778,97
273788,97
273798,97
273809,97
273820,97
273829,97
273839,97
273849,97
273859,95
273869,95
273878,95
273889,95
273899,95
273909,95
273919,95
273929,95
273938,95
273949,95
273958,95
273969,95
273978,95
273988,95
273998,97
274009,97
274018,97
274028,97
274038,97
274049,95
274060,95
274068,95
274078,95
274089,95
274098,97
274108,97
274118,97
274128,97
274139,97
274148,97
274158,97
274168,97
274178,97
274189,97
274198,97
274209,97
274218,97
274228,97
274238,95
274249,95
274258,95
274268,95
274279,95
274288,95
274298,95
274308,95
274318,95
274329,95
274338,95
274348,95
274359,95
274369,95
274379,97
274388,97
274399,97
274408,97
274418,97
274428,97
274439,97
274449,97
274458,97
274468,97
274478,97
274489,97
274500,97
274509,97
274519,97
274529,97
274538,97
274548,97
274558,97
274569,97
274578,97
274588,97
274598,97
274608,97
274619,95
274628,95
274638,95
274648,95
274658,95
274668,95
274679,95
274688,95
274698,95
274708,95
274718,95
274729,95
274738,95
274748,95
274760,95
274769,95
274778,95
274788,95
274799,95
274809,95
274818,95
274828,95
274838,95
274848,95
274859,95
274869,95
274878,95
274888,95
274898,95
274908,95
274919,95
274928,95
274938,95
274951,95
274959,95
274968,95
274978,95
274988,95
275000,95
275008,95
275018,95
275029,95
275039,95
275048,95
275059,95
275069,95
275079,95
275089,95
275098,97
275109,97
275119,97
275129,97
275139,97
275148,97
275158,97
275169,97
275178,97
275189,97
275199,97
275208,97
275218,97
275228,97
275238,95
275249,95
275258,95
275268,95
275278,95
275288,97
275299,97
275308,97
275319,97
275328,97
275338,95
275348,95
275358,95
275369,95
275379,95
275388,95
275399,95
275409,95
275418,95
275429,93
275438,93
275449,93
275458,93
275468,93
275478,95
275489,95
275498,95
275508,95
275518,95
275528,93
275538,93
275548,93
275558,93
275570,95
275578,95
275588,95
275599,95
275609,95
275620,97
275628,97
275638,97
275648,97
275658,97
275668,99
275678,99
275688,99
275698,99
275708,99
275719,97
275729,97
275738,97
275748,97
275758,97
275769,97
275778,97
275788,97
275798,97
275809,95
275818,95
275828,95
275838,95
275849,95
275858,95
275868,95
275878,95
275888,95
275898,95
275908,93
275919,93
275928,93
275938,93
275950,95
275958,95
275969,95
275978,95
275989,95
275999,95
276009,95
276018,95
276028,95
276038,95
276049,97
276058,97
276068,97
276078,97
276088,97
276098,97
276109,97
276118,97
276128,97
276139,97
276148,97
276158,97
276168,97
276178,97
276190,95
276198,95
276209,95
276218,95
276228,95
276239,97
276249,97
276259,97
276269,97
276279,97
276289,97
276299,97
276309,97
276319,97
276329,97
276338,99
276349,99
276358,99
276368,99
276379,97
276389,97
276399,97
276409,97
276419,97
276430,97
276438,97
276448,97
276458,97
276468,97
276478,95
276489,95
276498,95
276508,95
276518,95
276529,95
276539,95
276548,95
276558,95
276569,93
276578,93
276589,93
276598,93
276609,93
276619,95
276628,95
276638,95
276648,95
276658,95
276669,95
276679,95
276688,95
276698,95
276708,95
276718,95
276729,95
276738,95
276748,95
276758,95
276768,97
276778,97
276788,97
276799,97
276810,99
276819,99
276828,99
276839,99
276848,99
276859,97
276868,97
276878,97
276888,97
276899,97
276909,95
276919,95
276929,95
276938,95
276949,91
276959,91
276968,91
276978,91
276988,91
276999,91
277008,91
277018,91
277028,91
277038,91
277049,91
277059,91
277068,91
277078,91
277088,91
277098,95
277108,95
277118,95
277128,95
277139,95
277148,95
277158,95
277169,95
277178,95
277189,101
277199,101
277209,101
277219,101
277228,101
277238,97
277249,97
277258,97
277268,97
277278,97
277288,101
277299,101
277308,101
277318,101
277330,95
277338,95
277348,95
277358,95
277368,95
277380,95
277388,95
277398,95
277408,95
277418,95
277428,91
277440,91
277449,91
277460,91
277469,91
277479,93
277489,93
277499,93
277509,93
277519,93
277529,93
277539,93
277548,93
277559,93
277569,97
277578,97
277588,97
277599,97
277608,97
277619,97
277628,97
277639,97
277648,97
277658,97
277668,99
277679,99
277688,99
277698,99
277708,99
277718,99
277729,99
277738,99
277748,99
277759,99
277769,99
277778,99
277788,99
277799,99
277810,97
277818,97
277828,97
277838,97
277848,97
277859,95
277868,95
277878,95
277888,95
277898,95
277908,95
277919,95
277928,95
277938,95
277948,95
277958,93
277968,93
277978,93
277988,93
277999,95
278009,95
278018,95
278028,95
278039,95
278050,95
278058,95
278068,95
278078,95
278088,95
278100,95
278109,95
278119,95
278129,95
278139,95
278149,95
278159,95
278169,95
278178,95
278189,95
278198,95
278209,95
278218,95
278228,95
278239,95
278249,95
278258,95
278268,95
278278,95
278289,95
278298,95
278308,95
278318,95
278328,95
278338,97
278349,97
278358,97
278369,97
278378,97
278388,97
278399,97
278409,97
278418,97
278430,97
278438,97
278448,97
278458,97
278468,97
278479,99
278488,99
278498,99
278508,99
278518,99
278529,97
278538,97
278548,97
278558,97
278569,97
278578,97
278590,97
278598,97
278609,97
278620,97
278628,95
278638,95
278648,95
278658,95
278670,95
278679,95
278689,95
278698,95
278709,95
278718,93
278729,93
278739,93
278749,93
278758,93
278769,93
278779,93
278788,93
278798,93
278809,93
278819,93
278828,93
278838,93
278848,93
278859,95
278868,95
278878,95
278888,95
278898,95
278909,97
278918,97
278929,97
278938,97
278948,97
278958,97
278969,97
278978,97
278988,97
278998,97
279009,97
279018,97
279028,97
279038,97
279049,97
279058,97
279068,97
279078,97
279088,97
279099,95
279108,95
279119,95
279128,95
279138,95
279148,97
279159,97
279169,97
279178,97
279188,97
279198,97
279209,97
279219,97
279228,97
279239,97
279248,97
279258,97
279268,97
279278,97
279290,95
279298,95
279309,95
279318,95
279329,95
279338,95
279349,95
279359,95
279368,95
279378,95
279388,95
279399,95
279408,95
279418,95
279429,95
279439,95
279448,95
279458,95
279468,95
279479,97
279488,97
279498,97
279508,97
279519,97
279529,97
279538,97
279548,97
279558,97
279569,97
279578,97
279589,97
279599,97
279608,97
279619,97
279628,97
279638,97
279648,97
279658,97
279671,97
279678,97
279688,97
279698,97
279708,97
279718,95
279728,95
279738,95
279748,95
279758,95
279768,95
279780,95
279788,95
279799,95
279810,95
279818,95
279828,95
279838,95
279848,95
279859,93
279868,93
279878,93
279888,93
279899,93
279909,95
279919,95
279929,95
279938,95
279949,95
279959,97
279969,97
279979,97
279989,97
279998,97
280009,103
280019,103
280028,103
280039,103
280050,103
280058,101
280068,101
280078,101
280088,101
280099,99
280108,99
280119,99
280128,99
280138,99
280149,95
280158,95
280169,95
280178,95
280188,95
280199,95
280209,95
280218,95
280228,95
280239,93
280248,93
280258,93
280268,93
280278,93
280289,95
280298,95
280308,95
280318,95
280328,95
280338,95
280348,95
280358,95
280369,95
280378,95
280388,95
280399,95
280408,95
280419,95
280429,95
280438,95
280449,95
280458,95
280468,95
280480,95
280488,95
280498,95
280508,95
280518,95
280529,95
280539,95
280549,95
280559,95
280569,95
280578,97
280589,97
280598,97
280609,97
280618,97
280628,97
280638,97
280648,97
280658,97
280669,97
280678,97
280688,97
280698,97
280708,97
280719,97
280728,97
280738,97
280748,97
280758,97
280769,97
280779,97
280788,97
280798,97
280809,97
280818,97
280829,97
280838,97
280849,97
280858,97
280868,97
280878,97
280888,97
280898,97
280909,97
280918,97
280928,97
280938,97
280948,97
280958,97
280968,97
280978,97
280988,97
280998,97
281009,97
281020,97
281028,97
281038,97
281049,97
281058,97
281070,97
281078,97
281088,97
281100,95
281109,95
281119,95
281129,95
281139,95
281149,95
281159,95
281169,95
281178,95
281189,95
281199,95
281208,95
281218,95
281229,95
281239,95
281248,95
281259,95
281268,95
281278,95
281289,95
281298,95
281309,95
281318,95
281328,95
281339,95
281348,95
281358,95
281369,95
281378,95
281389,95
281398,95
281409,95
281418,95
281428,95
281438,95
281449,95
281458,95
281468,95
281478,95
281488,95
281498,95
281508,95
281519,95
281529,95
281538,95
281548,95
281558,95
281569,95
281579,97
281588,97
281599,97
281609,97
281619,97
281629,97
281638,97
281648,97
281659,97
281668,97
281678,97
281689,97
281698,97
281708,97
281719,97
281728,97
281739,97
281749,97
281759,97
281769,97
281779,97
281788,97
281799,97
281808,97
281819,95
281828,95
281838,95
281848,95
281858,95
281868,95
281879,95
281888,95
281898,95
281908,95
281918,95
281928,95
281938,95
281948,95
281959,97
281969,97
281978,97
281988,97
281999,97
282009,95
282019,95
282028,95
282038,95
282048,95
282058,97
282068,97
282078,97
282088,97
282098,97
282108,95
282119,95
282128,95
282138,95
282149,97
282158,97
282168,97
282178,97
282188,97
282201,95
282209,95
282218,95
282228,95
282238,95
282249,95
282258,95
282268,95
282278,95
282288,95
282298,93
282309,93
282318,93
282329,93
282339,95
282349,95
282359,95
282369,95
282379,95
282389,95
282399,95
282408,95
282419,95
282429,95
282439,97
282448,97
282458,97
282468,97
282478,97
282488,97
282499,97
282508,97
282519,97
282528,97
282538,99
282549,99
282558,99
282569,99
282580,97
282588,97
282599,97
282608,97
282618,97
282629,97
282638,97
282648,97
282658,97
282668,97
282678,93
282689,93
282698,93
282708,93
282718,93
282728,95
282739,95
282748,95
282758,95
282770,93
282778,93
282788,93
282798,93
282809,93
282819,95
282829,95
282838,95
282848,95
282858,95
282868,93
282879,93
282888,93
282898,93
282909,95
282918,95
282929,95
282938,95
282948,95
282959,95
282969,95
282979,95
282989,95
282998,95
283009,95
283019,95
283028,95
283038,95
283048,95
283058,95
283068,95
283078,95
283088,95
283099,97
283108,97
283118,97
283128,97
283138,97
283149,95
283158,95
283169,95
283178,95
283188,95
283198,99
283209,99
283218,99
283228,99
283238,99
283248,97
283258,97
283268,97
283278,97
283289,101
283298,101
283308,101
283318,101
283328,101
283339,97
283348,97
283358,97
283368,97
283378,97
283388,97
283399,97
283409,97
283418,97
283428,97
283438,93
283448,93
283458,93
283468,93
283480,95
283488,95
283498,95
283508,95
283519,95
283529,93
283539,93
283549,93
283559,93
283569,93
283579,95
283589,95
283598,95
283609,95
283620,93
283629,93
283638,93
283648,93
283658,93
283669,95
283678,95
283688,95
283698,95
283708,95
283718,95
283728,95
283738,95
283748,95
283758,95
283768,97
283779,97
283788,97
283798,97
283809,95
283818,95
283828,95
283838,95
283848,95
283859,97
283868,97
283878,97
283888,97
283898,97
283908,97
283919,97
283928,97
283938,97
283949,97
283958,97
283968,97
283978,97
283989,97
283999,97
284009,97
284019,97
284028,97
284039,97
284048,99
284058,99
284068,99
284078,99
284088,99
284098,95
284109,95
284118,95
284128,95
284140,99
284148,99
284158,99
284169,99
284178,99
284189,95
284199,95
284208,95
284218,95
284228,95
284238,93
284249,93
284258,93
284268,93
284278,93
284288,93
284298,93
284308,93
284319,93
284329,95
284338,95
284348,95
284358,95
284369,95
284379,95
284388,95
284399,95
284408,95
284418,95
284428,97
284438,97
284448,97
284458,97
284468,97
284478,95
284489,95
284498,95
284508,95
284518,97
284528,97
284538,97
284548,97
284558,97
284569,101
284578,101
284588,101
284599,101
284608,101
284620,99
284628,99
284639,99
284648,99
284658,99
284668,97
284678,97
284688,97
284698,97
284708,97
284719,95
284729,95
284740,95
284749,95
284759,95
284769,95
284778,95
284789,95
284799,95
284809,97
284818,97
284828,97
284839,97
284848,97
284859,97
284868,97
284878,97
284888,97
284898,97
284909,97
284918,97
284928,97
284938,97
284948,97
284958,95
284969,95
284979,95
284988,95
284999,95
285009,95
285018,95
285028,95
285038,95
285049,95
285058,95
285068,95
285078,95
285088,95
285099,95
285108,95
285118,95
285128,95
285138,95
285148,95
285159,95
285169,95
285178,95
285189,95
285198,97
285208,97
285218,97
285228,97
285239,95
285249,95
285258,95
285268,95
285278,95
285289,95
285298,95
285308,95
285318,95
285328,95
285338,95
285349,95
285358,95
285368,95
285379,95
285389,95
285399,95
285409,95
285418,95
285429,95
285439,95
285448,95
285458,95
285468,95
285478,95
285488,95
285498,95
285508,95
285518,95
285529,95
285539,95
285548,95
285558,95
285568,95
285579,97
285589,97
285598,97
285608,97
285619,97
285628,97
285638,97
285649,97
285658,97
285669,97
285678,97
285688,97
285698,97
285708,97
285719,97
285728,97
285738,97
285748,97
285758,97
285768,97
285779,97
285788,97
285798,97
285809,97
285818,97
285830,97
285838,97
285848,97
285860,95
285868,95
285878,95
285888,95
285898,95
285909,97
285918,97
285929,97
285939,97
285949,97
285958,95
285969,95
285979,95
285989,95
285998,95
286009,95
286020,95
286029,95
286039,95
286048,95
286058,95
286069,95
286078,95
286088,95
286099,95
286108,95
286118,95
286128,95
286138,95
286149,95
286158,95
286168,95
286179,95
286188,95
286199,97
286209,97
286218,97
286228,97
286238,97
286248,95
286258,95
286268,95
286278,95
286289,95
286298,97
286309,97
286318,97
286328,97
286338,97
286348,97
286359,97
286368,97
286378,97
286390,97
286399,97
286409,97
286419,97
286428,97
286439,97
286448,97
286458,97
286468,97
286478,97
286489,97
286498,97
286508,97
286518,97
286528,97
286538,97
286549,97
286558,97
286569,97
286579,95
286589,95
286599,95
286609,95
286619,95
286629,95
286638,95
286648,95
286658,95
286668,95
286679,95
286688,95
286698,95
286708,95
286719,95
286728,95
286739,95
286748,95
286758,95
286768,95
286779,97
286788,97
286799,97
286808,97
286819,97
286828,97
286839,97
286848,97
286858,97
286869,97
286878,97
286888,97
286898,97
286908,97
286918,95
286929,95
286938,95
286948,95
286959,95
286968,95
286978,95
286988,95
286998,95
287010,93
287018,93
287028,93
287038,93
287048,93
287058,93
287070,93
287078,93
287088,93
287098,93
287108,93
287120,93
287128,93
287138,93
287149,95
287159,95
287169,95
287179,95
287189,95
287199,95
287209,95
287219,95
287229,95
287238,95
287249,97
287258,97
287268,97
287278,97
287288,97
287298,97
287309,97
287318,97
287328,97
287339,97
287348,97
287358,97
287368,97
287379,97
287389,95
287399,95
287408,95
287418,95
287428,95
287438,95
287449,95
287458,95
287468,95
287478,95
287488,95
287498,95
287508,95
287518,95
287529,95
287538,95
287548,95
287558,95
287569,95
287578,93
287589,93
287598,93
287608,93
287618,93
287628,95
287639,95
287649,95
287658,95
287671,95
287678,95
287688,95
287698,95
287708,95
287719,97
287728,97
287738,97
287748,97
287758,97
287769,99
287778,99
287788,99
287798,99
287809,99
287819,103
287829,103
287838,103
287849,103
287858,103
287868,105
287879,105
287888,105
287898,105
287908,105
287918,105
287929,105
287939,105
287948,105
287958,105
287969,99
287979,99
287988,99
287998,99
288010,97
288019,97
288029,97
288038,97
288048,97
288060,95
288068,95
288078,95
288088,95
288098,95
288108,95
288119,95
288129,95
288138,95
288148,95
288158,95
288169,95
288179,95
288188,95
288199,95
288209,95
288218,95
288228,95
288238,95
288251,95
288259,95
288268,95
288278,95
288288,95
288298,95
288310,95
288318,95
288328,95
288339,95
288348,93
288359,93
288369,93
288378,93
288389,93
288399,93
288409,93
288419,93
288429,93
288439,95
288448,95
288458,95
288469,95
288478,95
288488,97
288498,97
288508,97
288518,97
288528,97
288538,97
288549,97
288558,97
288568,97
288579,97
288588,97
288598,97
288609,97
288618,97
288629,97
288638,97
288648,97
288658,97
288668,97
288678,97
288689,97
288698,97
288708,97
288718,97
288728,95
288739,95
288748,95
288758,95
288770,95
288778,95
288788,95
288798,95
288808,95
288819,95
288829,95
288839,95
288848,95
288858,95
288868,95
288879,95
288888,95
288898,95
288909,95
288918,95
288928,95
288938,95
288948,95
288960,95
288968,95
288979,95
288988,95
288998,95
289008,95
289018,95
289028,95
289039,95
289048,95
289058,95
289069,95
289078,95
289088,95
289099,95
289108,95
289118,95
289128,95
289138,95
289149,95
289158,95
289168,95
289179,95
289188,95
289199,97
289209,97
289218,97
289229,97
289238,97
289249,97
289259,97
289268,97
289278,97
289289,99
289298,99
289308,99
289319,99
289328,99
289339,99
289348,99
289359,99
289369,99
289378,99
289389,99
289399,99
289409,99
289418,99
289428,99
289438,99
289449,99
289459,99
289468,99
289478,99
289488,97
289500,97
289508,97
289518,97
289530,95
289538,95
289548,95
289558,95
289569,95
289579,95
289589,95
289599,95
289609,95
289619,95
289629,95
289639,95
289649,95
289658,95
289668,95
289678,95
289689,95
289698,95
289708,95
289718,95
289728,95
289738,95
289748,95
289758,95
289770,95
289779,95
289788,95
289799,95
289808,95
289819,95
289828,95
289838,95
289848,95
289858,95
289868,97
289878,97
289888,97
289898,97
289908,97
289919,97
289929,97
289938,97
289948,97
289959,97
289969,97
289979,97
289988,97
289998,97
290010,95
290019,95
290028,95
290038,95
290049,95
290059,97
290068,97
290078,97
290088,97
290098,97
290108,97
290119,97
290128,97
290138,97
290149,97
290158,97
290169,97
290179,97
290188,97
290200,99
290209,99
290219,99
290229,99
290238,99
290249,99
290258,99
290269,99
290278,99
290288,99
290298,97
290309,97
290318,97
290328,97
290338,97
290348,95
290359,95
290369,95
290379,95
290389,93
290398,93
290409,93
290418,93
290428,93
290439,91
290448,91
290458,91
290468,91
290478,91
290488,91
290499,91
290508,91
290518,91
290529,93
290538,93
290548,93
290558,93
290569,93
290579,93
290588,93
290598,93
290609,93
290618,93
290628,95
290639,95
290649,95
290658,95
290669,95
290678,97
290688,97
290698,97
290708,97
290720,101
290729,101
290738,101
290748,101
290758,101
290770,97
290779,97
290789,97
290798,97
290809,97
290819,95
290828,95
290838,95
290849,95
290858,95
290869,93
290878,93
290889,93
290898,93
290909,95
290918,95
290928,95
290938,95
290948,95
290959,93
290969,93
290979,93
290988,93
290998,93
291009,95
291019,95
291029,95
291038,95
291049,95
291058,95
291069,95
291078,95
291088,95
291099,97
291108,97
291118,97
291128,97
291139,97
291149,97
291158,97
291169,97
291179,97
291188,97
291199,97
291209,97
291218,97
291228,97
291239,97
291248,97
291259,97
291268,97
291278,97
291288,97
291298,99
291309,99
291318,99
291328,99
291340,95
291348,95
291358,95
291369,95
291379,95
291389,97
291399,97
291409,97
291418,97
291429,97
291439,95
291449,95
291459,95
291469,95
291479,95
291489,97
291499,97
291508,97
291518,97
291528,97
291538,95
291549,95
291558,95
291568,95
291579,95
291588,95
291598,95
291608,95
291618,95
291629,93
291638,93
291648,93
291658,93
291668,93
291678,93
291688,93
291698,93
291708,93
291719,93
291728,93
291739,93
291748,93
291758,93
291770,95
291779,95
291788,95
291799,95
291809,95
291819,95
291828,95
291839,95
291848,95
291858,95
291869,97
291878,97
291889,97
291898,97
291908,97
291919,97
291930,97
291938,97
291948,97
291960,97
291968,97
291978,97
291989,97
291999,97
292009,97
292019,97
292028,97
292039,97
292048,97
292059,97
292068,97
292078,97
292089,97
292099,97
292108,95
292119,95
292128,95
292138,95
292149,95
292158,95
292169,95
292178,95
292188,95
292199,93
292208,93
292218,93
292228,93
292238,93
292248,93
292259,93
292268,93
292278,93
292288,93
292298,93
292309,93
292318,93
292328,93
292339,95
292348,95
292359,95
292369,95
292379,95
292389,95
292398,95
292409,95
292418,95
292428,95
292438,99
292449,99
292458,99
292468,99
292478,99
292488,99
292498,99
292508,99
292518,99
292529,99
292538,99
292548,99
292558,99
292569,99
292580,99
292588,99
292598,99
292608,99
292618,99
292628,97
292638,97
292649,97
292658,97
292668,97
292678,93
292688,93
292698,93
292708,93
292719,93
292728,93
292738,93
292748,93
292758,93
292769,93
292779,93
292789,93
292799,93
292809,93
292818,95
292829,95
292838,95
292849,95
292858,95
292868,95
292878,95
292888,95
292898,95
292908,97
292918,97
292928,97
292938,97
292948,97
292959,101
292969,101
292979,101
292988,101
292998,101
293009,101
293018,101
293028,101
293038,101
293048,101
293058,99
293068,99
293078,99
293088,99
293098,99
293108,97
293119,97
293128,97
293140,97
293150,97
293158,97
293168,97
293179,97
293188,97
293199,97
293209,97
293219,97
293229,97
293239,97
293250,95
293258,95
293269,95
293278,95
293289,95
293298,95
293309,95
293318,95
293329,95
293338,95
293348,95
293359,95
293369,95
293379,95
293388,95
293398,95
293409,95
293418,95
293428,95
293439,95
293448,95
293458,95
293468,95
293478,95
293489,95
293498,95
293508,95
293518,95
293528,95
293538,97
293548,97
293558,97
293569,97
293579,97
293588,99
293599,99
293608,99
293618,99
293628,99
293638,97
293648,97
293658,97
293668,97
293679,97
293688,97
293698,97
293708,97
293718,97
293729,97
293738,97
293748,97
293758,97
293769,97
293779,95
293790,95
293799,95
293809,95
293819,95
293828,95
293839,95
293848,95
293859,95
293870,95
293879,95
293889,95
293898,95
293908,95
293919,95
293928,95
293938,95
293948,95
293958,95
293969,95
293979,95
293988,95
293998,95
294009,95
294018,97
294029,97
294038,97
294048,97
294058,97
294068,95
294079,95
294088,95
294098,95
294110,97
294118,97
294128,97
294138,97
294148,97
294159,95
294169,95
294179,95
294188,95
294199,95
294209,97
294218,97
294228,97
294238,97
294248,97
294258,95
294269,95
294278,95
294288,95
294298,95
294308,95
294318,95
294328,95
294338,95
294349,95
294359,95
294369,95
294378,95
294388,95
294400,95
294409,95
294419,95
294429,95
294439,95
294449,95
294458,95
294469,95
294479,95
294489,95
294499,95
294509,95
294519,95
294529,95
294539,95
294548,95
294558,95
294569,95
294579,95
294589,97
294599,97
294608,97
294618,97
294628,97
294639,97
294648,97
294658,97
294668,97
294678,97
294688,97
294699,97
294708,97
294719,97
294728,97
294738,95
294749,95
294758,95
294769,95
294779,95
294788,95
294799,95
294809,95
294818,95
294829,97
294838,97
294849,97
294858,97
294868,97
294879,97
294888,97
294898,97
294908,97
294918,97
294928,97
294939,97
294948,97
294958,97
294969,97
294978,97
294988,97
294998,97
295009,97
295019,95
295028,95
295038,95
295049,95
295059,95
295069,95
295079,95
295089,95
295099,95
295109,95
295119,97
295129,97
295138,97
295148,97
295158,97
295169,97
295179,97
295188,97
295198,97
295208,97
295218,97
295229,97
295238,97
295249,97
295260,97
295268,97
295278,97
295288,97
295298,97
295310,97
295318,97
295328,97
295338,97
295348,97
295359,97
295369,97
295379,97
295388,97
295398,97
295409,95
295419,95
295428,95
295438,95
295448,95
295458,95
295468,95
295478,95
295488,95
295500,95
295508,95
295518,95
295528,95
295538,95
295551,95
295558,95
295569,95
295579,95
295590,95
295598,95
295609,95
295618,95
295629,95
295639,95
295649,95
295659,95
295669,95
295678,95
295689,95
295699,95
295709,95
295719,95
295729,95
295739,95
295748,95
295758,95
295769,95
295779,95
295788,95
295798,95
295809,95
295818,95
295828,95
295838,93
295848,93
295859,93
295868,93
295879,95
295888,95
295898,95
295908,95
295918,95
295929,97
295939,97
295949,97
295958,97
295969,97
295979,97
295989,97
295998,97
296009,97
296018,97
296028,97
296038,97
296048,97
296058,97
296069,97
296078,97
296088,97
296098,97
296108,97
296119,95
296129,95
296138,95
296148,95
296158,95
296168,95
296179,95
296188,95
296199,95
296208,95
296218,93
296228,93
296238,93
296248,93
296259,95
296268,95
296278,95
296289,95
296299,95
296309,95
296318,95
296329,95
296338,95
296348,95
296358,95
296369,95
296379,95
296388,95
296398,95
296409,95
296418,95
296428,95
296438,95
296449,97
296458,97
296468,97
296478,97
296488,97
296499,95
296508,95
296519,95
296528,95
296538,95
296548,97
296559,97
296568,97
296579,97
296588,97
296598,97
296609,97
296618,97
296628,97
296639,97
296648,97
296658,97
296668,97
296678,97
296690,95
296698,95
296708,95
296718,95
296728,95
296738,95
296750,95
296758,95
296769,95
296780,95
296788,95
296798,95
296808,95
296818,95
296830,95
296839,95
296849,95
296860,95
296869,95
296880,97
296889,97
296898,97
296909,97
296919,97
296929,97
296939,97
296949,97
296958,97
296968,97
296979,97
296989,97
296999,97
297008,97
297018,97
297028,99
297039,99
297048,99
297058,99
297070,97
297078,97
297088,97
297098,97
297108,97
297119,97
297128,97
297138,97
297148,97
297158,97
297168,95
297179,95
297188,95
297198,95
297208,95
297218,97
297229,97
297238,97
297248,97
297259,95
297268,95
297278,95
297288,95
297298,95
297309,97
297318,97
297328,97
297338,97
297349,97
297358,97
297369,97
297378,97
297388,97
297398,97
297409,97
297419,97
297428,97
297438,97
297448,97
297458,97
297468,97
297478,97
297488,97
297499,97
297509,97
297519,97
297528,97
297538,97
297549,97
297558,97
297569,97
297579,97
297588,97
297599,97
297608,97
297618,97
297628,97
297638,97
297648,95
297659,95
297668,95
297678,95
297688,95
297698,95
297709,95
297718,95
297728,95
297740,93
297748,93
297758,93
297769,93
297779,93
297789,95
297798,95
297809,95
297818,95
297828,95
297838,95
297849,95
297858,95
297868,95
297878,95
297888,95
297899,95
297908,95
297918,95
297930,97
297938,97
297948,97
297958,97
297969,97
297980,97
297988,97
297998,97
298009,97
298018,97
298028,97
298038,97
298050,97
298059,97
298070,97
298079,97
298088,97
298099,97
298109,97
298119,95
298129,95
298138,95
298148,95
298158,95
298170,97
298179,97
298188,97
298198,97
298209,97
298219,95
298228,95
298238,95
298249,95
298258,95
298268,95
298279,95
298288,95
298298,95
298309,95
298318,95
298328,95
298338,95
298348,95
298359,95
298369,95
298379,95
298388,95
298398,95
298409,93
298419,93
298429,93
298438,93
298449,93
298458,93
298468,93
298478,93
298488,93
298499,93
298508,93
298518,93
298528,93
298538,93
298548,93
298559,93
298568,93
298579,93
298588,93
298598,95
298608,95
298618,95
298628,95
298640,99
298648,99
298658,99
298668,99
298678,99
298689,97
298699,97
298709,97
298718,97
298729,97
298739,101
298749,101
298759,101
298769,101
298780,101
298788,101
298799,101
298808,101
298818,101
298829,101
298839,101
298848,101
298858,101
298868,101
298879,97
298888,97
298898,97
298908,97
298919,97
298928,97
298939,97
298948,97
298958,97
298968,97
298979,95
298989,95
298998,95
299008,95
299020,95
299028,95
299038,95
299048,95
299058,95
299069,93
299078,93
299088,93
299098,93
299108,93
299119,95
299128,95
299138,95
299148,95
299159,95
299169,95
299181,95
299188,95
299199,95
299209,95
299218,99
299230,99
299238,99
299248,99
299259,99
299269,99
299279,99
299289,99
299299,99
299309,99
299319,99
299329,99
299339,99
299348,99
299359,97
299369,97
299379,97
299388,97
299399,97
299409,95
299419,95
299428,95
299438,95
299448,95
299458,93
299468,93
299479,93
299488,93
299499,93
299508,93
299519,93
299528,93
299538,93
299549,93
299558,93
299569,93
299579,93
299588,93
299599,95
299608,95
299618,95
299628,95
299639,95
299648,97
299659,97
299668,97
299678,97
299688,97
299698,101
299709,101
299718,101
299728,101
299740,99
299748,99
299758,99
299769,99
299779,99
299789,97
299798,97
299809,97
299818,97
299829,97
299839,95
299849,95
299858,95
299868,95
299878,95
299888,95
299899,95
299908,95
299919,95
299929,95
299939,95
299949,95
299958,95
299969,95
299980,93
299988,93
299998,93
300009,93
300018,93
300029,93
300038,93
300048,93
300059,93
300068,93
300078,93
300089,93
300098,93
300108,93
300119,91
300128,91
300138,91
300148,91
300158,91
300169,93
300179,93
300189,93
300199,93
300209,93
300218,95
300229,95
300238,95
300249,95
300258,95
300268,97
300279,97
300288,97
300298,97
300309,99
300318,99
300328,99
300338,99
300348,99
300360,97
300369,97
300379,97
300388,97
300398,97
300408,95
300420,95
300428,95
300438,95
300450,95
300458,95
300468,95
300478,95
300489,95
300499,95
300509,95
300519,95
300529,95
300539,95
300548,97
300558,97
300569,97
300579,97
300589,97
300598,97
300609,97
300618,97
300628,97
300638,97
300649,97
300659,97
300668,97
300678,97
300689,99
300698,99
300708,99
300718,99
300728,99
300739,97
300748,97
300758,97
300769,97
300779,97
300789,97
300798,97
300809,97
300818,97
300828,97
300838,97
300849,97
300858,97
300868,97
300879,97
300888,97
300898,97
300908,97
300919,97
300930,97
300938,97
300948,97
300958,97
300969,97
300979,97
300988,97
300999,97
301008,97
301018,97
301028,95
301039,95
301048,95
301058,95
301068,95
301078,95
301088,95
301098,95
301109,95
301119,95
301129,95
301138,95
301149,95
301159,95
301169,95
301179,95
301188,95
301198,95
301208,95
301218,95
301229,95
301239,95
301248,95
301258,95
301268,97
301279,97
301288,97
301298,97
301310,97
301318,97
301328,97
301338,97
301348,97
301359,97
301369,97
301379,97
301388,97
301399,97
301408,95
301418,95
301428,95
301438,95
301448,95
301458,95
301469,95
301478,95
301488,95
301501,95
301508,95
301519,95
301528,95
301538,95
301550,95
301558,95
301568,95
301580,95
301590,95
301600,95
301608,95
301618,95
301628,95
301639,95
301648,95
301660,95
301668,95
301678,95
301689,97
301700,97
301709,97
301719,97
301729,97
301739,97
301748,97
301759,97
301768,97
301779,97
301789,97
301799,97
301809,97
301818,97
301828,97
301838,97
301849,97
301858,97
301868,97
301878,97
301888,97
301899,97
301908,97
301918,97
301929,97
301938,97
301949,97
301959,97
301969,97
301979,97
301988,97
301999,97
302008,97
302018,97
302028,97
302039,97
302048,97
302058,97
302068,97
302078,97
302089,97
302099,97
302108,97
302119,97
302128,97
302138,97
302148,97
302158,97
302170,97
302179,97
302188,97
302198,97
302209,97
302219,97
302228,97
302238,97
302248,97
302259,97
302268,95
302279,95
302289,95
302299,95
302309,95
302318,97
302328,97
302339,97
302349,97
302359,95
302369,95
302379,95
302388,95
302398,95
302409,97
302418,97
302428,97
302438,97
302448,97
302458,95
302468,95
302478,95
302489,95
302498,95
302508,97
302519,97
302528,97
302538,97
302549,97
302558,97
302569,97
302579,97
302588,97
302599,97
302609,97
302618,97
302628,97
302638,97
302649,97
302659,97
302668,97
302678,97
302688,97
302699,97
302708,97
302718,97
302728,97
302738,97
302748,97
302759,97
302769,97
302779,97
302790,97
302798,97
302809,97
302818,97
302828,97
302840,95
302849,95
302858,95
302868,95
302878,95
302888,95
302899,95
302909,95
302919,95
302929,95
302939,93
302949,93
302959,93
302969,93
302980,93
302989,93
302999,93
303008,93
303018,93
303030,93
303038,93
303048,93
303059,93
303068,93
303078,95
303089,95
303098,95
303108,95
303118,95
303128,95
303139,95
303148,95
303158,95
303169,99
303179,99
303188,99
303198,99
303209,99
303219,97
303228,97
303238,97
303249,97
303258,97
303268,99
303279,99
303288,99
303298,99
303308,99
303318,97
303329,97
303338,97
303348,97
303359,97
303369,97
303379,97
303388,97
303399,97
303409,95
303418,95
303428,95
303438,95
303448,95
303458,95
303469,95
303478,95
303488,95
303498,95
303508,95
303519,95
303528,95
303539,95
303549,95
303558,95
303569,95
303579,95
303589,95
303599,93
303608,93
303618,93
303628,93
303638,93
303648,95
303659,95
303668,95
303678,95
303688,95
303698,97
303709,97
303719,97
303728,97
303739,97
303748,97
303758,97
303769,97
303779,97
303789,99
303799,99
303809,99
303818,99
303828,99
303839,99
303848,99
303858,99
303868,99
303878,99
303888,97
303899,97
303908,97
303918,97
303928,97
303938,97
303949,97
303958,97
303969,97
303979,95
303988,95
303998,95
304009,95
304018,95
304030,95
304038,95
304048,95
304058,95
304070,95
304080,97
304088,97
304100,97
304109,97
304119,97
304129,97
304139,97
304149,97
304159,97
304168,97
304178,97
304189,97
304198,97
304209,97
304218,97
304228,97
304239,97
304248,97
304258,97
304270,97
304278,97
304288,97
304298,97
304308,97
304319,97
304328,97
304338,97
304348,97
304359,97
304368,97
304379,97
304388,97
304398,97
304408,97
304419,95
304430,95
304438,95
304448,95
304460,95
304468,95
304478,95
304488,95
304498,95
304509,97
304518,97
304528,97
304538,97
304548,97
304559,95
304569,95
304579,95
304588,95
304598,95
304609,95
304619,95
304628,95
304638,95
304650,95
304659,95
304668,95
304678,95
304688,95
304700,95
304708,95
304718,95
304728,95
304738,95
304749,93
304758,93
304769,93
304779,93
304789,93
304798,93
304808,93
304819,93
304828,93
304839,95
304848,95
304858,95
304868,95
304878,95
304889,95
304898,95
304908,95
304918,95
304928,95
304938,95
304949,95
304958,95
304969,95
304979,93
304988,93
304998,93
305009,93
305018,93
305029,97
305038,97
305048,97
305058,97
305068,97
305078,93
305089,93
305098,93
305108,93
305118,93
305128,99
305139,99
305148,99
305158,99
305170,97
305179,97
305188,97
305198,97
305208,97
305220,99
305228,99
305238,99
305248,99
305258,99
305268,99
305280,99
305288,99
305298,99
305308,99
305319,97
305329,97
305338,97
305349,97
305359,95
305369,95
305379,95
305389,95
305399,95
305410,97
305418,97
305429,97
305438,97
305448,97
305459,97
305469,97
305479,97
305489,97
305498,97
305508,99
305518,99
305528,99
305539,99
305548,99
305558,99
305569,99
305579,99
305588,99
305598,99
305609,97
305619,97
305628,97
305638,97
305649,97
305658,97
305668,97
305678,97
305688,97
305699,97
305708,97
305718,97
305728,97
305738,97
305749,99
305758,99
305768,99
305779,99
305788,99
305799,99
305809,99
305818,99
305829,99
305839,99
305848,97
305859,97
305868,97
305878,97
305888,97
305898,97
305909,97
305918,97
305928,97
305939,97
305949,97
305958,97
305969,97
305978,97
305989,97
305999,97
306008,97
306018,97
306028,97
306039,95
306048,95
306058,95
306068,95
306078,95
306088,95
306099,95
306108,95
306119,95
306128,95
306138,95
306149,95
306158,95
306168,95
306179,95
306188,95
306199,95
306209,95
306219,95
306230,95
306238,95
306248,95
306258,95
306268,95
306278,95
306289,95
306298,95
306308,95
306319,95
306328,93
306338,93
306348,93
306358,93
306369,91
306379,91
306388,91
306398,91
306408,91
306418,91
306430,91
306438,91
306448,91
306460,91
306468,93
306478,93
306488,93
306498,93
306509,95
306518,95
306529,95
306540,95
306549,95
306559,101
306569,101
306578,101
306589,101
306599,101
306608,97
306619,97
306628,97
306639,97
306650,95
306658,95
306668,95
306678,95
306688,95
306699,83
306708,83
306718,83
306728,83
306738,83
306748,77
306758,77
306768,77
306779,77
306789,73
306798,73
306808,73
306818,73
306828,73
306838,79
306848,79
306858,79
306868,79
306879,87
306889,87
306898,87
306908,87
306918,87
306928,95
306938,95
306948,95
306958,95
306968,95
306979,99
306989,99
306998,99
307009,99
307019,89
307028,89
307038,89
307048,89
307058,89
307068,81
307079,81
307088,81
307098,81
307109,77
307118,77
307128,77
307138,77
307148,77
307158,77
307169,77
307178,77
307189,77
307200,81
307209,81
307218,81
307228,81
307238,81
307248,89
307259,89
307268,89
307278,89
307288,89
307298,95
307309,95
307318,95
307328,95
307339,87
307348,87
307358,87
307369,87
307379,87
307388,85
307399,85
307408,85
307419,85
307430,83
307438,83
307448,83
307458,83
307468,83
307479,85
307488,85
307498,85
307508,85
307518,85
307528,83
307538,83
307548,83
307558,83
307571,89
307579,89
307588,89
307598,89
307608,89
307618,91
307628,91
307638,91
307648,91
307658,91
307668,95
307680,95
307688,95
307698,95
307709,93
307718,93
307729,93
307739,93
307749,93
307759,95
307769,95
307779,95
307789,95
307798,95
307809,95
307819,95
307829,95
307839,95
307849,95
307858,95
307868,95
307878,95
307888,95
307899,91
307908,91
307918,91
307928,91
307938,91
307948,93
307959,93
307969,93
307979,93
307988,93
307998,91
308009,91
308018,91
308028,91
308040,93
308048,93
308058,93
308068,93
308078,93
308089,95
308098,95
308108,95
308118,95
308129,95
308138,95
308149,95
308158,95
308169,95
308179,95
308188,95
308199,95
308209,95
308218,95
308229,95
308239,95
308248,95
308258,95
308268,95
308278,97
308288,97
308298,97
308308,97
308319,97
308328,95
308340,95
308348,95
308358,95
308369,95
308379,95
308389,95
308399,95
308409,95
308419,93
308428,93
308439,93
308448,93
308458,93
308468,95
308478,95
308488,95
308498,95
308508,95
308519,97
308529,97
308538,97
308548,97
308559,97
308569,99
308578,99
308588,99
308598,99
308610,99
308618,99
308629,99
308639,99
308648,99
308660,97
308668,97
308678,97
308688,97
308698,97
308708,93
308719,93
308728,93
308738,93
308749,91
308758,91
308769,91
308779,91
308788,91
308799,87
308808,87
308818,87
308828,87
308838,87
308848,91
308860,91
308868,91
308878,91
308890,93
308898,93
308908,93
308918,93
308928,93
308940,93
308948,93
308959,93
308969,93
308979,93
308989,95
308999,95
309008,95
309019,95
309029,95
309038,93
309049,93
309058,93
309068,93
309080,93
309088,93
309098,93
309108,93
309119,93
309129,91
309138,91
309148,91
309158,91
309169,91
309179,89
309189,89
309198,89
309208,89
309220,87
309228,87
309238,87
309248,87
309258,87
309269,91
309278,91
309288,91
309298,91
309308,91
309319,91
309329,91
309338,91
309348,91
309358,91
309368,93
309379,93
309388,93
309398,93
309410,93
309418,93
309428,93
309439,93
309449,93
309459,95
309468,95
309478,95
309488,95
309498,95
309508,97
309519,97
309528,97
309538,97
309548,97
309558,95
309569,95
309579,95
309589,95
309599,93
309609,93
309619,93
309629,93
309638,93
309648,91
309658,91
309668,91
309678,91
309688,91
309698,87
309709,87
309718,87
309728,87
309739,89
309748,89
309758,89
309769,89
309779,89
309788,87
309798,87
309809,87
309818,87
309828,87
309838,91
309849,91
309859,91
309868,91
309879,95
309888,95
309898,95
309908,95
309918,95
309929,95
309938,95
309948,95
309958,95
309969,95
309979,97
309988,97
309998,97
310008,97
310018,97
310028,97
310039,97
310048,97
310058,97
310071,95
310078,95
310088,95
310098,95
310108,95
310120,91
310129,91
310138,91
310148,91
310158,91
310169,91
310180,91
310189,91
310199,91
310208,89
310218,89
310229,89
310239,89
310248,89
310259,93
310269,93
310278,93
310289,93
310298,93
310308,95
310319,95
310328,95
310338,95
310348,95
310358,95
310369,95
310379,95
310388,95
310399,97
310409,97
310418,97
310428,97
310438,97
310450,95
310458,95
310468,95
310478,95
310488,95
310498,95
310509,95
310518,95
310528,95
310538,95
310548,93
310559,93
310569,93
310579,93
310590,93
310599,93
310609,93
310618,93
310628,93
310639,93
310649,93
310659,93
310668,93
310678,93
310688,95
310698,95
310708,95
310718,95
310728,95
310738,95
310749,95
310758,95
310769,95
310779,95
310788,95
310799,95
310809,95
310819,95
310829,93
310839,93
310848,93
310858,93
310868,93
310878,93
310888,93
310898,93
310908,93
310918,93
310928,91
310939,91
310948,91
310958,91
310969,93
310979,93
310988,93
310998,93
311008,93
311019,95
311029,95
311039,95
311048,95
311058,95
311069,97
311078,97
311088,97
311098,97
311108,97
311118,95
311129,95
311138,95
311148,95
311159,95
311169,97
311179,97
311188,97
311199,97
311210,95
311218,95
311228,95
311239,95
311248,95
311261,95
311268,95
311278,95
311288,95
311298,95
311310,93
311319,93
311328,93
311338,93
311348,93
311358,95
311369,95
311380,95
311389,95
311399,95
311409,97
311418,97
311429,97
311439,97
311449,95
311459,95
311468,95
311478,95
311488,95
311499,93
311508,93
311519,93
311528,93
311538,93
311549,95
311558,95
311569,95
311579,95
311588,95
311599,93
311608,93
311618,93
311628,93
311639,93
311648,95
311659,95
311668,95
311678,95
311689,93
311698,93
311708,93
311719,93
311728,93
311740,93
311748,93
311758,93
311769,93
311779,93
311788,91
311798,91
311809,91
311818,91
311828,91
311838,93
311849,93
311858,93
311868,93
311878,93
311888,93
311898,93
311908,93
311918,93
311929,95
311938,95
311948,95
311958,95
311969,95
311979,93
311988,93
311998,93
312009,93
312019,93
312029,95
312039,95
312049,95
312058,95
312069,95
312078,93
312088,93
312098,93
312108,93
312120,95
312129,95
312138,95
312148,95
312158,95
312169,95
312179,95
312188,95
312199,95
312209,95
312218,93
312230,93
312238,93
312248,93
312258,93
312268,91
312278,91
312288,91
312298,91
312309,91
312318,91
312328,91
312339,91
312348,91
312358,93
312369,93
312379,93
312388,93
312398,93
312408,93
312419,93
312428,93
312438,93
312451,93
312458,93
312468,93
312478,93
312488,93
312500,95
312508,95
312518,95
312528,95
312539,95
312548,95
312560,95
312569,95
312579,95
312589,95
312599,93
312609,93
312619,93
312629,93
312640,95
312649,95
312658,95
312669,95
312679,95
312689,95
312698,95
312708,95
312718,95
312728,95
312738,95
312749,95
312758,95
312769,95
312779,95
312788,95
312798,95
312809,95
312818,95
312829,91
312839,91
312848,91
312858,91
312868,91
312879,91
312888,91
312898,91
312908,91
312918,91
312928,93
312939,93
312948,93
312958,93
312969,93
312979,93
312989,93
312999,93
313009,93
313019,97
313028,97
313038,97
313048,97
313058,97
313069,97
313078,97
313089,97
313098,97
313108,97
313119,101
313128,101
313138,101
313148,101
313158,101
313168,97
313180,97
313188,97
313198,97
313208,97
313218,95
313229,95
313238,95
313248,95
313259,91
313269,91
313279,91
313289,91
313298,91
313309,89
313319,89
313329,89
313338,89
313349,89
313358,89
313369,89
313379,89
313388,89
313399,89
313408,89
313418,89
313428,89
313439,89
313449,93
313458,93
313468,93
313478,93
313488,93
313499,95
313508,95
313518,95
313528,95
313538,95
313548,97
313559,97
313568,97
313578,97
313590,95
313599,95
313609,95
313618,95
313628,95
313639,95
313648,95
313658,95
313668,95
313678,95
313688,93
313700,93
313709,93
313718,93
313728,93
313738,95
313750,95
313758,95
313769,95
313779,93
313788,93
313799,93
313809,93
313820,93
313829,97
313839,97
313848,97
313858,97
313869,97
313879,95
313889,95
313899,95
313908,95
313918,95
313928,95
313938,95
313948,95
313959,95
313969,95
313979,93
313988,93
313999,93
314009,93
314019,93
314028,93
314038,93
314048,93
314059,93
314068,91
314078,91
314088,91
314098,91
314108,91
314119,95
314128,95
314138,95
314148,95
314158,95
314168,93
314179,93
314188,93
314199,93
314209,93
314218,93
314228,93
314238,93
314249,93
314259,95
314268,95
314278,95
314288,95
314298,95
314309,95
314318,95
314329,95
314338,95
314348,95
314358,93
314369,93
314379,93
314388,93
314398,93
314409,93
314418,93
314428,93
314438,93
314450,95
314458,95
314469,95
314478,95
314488,95
314499,95
314508,95
314518,95
314528,95
314538,95
314548,95
314559,95
314569,95
314579,95
314588,95
314598,93
314609,93
314618,93
314628,93
314640,95
314648,95
314658,95
314668,95
314678,95
314689,93
314698,93
314708,93
314718,93
314728,93
314738,93
314749,93
314759,93
314769,93
314779,93
314788,91
314799,91
314809,91
314818,91
314829,91
314838,95
314848,95
314858,95
314868,95
314879,93
314888,93
314898,93
314908,93
314918,93
314930,95
314938,95
314948,95
314958,95
314969,95
314979,91
314990,91
314999,91
315009,91
315019,91
315029,95
315038,95
315049,95
315058,95
315069,91
315078,91
315089,91
315099,91
315109,91
315119,95
315129,95
315138,95
315148,95
315158,95
315169,95
315179,95
315188,95
315198,95
315209,95
315218,95
315228,95
315238,95
315248,95
315258,95
315268,95
315279,95
315288,95
315298,95
315309,95
315318,95
315329,95
315338,95
315348,95
315359,91
315369,91
315379,91
315388,91
315398,91
315409,93
315418,93
315428,93
315438,93
315448,93
315458,93
315469,93
315478,93
315488,93
315500,93
315508,93
315519,93
315528,93
315538,93
315551,93
315558,93
315569,93
315578,93
315588,93
315598,93
315609,93
315618,93
315628,93
315639,93
315648,95
315659,95
315669,95
315679,95
315689,95
315698,93
315708,93
315719,93
315728,93
315739,95
315748,95
315758,95
315768,95
315779,95
315789,95
315798,95
315809,95
315819,95
315829,95
315839,97
315849,97
315858,97
315868,97
315878,97
315888,95
315899,95
315908,95
315919,95
315929,97
315938,97
315948,97
315958,97
315969,97
315980,93
315988,93
315999,93
316008,93
316018,93
316029,93
316038,93
316048,93
316058,93
316068,93
316078,91
316089,91
316098,91
316108,91
316120,93
316128,93
316138,93
316148,93
316158,93
316170,93
316178,93
316188,93
316198,93
316209,93
316219,95
316229,95
316239,95
316249,95
316259,95
316269,93
316278,93
316289,93
316299,93
316309,91
316319,91
316328,91
316338,91
316348,91
316360,91
316369,91
316379,91
316388,91
316399,91
316409,95
316418,95
316428,95
316438,95
316448,95
316458,91
316469,91
316478,91
316488,91
316499,95
316508,95
316519,95
316529,95
316538,95
316549,93
316558,93
316569,93
316579,93
316588,93
316598,97
316609,97
316618,97
316628,97
316638,97
316648,93
316659,93
316668,93
316678,93
316689,89
316698,89
316708,89
316718,89
316728,89
316739,93
316748,93
316758,93
316769,93
316779,93
316788,97
316798,97
316809,97
316818,97
316828,97
316838,97
316849,97
316859,97
316868,97
316878,97
316889,97
316899,97
316909,97
316919,97
316930,97
316938,97
316948,97
316958,97
316969,97
316979,97
316988,97
316998,97
317009,97
317018,97
317028,93
317039,93
317048,93
317058,93
317068,95
317078,95
317088,95
317098,95
317108,95
317119,91
317128,91
317138,91
317148,91
317158,91
317168,95
317179,95
317188,95
317198,95
317209,95
317218,91
317229,91
317239,91
317249,91
317258,91
317268,95
317278,95
317288,95
317298,95
317311,93
317318,93
317329,93
317338,93
317348,93
317360,97
317368,97
317379,97
317388,97
317398,97
317408,95
317420,95
317428,95
317439,95
317449,95
317459,95
317469,95
317478,95
317489,95
317499,93
317509,93
317518,93
317529,93
317538,93
317549,93
317558,93
317569,93
317579,93
317589,93
317599,93
317609,93
317618,93
317628,93
317639,93
317649,95
317658,95
317668,95
317678,95
317689,93
317698,93
317708,93
317718,93
317728,93
317739,97
317748,97
317758,97
317769,97
317779,97
317788,95
317799,95
317809,95
317818,95
317828,95
317838,97
317849,97
317858,97
317868,97
317879,95
317888,95
317898,95
317908,95
317918,95
317929,95
317938,95
317949,95
317958,95
317969,95
317978,93
317988,93
317999,93
318008,93
318018,93
318028,95
318039,95
318048,95
318058,95
318068,95
318078,93
318088,93
318098,93
318109,93
318120,97
318129,97
318138,97
318148,97
318158,97
318169,97
318178,97
318188,97
318199,97
318209,97
318218,95
318229,95
318239,95
318248,95
318258,95
318268,95
318278,95
318288,95
318298,95
318310,95
318319,95
318328,95
318338,95
318348,95
318359,95
318369,95
318378,95
318388,95
318398,95
318408,93
318419,93
318428,93
318438,93
318448,93
318458,95
318468,95
318478,95
318488,95
318499,93
318508,93
318518,93
318528,93
318538,93
318550,91
318559,91
318568,91
318578,91
318588,91
318599,93
318609,93
318618,93
318628,93
318639,93
318649,93
318659,93
318669,93
318680,93
318690,93
318698,93
318709,93
318719,93
318729,93
318739,93
318748,93
318758,93
318769,93
318779,93
318789,93
318798,93
318808,93
318818,93
318829,93
318838,93
318849,93
318858,93
318868,93
318878,93
318888,97
318899,97
318908,97
318918,97
318929,97
318938,97
318948,97
318958,97
318968,97
318979,95
318988,95
318998,95
319008,95
319019,95
319028,95
319039,95
319048,95
319058,95
319068,95
319078,89
319088,89
319098,89
319108,89
319119,91
319128,91
319138,91
319148,91
319158,91
319169,91
319179,91
319188,91
319198,91
319208,91
319218,95
319228,95
319238,95
319248,95
319258,95
319268,97
319278,97
319288,97
319299,97
319309,97
319319,95
319328,95
319338,95
319349,95
319359,95
319368,95
319379,95
319388,95
319398,95
319409,95
319418,95
319428,95
319438,95
319449,95
319458,93
319469,93
319478,93
319488,93
319500,93
319508,91
319518,91
319528,91
319538,91
319549,91
319558,91
319569,91
319579,91
319588,91
319599,93
319609,93
319618,93
319628,93
319638,93
319648,93
319659,93
319668,93
319678,93
319688,93
319698,95
319708,95
319719,95
319728,95
319740,97
319748,97
319758,97
319768,97
319779,97
319790,97
319798,97
319809,97
319818,97
319828,97
319838,97
319850,97
319859,97
319869,97
319879,97
319889,93
319899,93
319909,93
319919,93
319930,87
319938,87
319949,87
319958,87
319968,87
319979,89
319988,89
319998,89
320008,89
320018,89
320028,93
320039,93
320048,93
320058,93
320069,95
320079,95
320089,95
320098,95
320108,95
320119,97
320128,97
320138,97
320148,97
320158,97
320169,99
320179,99
320188,99
320198,99
320209,99
320218,99
320229,99
320238,99
320248,99
320258,99
320268,95
320279,95
320288,95
320298,95
320309,95
320319,95
320328,95
320338,95
320348,95
320360,93
320369,93
320379,93
320388,93
320399,93
320409,93
320418,93
320429,93
320438,93
320448,93
320458,91
320470,91
320478,91
320488,91
320499,91
320509,93
320519,93
320529,93
320539,93
320549,95
320559,95
320569,95
320579,95
320588,95
320599,95
320608,95
320618,95
320628,95
320638,95
320649,97
320658,97
320668,97
320678,97
320688,97
320698,91
320709,91
320718,91
320728,91
320739,91
320748,95
320758,95
320768,95
320779,95
320789,93
320799,93
320809,93
320818,93
320828,93
320839,97
320848,97
320858,97
320868,97
320878,97
320888,93
320898,93
320908,93
320919,93
320928,93
320938,95
320950,95
320958,95
320969,95
320980,93
320988,93
320998,93
321009,93
321018,93
321030,95
321038,95
321048,95
321060,95
321069,95
321079,93
321089,93
321099,93
321109,93
321119,93
321129,93
321139,93
321148,93
321159,93
321169,91
321178,91
321188,91
321198,91
321208,91
321219,93
321228,93
321238,93
321248,93
321258,93
321268,93
321279,93
321288,93
321298,93
321308,93
321319,93
321328,93
321338,93
321348,93
321359,93
321368,93
321379,93
321388,93
321399,93
321409,95
321418,95
321428,95
321438,95
321448,95
321458,93
321469,93
321478,93
321488,93
321499,95
321508,95
321518,95
321528,95
321538,95
321551,97
321558,97
321569,97
321579,97
321588,97
321599,97
321608,97
321618,97
321628,97
321638,97
321648,95
321658,95
321668,95
321678,95
321688,95
321698,97
321709,97
321719,97
321728,97
321739,97
321749,99
321758,99
321769,99
321779,99
321789,97
321798,97
321809,97
321818,97
321828,97
321839,91
321849,91
321858,91
321868,91
321878,91
321888,93
321899,93
321908,93
321918,93
321929,93
321938,93
321949,93
321958,93
321969,93
321979,97
321988,97
321998,97
322009,97
322018,97
322029,93
322038,93
322048,93
322058,93
322068,93
322078,95
322088,95
322098,95
322108,95
322118,95
322128,93
322140,93
322148,93
322158,93
322170,95
322179,95
322188,95
322198,95
322209,95
322220,93
322228,93
322238,93
322249,93
322258,93
322270,95
322278,95
322289,95
322298,95
322309,95
322319,95
322329,95
322339,95
322349,95
322358,95
322368,95
322379,95
322389,95
322398,95
322409,93
322418,93
322428,93
322438,93
322448,93
322459,95
322468,95
322478,95
322488,95
322498,95
322508,93
322519,93
322528,93
322538,93
322549,93
322558,93
322569,93
322579,93
322588,93
322599,93
322609,93
322618,93
322628,93
322638,93
322649,93
322658,93
322668,93
322678,93
322688,93
322698,95
322709,95
322718,95
322728,95
322739,95
322749,97
322759,97
322769,97
322779,97
322789,95
322799,95
322808,95
322818,95
322828,95
322839,95
322848,95
322858,95
322868,95
322878,95
322888,93
322899,93
322908,93
322918,93
322929,93
322938,93
322949,93
322959,93
322969,93
322980,93
322988,93
322999,93
323008,93
323018,93
323029,95
323038,95
323048,95
323058,95
323068,95
323078,95
323089,95
323098,95
323108,95
323118,95
323128,95
323139,95
323148,95
323159,95
323169,95
323179,95
323188,95
323199,95
323209,95
323220,95
323228,95
323238,95
323248,95
323258,95
323269,95
323278,95
323288,95
323298,95
323308,95
323318,95
323329,95
323338,95
323348,95
323358,95
323369,95
323379,95
323388,95
323398,95
323410,95
323418,95
323428,95
323438,95
323448,95
323460,95
323468,95
323478,95
323488,95
323500,95
323509,93
323519,93
323529,93
323538,93
323549,93
323559,93
323568,93
323579,93
323588,93
323600,95
323608,95
323618,95
323628,95
323639,95
323649,99
323658,99
323668,99
323678,99
323688,99
323699,97
323708,97
323719,97
323728,97
323738,97
323748,95
323759,95
323768,95
323779,95
323788,95
323798,95
323808,95
323818,95
323828,95
323839,93
323848,93
323858,93
323868,93
323878,93
323889,97
323898,97
323908,97
323918,97
323928,97
323939,95
323948,95
323959,95
323969,95
323979,95
323988,95
323999,95
324009,95
324018,95
324030,93
324038,93
324049,93
324058,93
324068,93
324080,91
324088,91
324098,91
324108,91
324118,91
324128,93
324140,93
324149,93
324159,93
324169,93
324179,93
324189,93
324198,93
324209,93
324220,95
324228,95
324238,95
324248,95
324259,95
324270,97
324278,97
324288,97
324298,97
324308,97
324319,93
324328,93
324338,93
324348,93
324359,93
324369,95
324380,95
324388,95
324398,95
324409,95
324418,93
324428,93
324438,93
324449,93
324459,95
324468,95
324478,95
324488,95
324498,95
324509,93
324518,93
324528,93
324538,93
324548,93
324558,95
324569,95
324579,95
324588,95
324598,95
324609,93
324619,93
324628,93
324638,93
324650,95
324658,95
324668,95
324678,95
324689,95
324700,93
324709,93
324719,93
324729,93
324739,93
324749,95
324758,95
324769,95
324779,95
324789,95
324799,93
324809,93
324818,93
324828,93
324839,95
324849,95
324858,95
324868,95
324878,95
324889,93
324898,93
324908,93
324918,93
324929,93
324938,97
324949,97
324958,97
324969,97
324979,97
324988,95
324999,95
325009,95
325018,95
325029,97
325038,97
325048,97
325058,97
325068,97
325079,95
325088,95
325098,95
325108,95
325119,95
325128,95
325138,95
325148,95
325158,95
325169,95
325179,93
325189,93
325199,93
325208,93
325220,93
325228,93
325238,93
325248,93
325258,93
325269,93
325278,93
325288,93
325298,93
325308,93
325318,93
325329,93
325339,93
325349,93
325358,93
325369,93
325379,93
325388,93
325399,93
325409,95
325418,95
325428,95
325438,95
325448,95
325459,95
325468,95
325478,95
325488,95
325498,95
325508,95
325519,95
325528,95
325538,95
325548,95
325558,95
325568,95
325579,95
325588,95
325599,95
325609,95
325618,95
325628,95
325638,95
325649,93
325658,93
325668,93
325678,93
325688,93
325698,93
325709,93
325718,93
325728,93
325738,93
325748,95
325758,95
325768,95
325779,95
325789,95
325798,95
325809,95
325818,95
325828,95
325839,97
325848,97
325858,97
325868,97
325878,97
325888,95
325900,95
325909,95
325919,95
325929,95
325939,95
325949,95
325959,95
325969,95
325979,93
325989,93
325998,93
326009,93
326018,93
326029,93
326039,93
326048,93
326058,93
326068,93
326078,89
326089,89
326098,89
326108,89
326119,89
326128,89
326138,89
326148,89
326158,89
326170,89
326179,89
326188,89
326199,89
326208,89
326218,95
326228,95
326238,95
326248,95
326258,95
326268,99
326279,99
326288,99
326298,99
326308,99
326318,99
326329,99
326338,99
326348,99
326358,99
326369,99
326379,99
326388,99
326398,99
326410,97
326418,97
326428,97
326438,97
326449,97
326459,95
326468,95
326478,95
326488,95
326498,95
326508,95
326519,95
326528,95
326538,95
326549,91
326558,91
326569,91
326579,91
326589,91
326599,93
326608,93
326618,93
326628,93
326638,93
326649,93
326658,93
326668,93
326678,93
326688,93
326698,95
326709,95
326718,95
326728,95
326740,95
326748,95
326758,95
326769,95
326779,95
326789,95
326798,95
326809,95
326818,95
326828,95
326839,95
326849,95
326858,95
326868,95
326878,95
326888,97
326899,97
326908,97
326918,97
326928,97
326938,95
326949,95
326958,95
326969,95
326979,95
326988,95
326998,95
327009,95
327018,95
327030,93
327038,93
327049,93
327058,93
327068,93
327078,95
327090,95
327098,95
327108,95
327119,95
327129,93
327138,93
327149,93
327159,93
327169,93
327179,93
327189,93
327199,93
327209,93
327218,93
327229,93
327238,93
327249,93
327258,93
327268,93
327279,93
327288,93
327298,93
327308,93
327318,95
327328,95
327338,95
327348,95
327359,95
327369,95
327379,95
327388,95
327398,95
327409,97
327418,97
327428,97
327438,97
327448,97
327458,95
327469,95
327478,95
327488,95
327498,95
327508,95
327518,95
327528,95
327538,95
327550,93
327559,93
327568,93
327579,93
327588,93
327599,95
327609,95
327618,95
327628,95
327638,95
327648,93
327659,93
327668,93
327678,93
327688,93
327698,95
327708,95
327718,95
327728,95
327739,93
327748,93
327758,93
327769,93
327778,93
327789,95
327799,95
327808,95
327818,95
327828,95
327838,95
327849,95
327858,95
327868,95
327878,95
327888,97
327899,97
327908,97
327918,97
327930,95
327938,95
327948,95
327958,95
327968,95
327980,97
327988,97
327999,97
328008,97
328019,97
328030,97
328038,97
328048,97
328058,97
328068,97
328078,97
328089,97
328098,97
328108,97
328119,97
328128,95
328139,95
328148,95
328158,95
328169,95
328179,95
328188,95
328199,95
328209,95
328220,93
328228,93
328239,93
328248,93
328258,93
328268,91
328278,91
328288,91
328298,91
328308,91
328319,93
328329,93
328340,93
328349,93
328359,91
328369,91
328378,91
328389,91
328399,91
328410,95
328418,95
328429,95
328439,95
328448,95
328459,95
328468,95
328478,95
328488,95
328498,95
328508,95
328519,95
328528,95
328538,95
328549,95
328558,93
328569,93
328579,93
328588,93
328599,95
328609,95
328618,95
328628,95
328639,95
328649,93
328658,93
328668,93
328678,93
328688,93
328698,95
328709,95
328718,95
328728,95
328739,95
328748,93
328759,93
328769,93
328779,93
328789,95
328798,95
328809,95
328818,95
328829,95
328839,93
328848,93
328858,93
328868,93
328878,93
328888,93
328899,93
328908,93
328918,93
328929,93
328938,93
328948,93
328958,93
328969,93
328980,95
328989,95
328998,95
329009,95
329018,95
329029,97
329039,97
329048,97
329058,97
329068,97
329078,97
329089,97
329098,97
329108,97
329118,97
329128,95
329139,95
329148,95
329158,95
329169,97
329179,97
329188,97
329198,97
329209,97
329219,93
329229,93
329239,93
329249,93
329258,93
329268,95
329278,95
329288,95
329298,95
329308,95
329318,93
329329,93
329338,93
329348,93
329360,93
329369,93
329379,93
329388,93
329398,93
329409,91
329418,91
329428,91
329438,91
329448,91
329458,93
329470,93
329478,93
329488,93
329498,93
329508,93
329518,93
329529,93
329539,93
329549,93
329559,93
329569,93
329579,93
329589,93
329599,93
329609,93
329619,93
329629,93
329639,93
329649,93
329660,93
329668,93
329678,93
329688,93
329698,95
329708,95
329718,95
329728,95
329739,95
329748,95
329758,95
329768,95
329779,95
329789,97
329798,97
329809,97
329818,97
329828,97
329838,95
329849,95
329858,95
329868,95
329878,95
329888,95
329898,95
329908,95
329918,95
329929,93
329938,93
329948,93
329959,93
329969,93
329980,95
329988,95
329999,95
330008,95
330018,95
330028,93
330039,93
330049,93
330059,93
330068,93
330078,95
330089,95
330098,95
330108,95
330119,95
330128,95
330138,95
330148,95
330158,95
330170,95
330179,95
330189,95
330199,95
330208,95
330219,95
330229,95
330238,95
330248,95
330258,95
330268,97
330279,97
330288,97
330298,97
330308,97
330319,99
330329,99
330338,99
330348,99
330359,97
330369,97
330378,97
330388,97
330399,97
330409,97
330418,97
330428,97
330438,97
330449,97
330459,95
330468,95
330478,95
330488,95
330498,95
330508,93
330519,93
330528,93
330538,93
330548,93
330559,95
330569,95
330579,95
330588,95
330599,91
330609,91
330618,91
330628,91
330639,91
330650,95
330658,95
330668,95
330678,95
330688,95
330698,95
330710,95
330719,95
330728,95
330738,95
330748,95
330759,95
330769,95
330779,95
330789,93
330799,93
330808,93
330819,93
330829,93
330839,95
330849,95
330859,95
330869,95
330879,95
330888,93
330900,93
330908,93
330919,93
330930,91
330938,91
330948,91
330959,91
330968,91
330979,91
330988,91
330999,91
331008,91
331018,91
331028,93
331039,93
331048,93
331058,93
331068,93
331078,93
331089,93
331098,93
331108,93
331119,95
331128,95
331138,95
331148,95
331159,95
331170,95
331178,95
331188,95
331199,95
331209,95
331219,97
331228,97
331238,97
331248,97
331258,97
331268,97
331279,97
331288,97
331298,97
331308,97
331318,97
331329,97
331338,97
331348,97
331359,95
331368,95
331378,95
331388,95
331398,95
331409,93
331418,93
331429,93
331438,93
331449,93
331459,97
331469,97
331478,97
331488,97
331498,97
331508,103
331518,103
331529,103
331538,103
331548,103
331559,97
331568,97
331579,97
331588,97
331598,97
331609,95
331618,95
331628,95
331638,95
331650,95
331658,95
331669,95
331678,95
331688,95
331699,91
331708,91
331718,91
331728,91
331738,91
331748,93
331759,93
331768,93
331779,93
331788,93
331798,91
331809,91
331818,91
331828,91
331838,93
331849,93
331858,93
331870,93
331878,93
331890,93
331898,93
331908,93
331919,93
331929,93
331940,95
331948,95
331959,95
331968,95
331978,95
331990,93
331999,93
332009,93
332018,93
332028,93
332039,95
332049,95
332058,95
332069,95
332079,95
332089,95
332098,95
332108,95
332118,95
332129,95
332138,95
332148,95
332158,95
332169,95
332179,93
332189,93
332198,93
332208,93
332219,87
332228,87
332238,87
332248,87
332258,87
332269,89
332278,89
332289,89
332298,89
332308,89
332318,89
332329,89
332338,89
332348,89
332358,89
332368,91
332379,91
332388,91
332399,91
332410,95
332418,95
332428,95
332439,95
332448,95
332459,95
332469,95
332478,95
332488,95
332498,95
332509,97
332519,97
332528,97
332538,97
332548,97
332559,99
332569,99
332579,99
332588,99
332599,99
332609,99
332619,99
332628,99
332639,99
332650,95
332658,95
332668,95
332678,95
332688,95
332700,95
332708,95
332718,95
332728,95
332738,95
332749,95
332759,95
332768,95
332779,95
332788,95
332799,95
332809,95
332818,95
332828,95
332838,95
332848,99
332859,99
332869,99
332878,99
332889,95
332898,95
332908,95
332919,95
332928,95
332939,99
332948,99
332958,99
332969,99
332979,99
332989,95
332999,95
333009,95
333018,95
333028,95
333038,95
333048,95
333058,95
333070,95
333078,95
333088,93
333100,93
333108,93
333118,93
333130,93
333138,93
333148,93
333158,93
333168,93
333179,95
333189,95
333199,95
333209,95
333219,95
333229,95
333239,95
333248,95
333258,95
333268,95
333278,97
333289,97
333298,97
333308,97
333319,97
333328,97
333339,97
333348,97
333358,97
333369,97
333378,97
333388,97
333398,97
333409,97
333419,95
333428,95
333439,95
333448,95
333458,95
333469,95
333479,95
333488,95
333498,95
333508,95
333519,93
333528,93
333538,93
333548,93
333560,91
333568,91
333579,91
333588,91
333599,91
333609,91
333618,91
333628,91
333638,91
333649,91
333658,93
333669,93
333679,93
333688,93
333699,93
333708,93
333718,93
333728,93
333738,93
333750,95
333758,95
333768,95
333779,95
333788,95
333798,93
333809,93
333819,93
333829,93
333838,93
333849,89
333858,89
333869,89
333878,89
333889,91
333898,91
333908,91
333918,91
333928,91
333939,95
333948,95
333958,95
333969,95
333979,95
333988,99
333998,99
334009,99
334018,99
334028,99
334039,99
334049,99
334058,99
334069,99
334078,99
334088,97
334098,97
334108,97
334118,97
334130,97
334138,97
334148,97
334158,97
334169,97
334179,95
334188,95
334199,95
334208,95
334218,95
334228,95
334240,95
334249,95
334258,95
334270,95
334278,93
334290,93
334298,93
334308,93
334320,95
334328,95
334338,95
334348,95
334358,95
334370,97
334379,97
334389,97
334399,97
334410,97
334420,97
334429,97
334438,97
334449,97
334459,97
334469,95
334479,95
334489,95
334498,95
334508,95
334518,95
334529,95
334538,95
334548,95
334559,91
334569,91
334579,91
334588,91
334598,91
334609,89
334618,89
334628,89
334638,89
334648,89
334658,89
334669,89
334678,89
334688,89
334698,89
334708,93
334718,93
334728,93
334739,93
334750,93
334758,93
334769,93
334779,93
334788,93
334799,95
334809,95
334818,95
334828,95
334838,95
334848,95
334859,95
334869,95
334878,95
334888,95
334898,95
334909,95
334918,95
334928,95
334939,95
334948,95
334958,95
334969,95
334979,95
334990,97
334999,97
335008,97
335018,97
335029,97
335039,95
335048,95
335059,95
335069,95
335079,95
335089,95
335099,95
335108,95
335119,95
335128,95
335138,93
335148,93
335158,93
335168,93
335179,95
335188,95
335199,95
335209,95
335218,95
335229,95
335239,95
335248,95
335258,95
335269,95
335278,95
335289,95
335298,95
335308,95
335318,95
335328,93
335339,93
335348,93
335358,93
335370,95
335378,95
335388,95
335399,95
335408,95
335419,93
335428,93
335438,93
335449,93
335458,93
335470,95
335480,95
335488,95
335498,95
335508,95
335519,93
335530,93
335538,93
335548,93
335560,95
335569,95
335580,95
335588,95
335599,95
335610,93
335619,93
335628,93
335639,93
335649,93
335659,97
335669,97
335678,97
335689,97
335699,97
335708,95
335719,95
335728,95
335738,95
335749,93
335758,93
335769,93
335779,93
335788,93
335799,93
335809,93
335818,93
335828,93
335838,93
335848,93
335859,93
335869,93
335878,93
335889,93
335898,93
335908,93
335918,93
335928,93
335939,91
335948,91
335958,91
335968,91
335979,91
335988,93
335999,93
336008,93
336018,93
336028,93
336038,93
336049,93
336058,93
336069,93
336079,95
336088,95
336098,95
336108,95
336118,95
336129,93
336138,93
336148,93
336159,93
336169,93
336179,95
336189,95
336198,95
336209,95
336218,95
336228,93
336238,93
336249,93
336258,93
336269,91
336279,91
336288,91
336298,91
336308,91
336318,93
336329,93
336338,93
336348,93
336358,93
336369,95
336379,95
336388,95
336399,95
336409,95
336418,97
336429,97
336438,97
336448,97
336460,97
336468,97
336478,97
336488,97
336498,97
336509,97
336519,97
336529,97
336538,97
336548,97
336558,95
336569,95
336579,95
336588,95
336598,95
336608,95
336619,95
336628,95
336638,95
336649,95
336658,95
336668,95
336678,95
336688,95
336699,93
336708,93
336718,93
336728,93
336738,93
336750,91
336758,91
336769,91
336778,91
336788,91
336799,95
336810,95
336819,95
336830,95
336839,95
336849,95
336858,95
336869,95
336878,95
336890,97
336898,97
336909,97
336918,97
336929,97
336939,95
336948,95
336958,95
336969,95
336978,95
336988,93
336999,93
337008,93
337018,93
337029,93
337038,91
337048,91
337059,91
337068,91
337079,85
337088,85
337098,85
337108,85
337118,85
337128,89
337138,89
337148,89
337158,89
337169,89
337178,95
337189,95
337198,95
337208,95
337218,95
337229,107
337239,107
337248,107
337258,107
337270,107
337278,101
337288,101
337298,101
337308,101
337319,97
337328,97
337338,97
337348,97
337358,97
337369,97
337378,97
337388,97
337398,97
337408,97
337418,93
337428,93
337438,93
337448,93
337459,93
337469,89
337479,89
337489,89
337498,89
337509,87
337519,87
337528,87
337538,87
337548,87
337558,93
337569,93
337579,93
337588,93
337599,93
337608,97
337618,97
337628,97
337638,97
337648,97
337658,97
337669,97
337678,97
337688,97
337699,95
337708,95
337718,95
337728,95
337738,95
337749,95
337758,95
337769,95
337779,95
337788,95
337798,93
337808,93
337818,93
337828,93
337839,93
337848,95
337859,95
337868,95
337878,95
337888,95
337898,99
337910,99
337919,99
337929,99
337939,97
337948,97
337958,97
337968,97
337978,97
337989,97
337999,97
338009,97
338018,97
338029,97
338040,95
338049,95
338059,95
338069,95
338079,95
338089,93
338099,93
338108,93
338119,93
338129,93
338138,93
338148,93
338159,93
338168,93
338180,91
338188,91
338199,91
338208,91
338218,91
338228,93
338239,93
338248,93
338258,93
338268,93
338278,93
338289,93
338298,93
338308,93
338319,93
338328,95
338338,95
338348,95
338359,95
338369,95
338378,95
338388,95
338398,95
338408,95
338419,95
338428,95
338439,95
338448,95
338458,95
338469,99
338478,99
338488,99
338498,99
338508,99
338518,97
338529,97
338538,97
338548,97
338559,97
338568,95
338578,95
338588,95
338598,95
338609,95
338618,95
338628,95
338639,95
338649,95
338659,93
338670,93
338679,93
338689,93
338699,93
338709,95
338719,95
338728,95
338738,95
338749,93
338758,93
338768,93
338778,93
338788,93
338799,95
338808,95
338818,95
338828,95
338838,95
338849,93
338858,93
338869,93
338878,93
338888,93
338898,95
338909,95
338918,95
338928,95
338939,93
338948,93
338959,93
338968,93
338979,93
338990,95
338999,95
339008,95
339018,95
339028,95
339038,93
339048,93
339058,93
339069,93
339078,93
339088,93
339100,93
339108,93
339119,93
339130,93
339138,93
339148,93
339158,93
339168,93
339179,99
339188,99
339199,99
339209,99
339218,99
339229,99
339239,99
339249,99
339258,99
339269,99
339278,101
339289,101
339299,101
339309,101
339318,101
339329,97
339339,97
339349,97
339359,97
339368,97
339378,95
339388,95
339398,95
339408,95
339419,91
339428,91
339438,91
339448,91
339458,91
339469,89
339478,89
339488,89
339498,89
339508,89
339519,95
339529,95
339538,95
339548,95
339558,95
339568,99
339579,99
339588,99
339598,99
339609,97
339618,97
339628,97
339639,97
339648,97
339659,95
339668,95
339678,95
339688,95
339699,95
339708,95
339719,95
339728,95
339738,95
339748,95
339759,91
339769,91
339778,91
339788,91
339800,89
339808,89
339818,89
339828,89
339839,89
339848,89
339858,89
339868,89
339878,89
339889,89
339898,93
339909,93
339919,93
339929,93
339938,93
339948,93
339958,93
339968,93
339979,93
339989,97
339999,97
340008,97
340018,97
340028,97
340038,97
340049,97
340059,97
340069,97
340078,97
340088,95
340099,95
340108,95
340118,95
340129,95
340138,93
340148,93
340159,93
340168,93
340179,85
340188,85
340199,85
340208,85
340218,85
340228,89
340239,89
340248,89
340258,89
340269,89
340278,91
340288,91
340298,91
340308,91
340319,93
340328,93
340338,93
340348,93
340359,93
340370,97
340378,97
340388,97
340398,97
340409,97
340420,99
340428,99
340440,99
340448,99
340460,99
340469,97
340479,97
340488,97
340499,97
340509,97
340519,97
340529,97
340539,97
340548,97
340559,95
340568,95
340578,95
340588,95
340598,95
340609,93
340618,93
340628,93
340639,93
340648,93
340658,95
340669,95
340678,95
340689,95
340698,95
340708,97
340719,97
340728,97
340738,97
340749,97
340758,101
340769,101
340778,101
340788,101
340798,97
340808,97
340818,97
340828,97
340838,97
340849,97
340858,97
340868,97
340878,97
340888,97
340898,95
340909,95
340919,95
340928,95
340938,95
340948,95
340959,95
340968,95
340978,95
340989,93
340999,93
341008,93
341018,93
341028,93
341039,93
341048,93
341058,93
341068,93
341078,93
341088,93
341099,93
341108,93
341119,93
341128,93
341138,93
341150,93
341158,93
341168,93
341179,97
341188,97
341198,97
341208,97
341218,97
341229,97
341239,97
341248,97
341258,97
341268,97
341279,95
341288,95
341298,95
341308,95
341319,95
341328,93
341339,93
341348,93
341358,93
341369,93
341379,93
341388,93
341399,93
341408,93
341419,91
341428,91
341439,91
341449,91
341458,91
341468,93
341478,93
341488,93
341498,93
341508,93
341519,93
341528,93
341538,93
341548,93
341560,95
341569,95
341578,95
341588,95
341599,95
341610,95
341618,95
341628,95
341639,95
341649,95
341659,97
341670,97
341679,97
341689,97
341699,97
341709,97
341719,97
341728,97
341738,97
341750,97
341759,97
341768,97
341778,97
341789,97
341799,97
341809,97
341819,97
341828,97
341839,97
341849,95
341858,95
341868,95
341878,95
341888,95
341898,95
341909,95
341918,95
341928,95
341938,95
341948,95
341959,95
341968,95
341979,95
341989,95
341999,95
342008,95
342018,95
342028,95
342039,91
342048,91
342058,91
342068,91
342078,91
342089,91
342098,91
342108,91
342118,91
342128,91
342138,91
342149,91
342158,91
342169,91
342179,91
342188,95
342198,95
342208,95
342218,95
342230,97
342238,97
342248,97
342258,97
342268,97
342280,95
342288,95
342299,95
342309,95
342318,95
342329,95
342339,95
342348,95
342359,95
342368,95
342379,93
342389,93
342399,93
342408,93
342419,95
342428,95
342439,95
342448,95
342458,95
342469,93
342478,93
342488,93
342498,93
342508,93
342519,97
342528,97
342538,97
342548,97
342559,97
342568,93
342579,93
342588,93
342598,93
342610,97
342618,97
342628,97
342639,97
342648,97
342659,95
342668,95
342678,95
342688,95
342698,95
342709,97
342719,97
342728,97
342738,97
342748,97
342759,95
342770,95
342778,95
342788,95
342800,95
342808,93
342818,93
342828,93
342839,93
342850,93
342858,93
342869,93
342879,93
342889,93
342899,93
342909,93
342919,93
342929,93
342939,93
342948,93
342959,93
342968,93
342978,93
342990,93
342999,93
343008,93
343018,93
343028,93
343039,93
343048,93
343058,93
343068,93
343078,93
343088,95
343099,95
343108,95
343119,95
343128,95
343138,95
343149,95
343159,95
343168,95
343179,95
343188,95
343199,95
343208,95
343218,95
343229,97
343238,97
343248,97
343258,97
343268,97
343279,97
343288,97
343298,97
343308,97
343319,97
343328,97
343339,97
343348,97
343359,97
343368,97
343379,93
343389,93
343399,93
343408,93
343420,95
343428,95
343439,95
343448,95
343458,95
343469,95
343478,95
343488,95
343498,95
343509,95
343519,95
343529,95
343539,95
343548,95
343559,95
343568,93
343579,93
343589,93
343599,93
343608,95
343619,95
343628,95
343639,95
343648,95
343659,95
343668,95
343678,95
343688,95
343698,95
343709,97
343718,97
343728,97
343738,97
343748,97
343758,95
343769,95
343779,95
343788,95
343799,95
343808,95
343819,95
343828,95
343839,95
343849,95
343858,95
343868,95
343878,95
343888,95
343899,95
343908,95
343918,95
343929,95
343939,95
343950,93
343959,93
343968,93
343978,93
343988,93
343999,97
344010,97
344018,97
344028,97
344038,97
344048,95
344058,95
344068,95
344078,95
344089,97
344099,97
344109,97
344119,97
344129,97
344139,93
344149,93
344158,93
344169,93
344179,93
344188,93
344199,93
344208,93
344218,93
344229,93
344238,93
344248,93
344258,93
344268,93
344279,93
344288,93
344299,93
344308,93
344319,93
344328,93
344338,93
344348,93
344358,93
344368,93
344379,95
344389,95
344399,95
344408,95
344419,95
344428,95
344438,95
344448,95
344458,95
344469,97
344478,97
344488,97
344498,97
344508,97
344518,95
344528,95
344538,95
344548,95
344559,95
344568,93
344579,93
344588,93
344599,93
344609,91
344618,91
344628,91
344639,91
344648,91
344660,91
344668,91
344678,91
344688,91
344698,91
344709,93
344718,93
344728,93
344738,93
344749,93
344759,95
344769,95
344778,95
344788,95
344799,95
344808,97
344818,97
344828,97
344839,97
344849,97
344858,97
344868,97
344878,97
344888,97
344899,95
344908,95
344918,95
344928,95
344938,95
344948,95
344958,95
344968,95
344978,95
344989,95
344999,95
345009,95
345018,95
345028,95
345039,95
345048,95
345058,95
345068,95
345078,95
345089,95
345098,95
345108,95
345119,95
345128,95
345139,93
345148,93
345159,93
345168,93
345178,93
345188,95
345200,95
345208,95
345218,95
345228,95
345239,95
345250,95
345258,95
345268,95
345280,97
345288,97
345300,97
345309,97
345319,97
345329,101
345339,101
345349,101
345359,101
345368,101
345379,97
345388,97
345399,97
345408,97
345418,97
345428,93
345439,93
345448,93
345458,93
345468,93
345478,93
345488,93
345498,93
345508,93
345520,91
345528,91
345538,91
345548,91
345559,91
345569,91
345578,91
345588,91
345599,91
345608,91
345618,89
345629,89
345639,89
345648,89
345660,93
345668,93
345678,93
345688,93
345699,93
345709,95
345718,95
345728,95
345738,95
345748,95
345759,97
345769,97
345778,97
345788,97
345798,97
345808,95
345819,95
345828,95
345838,95
345848,95
345858,95
345868,95
345878,95
345888,95
345899,93
345908,93
345919,93
345928,93
345939,93
345949,95
345959,95
345969,95
345978,95
345988,95
345998,99
346008,99
346018,99
346028,99
346039,99
346049,97
346059,97
346068,97
346078,97
346088,97
346098,99
346109,99
346118,99
346128,99
346139,97
346148,97
346158,97
346168,97
346179,97
346189,97
346199,97
346208,97
346218,97
346228,97
346238,95
346248,95
346258,95
346268,95
346278,95
346288,93
346299,93
346308,93
346319,93
346329,93
346338,93
346348,93
346358,93
346368,93
346380,91
346388,91
346398,91
346408,91
346418,91
346428,93
346440,93
346448,93
346458,93
346468,93
346478,93
346490,93
346499,93
346510,93
346519,95
346529,95
346539,95
346549,95
346558,95
346570,93
346579,93
346588,93
346599,93
346608,93
346619,97
346628,97
346639,97
346648,97
346658,97
346668,95
346679,95
346688,95
346698,95
346709,95
346719,97
346728,97
346738,97
346748,97
346760,93
346769,93
346778,93
346788,93
346799,93
346809,93
346818,93
346828,93
346839,93
346848,93
346858,91
346870,91
346878,91
346888,91
346899,93
346908,93
346919,93
346928,93
346938,93
346949,93
346959,93
346968,93
346978,93
346988,93
346999,97
347009,97
347018,97
347028,97
347039,97
347049,99
347058,99
347068,99
347078,99
347088,99
347098,97
347109,97
347118,97
347128,97
347138,97
347149,97
347159,97
347169,97
347178,97
347190,95
347198,95
347208,95
347218,95
347228,95
347239,95
347248,95
347258,95
347268,95
347278,95
347289,93
347298,93
347308,93
347319,93
347328,93
347338,95
347349,95
347359,95
347368,95
347379,95
347388,93
347399,93
347408,93
347418,93
347429,95
347439,95
347448,95
347459,95
347468,95
347479,93
347488,93
347498,93
347508,93
347519,93
347528,95
347539,95
347548,95
347558,95
347568,95
347578,93
347590,93
347598,93
347608,93
347620,95
347628,95
347638,95
347648,95
347658,95
347669,93
347678,93
347688,93
347698,93
347709,93
347718,95
347729,95
347739,95
347749,95
347759,95
347769,93
347779,93
347788,93
347798,93
347808,97
347819,97
347828,97
347839,97
347848,97
347859,93
347868,93
347878,93
347888,93
347898,93
347909,97
347919,97
347928,97
347938,97
347948,97
347959,93
347969,93
347978,93
347988,93
347999,93
348008,95
348018,95
348028,95
348038,95
348049,93
348058,93
348068,93
348078,93
348088,93
348099,95
348108,95
348119,95
348129,95
348138,95
348148,93
348159,93
348169,93
348178,93
348188,93
348199,97
348209,97
348218,97
348228,97
348240,93
348248,93
348258,93
348268,93
348278,93
348289,95
348298,95
348308,95
348319,95
348328,95
348338,93
348349,93
348358,93
348368,93
348379,93
348389,95
348398,95
348409,95
348418,95
348429,93
348439,93
348448,93
348458,93
348468,93
348479,95
348489,95
348499,95
348508,95
348519,95
348528,93
348539,93
348548,93
348559,93
348569,93
348578,97
348589,97
348599,97
348608,97
348619,95
348628,95
348638,95
348648,95
348658,95
348669,95
348678,95
348688,95
348698,95
348708,95
348719,93
348728,93
348738,93
348748,93
348759,93
348768,95
348779,95
348788,95
348799,95
348810,95
348818,93
348828,93
348839,93
348850,93
348859,97
348868,97
348878,97
348888,97
348898,97
348909,101
348919,101
348929,101
348939,101
348949,101
348959,97
348969,97
348979,97
348989,97
348999,97
349008,97
349019,97
349028,97
349039,97
349048,97
349058,95
349068,95
349078,95
349088,95
349099,93
349108,93
349118,93
349129,93
349138,93
349149,93
349158,93
349168,93
349179,93
349188,93
349199,93
349208,93
349218,93
349228,93
349239,93
349248,93
349259,93
349268,93
349278,93
349289,93
349298,93
349308,93
349319,93
349328,93
349339,95
349348,95
349359,95
349368,95
349378,95
349389,95
349398,95
349408,95
349418,95
349429,95
349439,95
349449,95
349458,95
349468,95
349479,93
349488,93
349498,93
349508,93
349519,93
349529,93
349538,93
349549,93
349559,93
349569,93
349578,93
349588,93
349599,93
349608,93
349618,93
349628,95
349639,95
349648,95
349658,95
349670,95
349678,95
349688,95
349698,95
349708,95
349720,97
349728,97
349738,97
349748,97
349758,97
349770,97
349778,97
349788,97
349799,97
349808,97
349818,97
349829,97
349839,97
349848,97
349858,97
349868,93
349879,93
349888,93
349898,93
349909,91
349919,91
349928,91
349938,91
349948,91
349959,89
349968,89
349978,89
349988,89
349999,89
350008,89
350019,89
350028,89
350039,89
350050,91
350058,91
350068,91
350078,91
350088,91
350100,93
350108,93
350119,93
350129,93
350140,93
350149,93
350160,93
350169,93
350178,93
350188,93
350199,95
350209,95
350218,95
350228,95
350239,95
350248,95
350258,95
350268,95
350278,95
350289,97
350298,97
350308,97
350318,97
350328,97
350339,97
350348,97
350359,97
350368,97
350378,97
350388,97
350399,97
350408,97
350418,97
350428,97
350439,95
350449,95
350458,95
350469,95
350480,93
350488,93
350498,93
350508,93
350519,93
350529,93
350538,93
350548,93
350558,93
350569,93
350578,93
350589,93
350598,93
350608,93
350618,93
350628,93
350639,93
350648,93
350658,93
350669,95
350678,95
350688,95
350698,95
350708,95
350719,95
350728,95
350738,95
350748,95
350759,95
350768,97
350779,97
350788,97
350799,97
350809,97
350819,95
350829,95
350839,95
350848,95
350859,95
350868,95
350878,95
350888,95
350898,95
350910,95
350919,95
350928,95
350938,95
350948,95
350958,95
350969,95
350978,95
350988,95
350999,95
351009,93
351019,93
351028,93
351039,93
351049,95
351058,95
351068,95
351078,95
351088,95
351099,93
351108,93
351119,93
351128,93
351138,93
351149,95
351158,95
351168,95
351179,95
351188,95
351199,93
351209,93
351218,93
351228,93
351240,95
351249,95
351258,95
351268,95
351278,95
351290,93
351298,93
351308,93
351319,93
351328,93
351339,95
351350,95
351358,95
351369,95
351379,95
351389,93
351399,93
351409,93
351419,93
351430,95
351439,95
351448,95
351458,95
351468,95
351479,95
351488,95
351498,95
351508,95
351518,95
351529,95
351538,95
351548,95
351559,95
351569,95
351578,93
351589,93
351599,93
351608,93
351619,93
351628,93
351639,93
351648,93
351658,93
351670,93
351678,93
351688,93
351698,93
351708,93
351719,93
351728,93
351738,93
351748,93
351759,93
351768,93
351779,93
351788,93
351799,93
351809,95
351818,95
351828,95
351839,95
351848,95
351860,93
351868,93
351878,93
351888,93
351898,93
351909,95
351919,95
351928,95
351938,95
351948,95
351958,95
351969,95
351979,95
351990,95
351999,95
352009,97
352019,97
352028,97
352038,97
352049,95
352058,95
352068,95
352078,95
352088,95
352099,95
352108,95
352118,95
352128,95
352138,95
352149,93
352159,93
352168,93
352178,93
352188,93
352198,97
352209,97
352218,97
352228,97
352239,97
352248,99
352259,99
352268,99
352278,99
352289,97
352298,97
352308,97
352319,97
352328,97
352339,95
352348,95
352359,95
352369,95
352379,95
352388,95
352398,95
352408,95
352418,95
352428,95
352439,93
352450,93
352458,93
352468,93
352480,93
352488,93
352498,93
352508,93
352519,93
352529,93
352538,93
352549,93
352559,93
352569,93
352579,95
352589,95
352599,95
352609,95
352618,95
352628,95
352639,95
352648,95
352659,95
352668,95
352679,97
352688,97
352698,97
352708,97
352719,95
352728,95
352738,95
352748,95
352759,95
352769,97
352779,97
352788,97
352798,97
352808,97
352818,95
352830,95
352838,95
352848,95
352858,95
352868,93
352878,93
352888,93
352898,93
352910,93
352919,93
352928,93
352938,93
352948,93
352959,95
352968,95
352978,95
352988,95
352999,95
353008,93
353018,93
353028,93
353038,93
353048,93
353058,95
353069,95
353078,95
353088,95
353100,93
353108,93
353118,93
353128,93
353138,93
353150,95
353159,95
353168,95
353178,95
353189,95
353199,93
353209,93
353218,93
353229,93
353239,93
353249,95
353259,95
353268,95
353278,95
353288,95
353298,95
353309,95
353319,95
353328,95
353339,97
353348,97
353359,97
353369,97
353378,97
353389,99
353399,99
353408,99
353418,99
353428,99
353438,97
353448,97
353458,97
353468,97
353479,97
353488,93
353500,93
353508,93
353519,93
353529,93
353538,95
353548,95
353559,95
353568,95
353579,93
353588,93
353599,93
353608,93
353618,93
353630,95
353639,95
353648,95
353658,95
353668,95
353678,93
353690,93
353698,93
353708,93
353719,93
353728,97
353739,97
353748,97
353759,97
353770,97
353779,97
353789,97
353799,97
353809,97
353819,97
353829,97
353839,97
353849,97
353858,97
353869,93
353878,93
353889,93
353898,93
353908,93
353919,93
353929,93
353938,93
353948,93
353959,91
353968,91
353979,91
353988,91
353999,91
354009,87
354018,87
354028,87
354038,87
354048,87
354058,89
354069,89
354078,89
354088,89
354099,93
354108,93
354119,93
354128,93
354138,93
354149,93
354159,93
354168,93
354178,93
354188,93
354198,97
354208,97
354218,97
354228,97
354238,97
354248,93
354259,93
354268,93
354278,93
354288,93
354298,97
354308,97
354319,97
354328,97
354339,93
354348,93
354359,93
354368,93
354378,93
354390,97
354399,97
354408,97
354419,97
354429,97
354439,93
354449,93
354458,93
354469,93
354479,93
354489,95
354500,95
354508,95
354519,95
354529,93
354538,93
354548,93
354559,93
354568,93
354579,95
354588,95
354598,95
354608,95
354618,95
354629,93
354639,93
354648,93
354658,93
354668,93
354678,95
354689,95
354698,95
354708,95
354719,93
354728,93
354738,93
354748,93
354759,93
354769,95
354778,95
354788,95
354799,95
354808,95
354818,91
354830,91
354839,91
354848,91
354858,91
354868,93
354880,93
354888,93
354898,93
354910,93
354919,93
354928,93
354938,93
354948,93
354960,97
354969,97
354980,97
354989,97
354999,97
355009,93
355018,93
355028,93
355039,93
355048,93
355058,93
355069,93
355078,93
355088,93
355100,91
355108,91
355119,91
355128,91
355138,91
355149,95
355159,95
355169,95
355178,95
355188,95
355199,93
355208,93
355218,93
355228,93
355239,93
355248,95
355259,95
355268,95
355278,95
355290,93
355298,93
355308,93
355319,93
355328,93
355339,97
355348,97
355359,97
355369,97
355379,97
355389,95
355399,95
355408,95
355418,95
355428,95
355438,97
355449,97
355458,97
355468,97
355478,97
355489,93
355499,93
355509,93
355519,93
355530,95
355538,95
355548,95
355559,95
355568,95
355579,93
355588,93
355599,93
355608,93
355619,93
355629,95
355639,95
355649,95
355659,95
355668,95
355679,93
355688,93
355698,93
355708,93
355720,95
355728,95
355738,95
355748,95
355758,95
355769,93
355778,93
355788,93
355799,93
355808,93
355818,95
355829,95
355838,95
355849,95
355858,95
355868,93
355879,93
355888,93
355898,93
355910,97
355919,97
355928,97
355938,97
355948,97
355960,93
355968,93
355978,93
355988,93
355999,93
356008,95
356018,95
356028,95
356038,95
356048,95
356058,93
356070,93
356078,93
356088,93
356100,95
356108,95
356119,95
356128,95
356138,95
356149,93
356158,93
356169,93
356179,93
356190,93
356199,95
356209,95
356219,95
356229,95
356238,95
356249,93
356259,93
356269,93
356279,93
356288,93
356298,95
356309,95
356318,95
356328,95
356339,95
356348,95
356359,95
356368,95
356379,95
356389,95
356399,95
356408,95
356418,95
356428,95
356438,95
356449,95
356458,95
356468,95
356478,95
356488,93
356499,93
356508,93
356519,93
356529,93
356538,93
356548,93
356559,93
356568,93
356579,91
356588,91
356599,91
356608,91
356618,91
356628,87
356639,87
356648,87
356658,87
356670,91
356678,91
356688,91
356698,91
356708,91
356719,93
356728,93
356738,93
356748,93
356759,93
356769,101
356778,101
356788,101
356799,101
356808,101
356818,105
356829,105
356839,105
356849,105
356859,105
356869,105
356879,105
356888,105
356898,105
356908,105
356919,99
356928,99
356938,99
356948,99
356960,97
356968,97
356978,97
356988,97
356998,97
357009,95
357018,95
357028,95
357039,95
357048,95
357058,93
357068,93
357079,93
357089,93
357098,93
357108,97
357119,97
357128,97
357138,97
357148,97
357159,105
357169,105
357178,105
357188,105
357199,101
357208,101
357218,101
357228,101
357239,101
357249,99
357258,99
357268,99
357278,99
357288,99
357300,97
357308,97
357319,97
357328,97
357338,97
357348,95
357360,95
357368,95
357378,95
357388,95
357399,95
357409,95
357420,95
357429,95
357440,95
357448,95
357458,95
357469,95
357479,95
357489,97
357499,97
357508,97
357518,97
357528,97
357539,101
357548,101
357558,101
357568,101
357578,101
357588,99
357599,99
357608,99
357618,99
357628,99
357639,101
357649,101
357658,101
357668,101
357679,99
357688,99
357698,99
357708,99
357719,99
357729,99
357738,99
357748,99
357758,99
357768,99
357779,99
357788,99
357798,99
357808,99
357818,99
357828,95
357839,95
357848,95
357858,95
357868,95
357878,97
357889,97
357898,97
357909,97
357919,95
357928,95
357938,95
357948,95
357958,95
357970,97
357979,97
357988,97
357998,97
358008,97
358019,97
358028,97
358039,97
358048,97
358058,97
358069,99
358079,99
358089,99
358098,99
358108,99
358118,103
358129,103
358138,103
358148,103
358159,99
358168,99
358178,99
358188,99
358198,99
358209,97
358218,97
358228,97
358238,97
358248,97
358258,97
358270,97
358278,97
358288,97
358299,97
358309,93
358319,93
358328,93
358338,93
358350,95
358359,95
358368,95
358379,95
358388,95
358399,95
358408,95
358418,95
358428,95
358439,95
358448,97
358459,97
358468,97
358478,97
358488,97
358498,97
358510,97
358518,97
358528,97
358540,99
358548,99
358558,99
358568,99
358578,99
358590,97
358599,97
358608,97
358619,97
358629,97
358639,99
358649,99
358658,99
358668,99
358678,99
358689,97
358699,97
358709,97
358718,97
358729,97
358738,97
358748,97
358758,97
358768,97
358779,95
358788,95
358799,95
358809,95
358818,95
358829,97
358838,97
358848,97
358858,97
358868,97
358878,97
358888,97
358898,97
358909,97
358918,97
358928,99
358939,99
358948,99
358958,99
358969,97
358978,97
358988,97
358998,97
359008,97
359019,99
359028,99
359039,99
359048,99
359058,99
359068,95
359079,95
359088,95
359098,95
359109,95
359119,89
359128,89
359138,89
359148,89
359160,93
359168,93
359179,93
359188,93
359199,93
359208,93
359220,93
359228,93
359239,93
359248,93
359259,95
359269,95
359279,95
359288,95
359299,99
359309,99
359319,99
359328,99
359338,99
359349,99
359359,99
359368,99
359378,99
359388,99
359398,99
359408,99
359418,99
359428,99
359439,99
359448,97
359459,97
359468,97
359478,97
359489,93
359498,93
359509,93
359519,93
359528,93
359540,93
359548,93
359559,93
359568,93
359578,93
359588,89
359599,89
359608,89
359618,89
359629,89
359639,93
359648,93
359658,93
359668,93
359679,97
359688,97
359698,97
359708,97
359719,97
359729,95
359738,95
359748,95
359759,95
359768,95
359778,97
359790,97
359799,97
359808,97
359820,97
359829,97
359839,97
359849,97
359859,97
359869,97
359879,97
359888,97
359898,97
359908,97
359919,95
359928,95
359938,95
359948,95
359959,95
359968,93
359979,93
359988,93
359999,93
360009,95
360018,95
360028,95
360039,95
360048,95
360059,97
360068,97
360078,97
360088,97
360098,97
360108,97
360118,97
360128,97
360138,97
360148,97
360159,97
360169,97
360178,97
360188,97
360199,97
360208,97
360218,97
360228,97
360239,97
360250,99
360258,99
360268,99
360278,99
360288,99
360299,97
360308,97
360318,97
360328,97
360338,97
360348,99
360359,99
360368,99
360379,99
360389,97
360399,97
360408,97
360418,97
360428,97
360439,97
360448,97
360459,97
360469,97
360478,97
360489,95
360499,95
360508,95
360519,95
360528,95
360538,97
360549,97
360558,97
360568,97
360578,97
360588,99
360599,99
360608,99
360618,99
360629,99
360638,99
360648,99
360658,99
360668,99
360679,97
360688,97
360698,97
360708,97
360718,97
360728,95
360739,95
360748,95
360758,95
360769,95
360779,93
360788,93
360799,93
360808,93
360819,89
360828,89
360838,89
360848,89
360858,89
360868,93
360879,93
360888,93
360898,93
360908,93
360918,95
360930,95
360938,95
360948,95
360960,97
360968,97
360978,97
360988,97
360999,97
361010,99
361018,99
361030,99
361039,99
361049,99
361059,97
361069,97
361078,97
361089,97
361099,97
361109,97
361119,97
361128,97
361138,97
361148,97
361158,97
361168,97
361179,97
361188,97
361200,97
361208,97
361218,97
361228,97
361238,97
361249,95
361258,95
361269,95
361278,95
361288,95
361298,97
361309,97
361319,97
361328,97
361338,97
361348,97
361359,97
361368,97
361379,97
361390,99
361398,99
361408,99
361418,99
361428,99
361439,95
361448,95
361458,95
361468,95
361478,95
361488,95
361499,95
361508,95
361519,95
361528,95
361538,93
361548,93
361559,93
361568,93
361580,91
361588,91
361599,91
361609,91
361618,91
361628,93
361639,93
361648,93
361658,93
361669,93
361679,95
361689,95
361698,95
361709,95
361719,95
361729,95
361738,95
361748,95
361759,95
361769,97
361778,97
361788,97
361798,97
361808,97
361819,97
361828,97
361838,97
361848,97
361858,97
361868,97
361879,97
361889,97
361898,97
361910,97
361919,97
361928,97
361938,97
361948,97
361960,97
361968,97
361979,97
361988,97
361998,97
362010,97
362018,97
362028,97
362038,97
362048,97
362058,97
362069,97
362078,97
362088,97
362098,97
362108,97
362119,97
362128,97
362138,97
362150,99
362159,99
362168,99
362178,99
362188,99
362200,97
362208,97
362218,97
362228,97
362239,97
362249,97
362260,97
362268,97
362279,97
362288,97
362298,95
362309,95
362319,95
362329,95
362339,95
362348,95
362358,95
362368,95
362379,95
362389,93
362399,93
362408,93
362418,93
362428,93
362439,95
362448,95
362458,95
362468,95
362478,95
362488,95
362499,95
362508,95
362518,95
362528,95
362538,97
362548,97
362558,97
362568,97
362579,95
362588,95
362599,95
362608,95
362618,95
362629,97
362639,97
362648,97
362658,97
362668,97
362679,93
362689,93
362698,93
362708,93
362719,91
362728,91
362738,91
362748,91
362758,91
362770,93
362779,93
362788,93
362798,93
362808,93
362818,97
362828,97
362838,97
362848,97
362858,97
362868,99
362878,99
362888,99
362899,99
362908,99
362919,99
362929,99
362938,99
362948,99
362960,101
362969,101
362978,101
362988,101
362998,101
363010,101
363018,101
363029,101
363039,101
363048,101
363059,103
363068,103
363078,103
363088,103
363098,103
363108,99
363119,99
363128,99
363138,99
363148,99
363159,95
363169,95
363178,95
363188,95
363200,95
363208,95
363218,95
363228,95
363238,95
363249,93
363258,93
363268,93
363278,93
363288,93
363298,93
363310,93
363318,93
363328,93
363340,93
363348,93
363359,93
363369,93
363378,93
363390,97
363399,97
363408,97
363418,97
363428,97
363440,97
363449,97
363459,97
363470,97
363479,97
363489,97
363499,97
363509,97
363519,97
363528,97
363538,95
363549,95
363558,95
363569,95
363579,97
363588,97
363599,97
363608,97
363618,97
363629,95
363639,95
363648,95
363658,95
363668,95
363678,97
363689,97
363698,97
363708,97
363719,97
363728,95
363739,95
363749,95
363759,95
363769,97
363779,97
363788,97
363799,97
363808,97
363819,93
363828,93
363839,93
363848,93
363858,93
363868,93
363879,93
363888,93
363898,93
363909,93
363919,93
363928,93
363938,93
363948,93
363959,97
363969,97
363978,97
363988,97
363998,97
364009,101
364018,101
364028,101
364038,101
364048,101
364058,99
364069,99
364078,99
364088,99
364099,99
364109,97
364119,97
364128,97
364138,97
364150,97
364159,97
364168,97
364178,97
364188,97
364199,95
364208,95
364218,95
364228,95
364239,95
364248,97
364259,97
364268,97
364278,97
364288,97
364298,97
364309,97
364318,97
364328,97
364339,97
364348,97
364359,97
364368,97
364378,97
364389,95
364399,95
364408,95
364418,95
364428,95
364438,97
364448,97
364458,97
364468,97
364478,97
364488,95
364499,95
364508,95
364518,95
364529,93
364538,93
364548,93
364559,93
364568,93
364580,93
364588,93
364599,93
364608,93
364618,93
364628,95
364640,95
364648,95
364660,95
364669,95
364679,95
364688,95
364699,95
364709,95
364720,97
364729,97
364739,97
364748,97
364759,97
364769,97
364778,97
364788,97
364798,97
364808,97
364818,97
364830,97
364839,97
364848,97
364858,97
364868,95
364879,95
364888,95
364898,95
364910,95
364919,95
364928,95
364938,95
364948,95
364959,95
364968,95
364978,95
364988,95
364999,95
365008,97
365020,97
365028,97
365039,97
365048,97
365058,95
365069,95
365078,95
365088,95
365099,97
365108,97
365119,97
365128,97
365138,97
365151,99
365159,99
365169,99
365178,99
365188,99
365199,99
365208,99
365218,99
365228,99
365238,99
365248,95
365259,95
365268,95
365278,95
365288,95
365298,97
365309,97
365319,97
365329,97
365339,95
365348,95
365358,95
365369,95
365378,95
365389,97
365398,97
365408,97
365418,97
365428,97
365438,97
365448,97
365458,97
365468,97
365478,97
365488,99
365499,99
365508,99
365519,99
365528,99
365538,101
365549,101
365558,101
365569,101
365579,99
365588,99
365599,99
365609,99
365618,99
365630,95
365639,95
365648,95
365658,95
365668,95
365678,95
365689,95
365698,95
365708,95
365719,95
365728,93
365740,93
365748,93
365758,93
365770,95
365778,95
365788,95
365799,95
365808,95
365820,95
365828,95
365839,95
365848,95
365858,95
365870,97
365880,97
365890,97
365898,97
365909,97
365919,97
365928,97
365939,97
365949,97
365958,99
365969,99
365978,99
365988,99
365999,99
366009,95
366018,95
366028,95
366039,95
366048,95
366058,93
366070,93
366078,93
366088,93
366098,93
366108,93
366119,93
366128,93
366138,93
366149,95
366159,95
366168,95
366178,95
366188,95
366200,93
366209,93
366218,93
366228,93
366239,93
366248,97
366260,97
366268,97
366278,97
366288,97
366298,95
366309,95
366319,95
366328,95
366339,97
366348,97
366358,97
366368,97
366378,97
366389,95
366399,95
366408,95
366418,95
366428,95
366439,95
366449,95
366458,95
366468,95
366478,95
366488,95
366498,95
366508,95
366519,95
366529,95
366538,95
366549,95
366559,95
366569,95
366579,95
366588,95
366598,95
366608,95
366618,95
366628,95
366639,95
366648,95
366658,95
366668,95
366678,97
366688,97
366698,97
366708,97
366720,97
366728,97
366738,97
366748,97
366759,97
366769,97
366778,97
366788,97
366798,97
366808,97
366818,95
366829,95
366839,95
366848,95
366858,95
366868,97
366879,97
366888,97
366898,97
366909,95
366918,95
366928,95
366938,95
366948,95
366960,97
366968,97
366978,97
366988,97
366999,97
367008,95
367018,95
367028,95
367039,95
367048,95
367058,97
367069,97
367078,97
367088,97
367100,97
367109,99
367119,99
367128,99
367139,99
367149,99
367159,99
367168,99
367179,99
367188,99
367199,97
367208,97
367218,97
367228,97
367239,97
367248,97
367259,97
367268,97
367279,97
367289,97
367298,95
367309,95
367319,95
367328,95
367340,97
367348,97
367359,97
367368,97
367379,97
367389,95
367399,95
367408,95
367418,95
367428,95
367438,97
367448,97
367458,97
367468,97
367478,97
367488,95
367498,95
367508,95
367519,95
367529,95
367538,95
367548,95
367559,95
367568,95
367579,95
367588,95
367598,95
367608,95
367618,95
367629,95
367639,95
367648,95
367658,95
367668,95
367678,97
367689,97
367698,97
367708,97
367720,95
367728,95
367739,95
367748,95
367759,95
367769,93
367779,93
367788,93
367799,93
367808,93
367818,93
367830,93
367838,93
367848,93
367858,93
367868,97
367879,97
367888,97
367898,97
367910,97
367919,97
367928,97
367938,97
367948,97
367959,97
367969,97
367978,97
367989,97
367999,97
368008,97
368020,97
368028,97
368038,97
368048,97
368058,95
368069,95
368078,95
368088,95
368099,95
368108,95
368119,95
368128,95
368138,95
368151,93
368159,93
368168,93
368179,93
368188,93
368199,97
368208,97
368218,97
368228,97
368239,97
368248,97
368260,97
368268,97
368278,97
368290,99
368299,99
368310,99
368319,99
368329,99
368339,95
368349,95
368359,95
368369,95
368378,95
368389,97
368399,97
368408,97
368418,97
368428,97
368439,95
368449,95
368458,95
368468,95
368479,93
368488,93
368498,93
368508,93
368519,93
368528,91
368538,91
368548,91
368558,91
368568,91
368579,93
368588,93
368599,93
368608,93
368618,93
368628,97
368639,97
368648,97
368658,97
368669,97
368678,101
368688,101
368698,101
368708,101
368720,101
368728,101
368738,101
368748,101
368759,101
368769,99
368778,99
368788,99
368798,99
368808,99
368818,97
368830,97
368839,97
368848,97
368858,97
368868,95
368879,95
368888,95
368898,95
368910,93
368919,93
368928,93
368939,93
368949,93
368959,93
368969,93
368978,93
368988,93
368998,93
369008,93
369019,93
369028,93
369039,93
369049,93
369058,93
369069,93
369078,93
369088,93
369100,97
369108,97
369119,97
369128,97
369138,97
369149,99
369159,99
369168,99
369178,99
369188,99
369198,99
369208,99
369218,99
369228,99
369239,99
369248,97
369260,97
369268,97
369278,97
369288,97
369298,97
369308,97
369319,97
369328,97
369339,95
369348,95
369359,95
369368,95
369378,95
369390,97
369399,97
369410,97
369418,97
369428,97
369439,93
369448,93
369458,93
369468,93
369478,93
369488,97
369500,97
369509,97
369519,97
369530,95
369539,95
369549,95
369559,95
369569,95
369580,97
369588,97
369598,97
369608,97
369619,97
369628,95
369639,95
369648,95
369658,95
369668,95
369678,97
369689,97
369698,97
369708,97
369720,93
369728,93
369738,93
369748,93
369759,93
369770,95
369778,95
369788,95
369798,95
369808,95
369818,95
369829,95
369839,95
369848,95
369858,95
369868,97
369879,97
369888,97
369898,97
369909,95
369919,95
369928,95
369938,95
369948,95
369960,97
369968,97
369979,97
369988,97
369999,97
370008,95
370018,95
370028,95
370038,95
370048,95
370058,97
370069,97
370078,97
370088,97
370099,97
370108,99
370118,99
370128,99
370138,99
370150,99
370159,99
370168,99
370179,99
370189,99
370200,101
370209,101
370218,101
370228,101
370239,101
370249,99
370258,99
370268,99
370278,99
370288,99
370298,97
370310,97
370318,97
370328,97
370338,97
370348,97
370358,97
370368,97
370378,97
370390,93
370399,93
370408,93
370418,93
370428,93
370440,95
370448,95
370459,95
370468,95
370478,95
370488,95
370498,95
370508,95
370518,95
370528,95
370538,97
370550,97
370558,97
370568,97
370579,95
370588,95
370598,95
370608,95
370618,95
370630,97
370639,97
370648,97
370658,97
370668,97
370680,95
370688,95
370698,95
370708,95
370719,95
370729,95
370740,95
370749,95
370759,95
370770,93
370779,93
370789,93
370799,93
370809,93
370820,89
370828,89
370838,89
370848,89
370858,89
370868,93
370879,93
370888,93
370898,93
370908,93
370919,97
370928,97
370938,97
370948,97
370960,95
370968,95
370979,95
370988,95
370999,95
371008,97
371018,97
371028,97
371039,97
371048,97
371059,97
371068,97
371078,97
371088,97
371098,97
371108,99
371119,99
371128,99
371138,99
371148,99
371159,97
371169,97
371178,97
371188,97
371199,97
371208,97
371218,97
371228,97
371239,97
371249,97
371258,97
371268,97
371278,97
371288,97
371298,97
371308,97
371319,97
371328,97
371338,97
371348,95
371358,95
371368,95
371378,95
371389,93
371399,93
371408,93
371418,93
371428,93
371440,95
371448,95
371458,95
371468,95
371478,95
371489,97
371498,97
371508,97
371519,97
371528,97
371538,97
371550,97
371559,97
371568,97
371578,97
371588,99
371598,99
371608,99
371618,99
371629,99
371639,99
371648,99
371658,99
371668,99
371679,97
371688,97
371698,97
371708,97
371718,97
371729,97
371738,97
371748,97
371758,97
371768,97
371778,95
371790,95
371799,95
371808,95
371818,95
371828,97
371840,97
371848,97
371860,97
371870,97
371878,97
371888,97
371898,97
371908,97
371920,97
371928,97
371940,97
371949,97
371959,97
371969,93
371980,93
371988,93
371999,93
372008,93
372018,95
372029,95
372039,95
372048,95
372059,93
372068,93
372078,93
372088,93
372098,93
372109,97
372119,97
372128,97
372138,97
372148,97
372158,95
372168,95
372178,95
372188,95
372199,95
372208,99
372219,99
372228,99
372239,99
372248,99
372258,99
372269,99
372278,99
372288,99
372299,97
372308,97
372319,97
372328,97
372338,97
372349,93
372358,93
372368,93
372379,93
372388,93
372399,97
372408,97
372418,97
372428,97
372438,97
372449,95
372458,95
372468,95
372478,95
372489,97
372498,97
372508,97
372519,97
372528,97
372539,95
372548,95
372559,95
372569,95
372578,95
372589,95
372599,95
372609,95
372618,95
372630,93
372639,93
372648,93
372658,93
372668,93
372680,93
372688,93
372698,93
372708,93
372719,93
372728,93
372739,93
372748,93
372758,93
372768,93
372778,93
372789,93
372799,93
372809,93
372819,97
372828,97
372839,97
372848,97
372858,97
372869,97
372878,97
372888,97
372898,97
372908,97
372919,99
372929,99
372938,99
372948,99
372958,99
372969,99
372979,99
372988,99
372998,99
373008,99
373018,99
373030,99
373039,99
373048,99
373060,97
373068,97
373078,97
373088,97
373098,97
373110,97
373119,97
373128,97
373139,97
373150,97
373159,95
373169,95
373178,95
373189,95
373198,95
373209,97
373218,97
373228,97
373239,97
373249,95
373258,95
373269,95
373279,95
373289,95
373300,95
373308,95
373319,95
373328,95
373338,95
373348,93
373359,93
373368,93
373378,93
373390,93
373399,97
373408,97
373418,97
373428,97
373439,95
373448,95
373458,95
373468,95
373478,95
373489,97
373498,97
373508,97
373519,97
373528,97
373538,97
373550,97
373558,97
373568,97
373578,97
373588,97
373598,97
373608,97
373618,97
373630,95
373639,95
373648,95
373658,95
373668,95
373679,97
373688,97
373698,97
373708,97
373719,97
373729,95
373738,95
373749,95
373759,95
373768,95
373779,97
373788,97
373799,97
373809,97
373818,97
373828,97
373838,97
373848,97
373858,97
373869,97
373878,97
373888,97
373898,97
373908,97
373919,99
373928,99
373938,99
373948,99
373958,99
373969,99
373979,99
373988,99
373999,99
374008,99
374018,97
374030,97
374039,97
374048,97
374059,95
374068,95
374078,95
374088,95
374098,95
374110,93
374119,93
374128,93
374138,93
374149,93
374159,95
374169,95
374178,95
374189,95
374198,95
374208,93
374218,93
374230,93
374239,93
374250,93
374258,93
374268,93
374278,93
374288,93
374300,93
374308,93
374319,93
374328,93
374340,93
374349,95
374360,95
374369,95
374379,95
374389,93
374399,93
374409,93
374419,93
374429,93
374440,95
374448,95
374458,95
374468,95
374479,95
374489,95
374499,95
374508,95
374519,95
374528,95
374538,99
374549,99
374558,99
374569,99
374578,99
374588,97
374599,97
374609,97
374618,97
374629,97
374639,97
374648,97
374658,97
374668,97
374679,97
374689,97
374699,97
374709,97
374719,97
374728,97
374739,97
374749,97
374758,97
374769,97
374779,95
374789,95
374799,95
374809,95
374820,97
374829,97
374838,97
374848,97
374858,97
374870,97
374878,97
374888,97
374898,97
374908,97
374919,97
374928,97
374938,97
374948,97
374959,97
374968,97
374980,97
374988,97
374998,97
375008,97
375019,97
375028,97
375039,97
375049,97
375060,95
375068,95
375078,95
375088,95
375098,95
375109,97
375118,97
375128,97
375138,97
375148,97
375158,95
375168,95
375178,95
375188,95
375199,95
375208,95
375219,95
375229,95
375239,95
375249,95
375259,95
375268,95
375278,95
375288,95
375299,97
375308,97
375319,97
375328,97
375338,97
375349,95
375359,95
375369,95
375379,95
375388,95
375399,97
375410,97
375418,97
375430,97
375439,97
375448,95
375458,95
375468,95
375478,95
375490,97
375498,97
375508,97
375519,97
375530,97
375540,93
375550,93
375559,93
375569,93
375579,93
375590,95
375598,95
375609,95
375618,95
375630,93
375639,93
375649,93
375658,93
375669,93
375679,97
375688,97
375698,97
375708,97
375719,97
375729,95
375740,95
375749,95
375759,95
375769,95
375780,97
375790,97
375799,97
375808,97
375819,95
375829,95
375839,95
375848,95
375859,95
375870,97
375878,97
375888,97
375898,97
375909,97
375918,95
375929,95
375939,95
375949,95
375959,95
375968,95
375979,95
375989,95
375999,95
376009,95
376018,95
376029,95
376039,95
376049,95
376059,95
376068,95
376078,95
376088,95
376098,95
376108,95
376119,95
376129,95
376139,95
376149,95
376159,93
376168,93
376179,93
376189,93
376200,95
376208,95
376219,95
376229,95
376239,95
376249,95
376258,95
376268,95
376278,95
376288,95
376299,99
376309,99
376318,99
376328,99
376339,99
376349,97
376359,97
376368,97
376379,97
376389,99
376398,99
376408,99
376418,99
376429,99
376440,101
376449,101
376459,101
376468,101
376478,101
376489,99
376499,99
376509,99
376519,99
376528,99
376539,99
376549,99
376559,99
376568,99
376579,99
376589,97
376599,97
376608,97
376618,97
376628,97
376638,97
376650,97
376658,97
376668,97
376680,97
376688,97
376700,97
376710,97
376718,97
376730,99
376740,99
376750,99
376758,99
376768,99
376779,101
376789,101
376800,101
376810,101
376820,101
376830,107
376839,107
376848,107
376858,107
376868,107
376878,101
376889,101
376898,101
376909,101
376919,101
376928,97
376938,97
376949,97
376959,97
376969,95
376978,95
376989,95
376998,95
377008,95
377019,93
377028,93
377039,93
377048,93
377059,93
377068,87
377078,87
377088,87
377099,87
377109,91
377119,91
377128,91
377139,91
377149,91
377159,93
377169,93
377179,93
377190,93
377199,93
377208,95
377219,95
377229,95
377239,95
377248,95
377259,99
377268,99
377278,99
377288,99
377299,95
377309,95
377319,95
377328,95
377339,95
377349,93
377359,93
377368,93
377379,93
377389,93
377399,93
377409,93
377419,93
377429,93
377439,89
377449,89
377458,89
377468,89
377479,89
377489,93
377499,93
377509,93
377519,93
377528,93
377540,97
377550,97
377558,97
377568,97
377578,97
377589,105
377599,105
377608,105
377618,105
377628,105
377639,103
377649,103
377659,103
377668,103
377679,99
377688,99
377699,99
377709,99
377719,99
377729,97
377739,97
377748,97
377759,97
377768,97
377779,93
377789,93
377799,93
377808,93
377818,93
377828,95
377839,95
377848,95
377859,95
377870,95
377878,95
377888,95
377900,95
377910,95
377920,97
377928,97
377940,97
377948,97
377958,97
377970,99
377979,99
377990,99
377998,99
378009,99
378019,99
378030,99
378038,99
378049,99
378059,99
378069,95
378079,95
378088,95
378099,95
378109,95
378119,95
378129,95
378139,95
378149,95
378159,93
378168,93
378178,93
378189,93
378199,93
378209,93
378220,93
378228,93
378239,93
378249,93
378259,91
378268,91
378278,91
378288,91
378299,95
378308,95
378319,95
378328,95
378339,95
378349,95
378359,95
378368,95
378378,95
378388,95
378399,97
378409,97
378418,97
378428,97
378439,97
378448,97
378459,97
378468,97
378478,97
378489,97
378499,97
378509,97
378518,97
378529,97
378539,95
378549,95
378559,95
378568,95
378578,95
378588,95
378599,95
378608,95
378618,95
378630,95
378639,95
378649,95
378659,95
378669,95
378679,97
378688,97
378699,97
378708,97
378718,97
378729,97
378738,97
378748,97
378759,97
378768,97
378778,97
378789,97
378799,97
378809,97
378818,97
378828,97
378839,97
378849,97
378859,97
378870,97
378878,97
378889,97
378898,97
378908,97
378919,97
378929,97
378938,97
378948,97
378959,97
378968,95
378979,95
378988,95
378999,95
379008,95
379018,95
379029,95
379038,95
379049,95
379059,95
379068,95
379078,95
379090,95
379098,95
379110,97
379119,97
379130,97
379138,97
379148,97
379160,97
379168,97
379178,97
379189,97
379200,97
379208,97
379220,97
379228,97
379239,97
379248,97
379258,95
379269,95
379278,95
379288,95
379300,97
379309,97
379318,97
379329,97
379338,97
379349,95
379359,95
379368,95
379378,95
379388,95
379399,95
379409,95
379418,95
379428,95
379439,95
379449,93
379458,93
379468,93
379478,93
379489,97
379498,97
379508,97
379519,97
379529,97
379539,95
379548,95
379558,95
379568,95
379579,95
379588,97
379599,97
379608,97
379618,97
379628,97
379638,97
379649,97
379659,97
379668,97
379680,99
379689,99
379698,99
379708,99
379719,99
379729,101
379738,101
379748,101
379758,101
379768,101
379780,99
379788,99
379798,99
379808,99
379818,99
379829,97
379838,97
379849,97
379858,97
379869,97
379878,97
379889,97
379899,97
379909,97
379920,93
379929,93
379939,93
379949,93
379958,93
379969,93
379979,93
379988,93
379998,93
380008,93
380018,93
380029,93
380038,93
380048,93
380058,93
380068,97
380079,97
380089,97
380098,97
380109,97
380119,97
380128,97
380138,97
380148,97
380159,97
380169,97
380178,97
380188,97
380198,97
380209,95
380218,95
380228,95
380238,95
380249,95
380258,97
380270,97
380278,97
380289,97
380300,95
380308,95
380319,95
380330,95
380340,95
380351,99
380358,99
380368,99
380378,99
380388,99
380399,97
380410,97
380419,97
380429,97
380439,97
380449,97
380460,97
380469,97
380478,97
380488,97
380499,95
380509,95
380518,95
380529,95
380539,97
380548,97
380558,97
380569,97
380579,97
380589,95
380598,95
380608,95
380618,95
380628,95
380638,95
380649,95
380658,95
380668,95
380678,95
380689,93
380699,93
380708,93
380719,93
380729,93
380738,93
380748,93
380759,93
380768,93
380779,93
380789,93
380799,93
380809,93
380818,93
380828,97
380839,97
380848,97
380858,97
380868,97
380879,95
380888,95
380898,95
380908,95
380919,97
380929,97
380938,97
380948,97
380959,97
380969,97
380978,97
380988,97
380999,97
381008,97
381018,97
381029,97
381039,97
381048,97
381060,97
381068,97
381078,97
381088,97
381098,97
381110,95
381119,95
381129,95
381139,95
381148,95
381159,97
381168,97
381178,97
381188,97
381199,97
381209,95
381218,95
381228,95
381239,95
381248,95
381258,97
381269,97
381279,97
381288,97
381299,93
381308,93
381319,93
381328,93
381338,93
381350,95
381359,95
381368,95
381378,95
381389,95
381399,93
381409,93
381418,93
381428,93
381439,93
381448,95
381459,95
381468,95
381479,95
381490,93
381498,93
381508,93
381519,93
381528,93
381540,97
381548,97
381560,97
381568,97
381578,97
381588,97
381600,97
381610,97
381620,97
381629,97
381639,97
381650,97
381659,97
381669,97
381679,97
381688,97
381699,97
381709,97
381718,97
381730,97
381739,97
381748,97
381758,97
381768,97
381780,99
381788,99
381798,99
381809,99
381818,99
381828,97
381839,97
381848,97
381858,97
381868,97
381879,95
381889,95
381898,95
381908,95
381919,95
381928,95
381938,95
381948,95
381959,95
381969,95
381978,95
381988,95
381999,95
382009,95
382018,93
382030,93
382039,93
382048,93
382058,93
382068,95
382079,95
382089,95
382098,95
382109,95
382119,97
382128,97
382138,97
382148,97
382159,97
382168,97
382178,97
382188,97
382199,97
382209,97
382218,97
382228,97
382238,97
382248,97
382259,97
382269,97
382279,97
382288,97
382299,97
382309,95
382318,95
382328,95
382338,95
382349,95
382359,95
382368,95
382379,95
382388,95
382399,93
382409,93
382418,93
382428,93
382439,93
382449,95
382459,95
382469,95
382478,95
382488,95
382498,95
382508,95
382519,95
382528,95
382539,95
382548,95
382559,95
382568,95
382578,95
382589,93
382599,93
382608,93
382618,93
382628,93
382638,93
382649,93
382658,93
382668,93
382679,93
382688,93
382698,93
382708,93
382719,93
382730,97
382738,97
382748,97
382759,97
382768,97
382780,97
382788,97
382799,97
382808,97
382820,97
382830,97
382839,97
382850,97
382859,97
382869,97
382878,95
382889,95
382899,95
382909,95
382919,97
382929,97
382938,97
382949,97
382958,97
382969,97
382978,97
382988,97
382999,97
383009,97
383019,99
383028,99
383038,99
383048,99
383058,99
383068,103
383079,103
383088,103
383098,103
383108,103
383119,99
383129,99
383138,99
383149,99
383158,97
383168,97
383178,97
383188,97
383199,97
383210,97
383218,97
383228,97
383238,97
383248,97
383258,93
383268,93
383278,93
383288,93
383298,93
383308,93
383319,93
383328,93
383338,93
383350,93
383359,93
383368,93
383378,93
383388,93
383399,93
383408,93
383418,93
383428,93
383439,93
383448,97
383458,97
383469,97
383479,97
383488,97
383498,95
383510,95
383518,95
383528,95
383539,93
383548,93
383559,93
383568,93
383578,93
383589,93
383599,93
383608,93
383618,93
383628,93
383639,95
383649,95
383658,95
383668,95
383678,95
383688,95
383699,95
383708,95
383718,95
383729,97
383738,97
383748,97
383759,97
383768,97
383780,95
383788,95
383799,95
383808,95
383818,95
383828,97
383839,97
383848,97
383859,97
383869,97
383878,95
383889,95
383898,95
383908,95
383920,97
383928,97
383938,97
383948,97
383958,97
383970,93
383978,93
383988,93
383999,93
384008,93
384018,97
384028,97
384038,97
384049,97
384060,97
384068,99
384079,99
384088,99
384098,99
384108,99
384119,99
384129,99
384139,99
384148,99
384159,95
384168,95
384178,95
384188,95
384199,95
384209,97
384219,97
384229,97
384239,97
384248,97
384258,93
384269,93
384278,93
384288,93
384298,93
384308,95
384319,95
384328,95
384338,95
384350,93
384359,93
384368,93
384378,93
384388,93
384400,97
384408,97
384418,97
384428,97
384439,97
384449,97
384458,97
384468,97
384478,97
384488,97
384498,99
384508,99
384518,99
384528,99
384538,99
384548,99
384559,99
384568,99
384579,99
384589,99
384598,97
384608,97
384618,97
384628,97
384639,97
384648,97
384658,97
384668,97
384678,97
384688,95
384699,95
384708,95
384719,95
384729,95
384739,95
384749,95
384758,95
384769,95
384779,95
384788,95
384798,95
384808,95
384818,95
384829,97
384839,97
384848,97
384858,97
384868,97
384879,95
384888,95
384898,95
384908,95
384919,95
384929,95
384939,95
384949,95
384958,95
384968,95
384979,95
384989,95
384999,95
385009,95
385019,95
385028,95
385038,95
385048,95
385058,95
385070,93
385078,93
385088,93
385098,93
385108,93
385119,95
385130,95
385138,95
385148,95
385158,95
385169,95
385180,95
385188,95
385199,95
385210,97
385218,97
385228,97
385239,97
385248,97
385260,95
385270,95
385279,95
385290,95
385299,95
385309,95
385319,95
385329,95
385339,95
385349,95
385358,93
385369,93
385379,93
385389,93
385400,93
385409,93
385418,93
385428,93
385438,93
385449,93
385458,93
385468,93
385478,93
385488,93
385498,95
385509,95
385518,95
385528,95
385538,95
385548,99
385559,99
385568,99
385578,99
385589,99
385598,99
385608,99
385618,99
385628,99
385640,97
385648,97
385658,97
385668,97
385678,97
385689,97
385698,97
385708,97
385718,97
385728,97
385738,95
385749,95
385758,95
385768,95
385778,95
385788,95
385799,95
385808,95
385818,95
385829,93
385839,93
385848,93
385858,93
385868,93
385878,95
385888,95
385899,95
385909,95
385918,95
385928,95
385939,95
385949,95
385959,95
385969,95
385978,97
385989,97
385999,97
386008,97
386019,95
386028,95
386039,95
386048,95
386058,95
386069,97
386078,97
386088,97
386098,97
386108,97
386119,95
386129,95
386138,95
386148,95
386159,95
386168,97
386179,97
386188,97
386199,97
386210,93
386218,93
386228,93
386239,93
386248,93
386259,93
386268,93
386278,93
386288,93
386298,93
386308,93
386319,93
386328,93
386340,93
386348,93
386360,95
386368,95
386378,95
386388,95
386400,95
386408,95
386418,95
386428,95
386439,95
386449,99
386460,99
386469,99
386479,99
386489,99
386499,99
386509,99
386519,99
386529,99
386539,99
386549,99
386560,99
386568,99
386579,99
386588,99
386599,97
386608,97
386618,97
386628,97
386639,97
386648,97
386659,97
386668,97
386678,97
386689,95
386699,95
386709,95
386719,95
386728,95
386738,95
386750,95
386759,95
386768,95
386778,95
386788,95
386799,95
386808,95
386818,95
386829,95
386839,97
386848,97
386858,97
386868,97
386879,105
386888,105
386898,105
386908,105
386919,105
386929,99
386938,99
386948,99
386958,99
386969,99
386979,97
386988,97
386999,97
387008,97
387018,97
387028,91
387039,91
387049,91
387058,91
387069,91
387078,91
387088,91
387098,91
387109,91
387119,93
387129,93
387139,93
387149,93
387159,93
387169,93
387178,93
387188,93
387199,93
387208,93
387218,97
387229,97
387238,97
387248,97
387258,97
387268,107
387279,107
387288,107
387298,107
387309,101
387319,101
387328,101
387338,101
387348,101
387359,99
387368,99
387379,99
387388,99
387399,99
387408,97
387420,97
387428,97
387439,97
387448,97
387458,93
387469,93
387478,93
387488,93
387499,95
387508,95
387519,95
387528,95
387538,95
387550,93
387559,93
387568,93
387579,93
387588,93
387598,95
387610,95
387618,95
387628,95
387639,95
387648,97
387659,97
387670,97
387678,97
387689,99
387698,99
387709,99
387719,99
387729,99
387739,99
387749,99
387758,99
387769,99
387778,99
387789,99
387799,99
387809,99
387818,99
387828,99
387838,101
387848,101
387858,101
387868,101
387878,101
387888,99
387899,99
387908,99
387919,99
387928,99
387938,95
387948,95
387959,95
387969,95
387979,95
387988,95
387999,95
388008,95
388018,95
388029,95
388039,95
388048,95
388058,95
388068,95
388078,97
388089,97
388099,97
388109,97
388118,97
388128,93
388138,93
388148,93
388159,93
388170,93
388178,93
388188,93
388199,93
388208,93
388219,93
388228,93
388239,93
388248,93
388258,93
388268,93
388279,93
388288,93
388298,93
388310,93
388319,93
388328,93
388338,93
388349,93
388359,95
388369,95
388378,95
388388,95
388398,95
388408,95
388420,95
388428,95
388438,95
388448,95
388459,97
388470,97
388478,97
388488,97
388500,97
388508,97
388519,97
388528,97
388538,97
388549,97
388559,97
388568,97
388578,97
388588,97
388599,95
388609,95
388618,95
388628,95
388639,95
388648,97
388659,97
388668,97
388678,97
388690,95
388698,95
388708,95
388719,95
388728,95
388740,95
388748,95
388759,95
388768,95
388778,95
388788,97
388799,97
388809,97
388818,97
388828,97
388840,95
388850,95
388858,95
388868,95
388879,95
388888,95
388900,95
388908,95
388919,95
388929,93
388939,93
388949,93
388959,93
388969,93
388978,95
388989,95
388998,95
389008,95
389019,95
389028,95
389039,95
389048,95
389058,95
389070,95
389078,95
389088,95
389098,95
389108,95
389118,93
389128,93
389138,93
389148,93
389159,93
389168,95
389179,95
389188,95
389199,95
389210,95
389218,97
389228,97
389239,97
389248,97
389259,97
389268,97
389278,97
389288,97
389298,97
389309,97
389319,97
389328,97
389338,97
389348,97
389358,95
389369,95
389378,95
389388,95
389399,95
389409,95
389418,95
389429,95
389439,95
389450,95
389458,95
389468,95
389478,95
389488,95
389499,95
389508,95
389519,95
389529,95
389539,95
389548,95
389558,95
389568,95
389579,95
389588,95
389599,99
389608,99
389618,99
389628,99
389639,97
389648,97
389658,97
389668,97
389678,97
389689,97
389698,97
389708,97
389718,97
389728,97
389738,97
389750,97
389759,97
389769,97
389779,97
389789,95
389799,95
389808,95
389818,95
389830,95
389839,95
389848,95
389858,95
389868,95
389880,93
389888,93
389898,93
389908,93
389919,93
389928,95
389938,95
389948,95
389958,95
389969,95
389979,95
389990,95
389998,95
390008,95
390020,97
390028,97
390038,97
390048,97
390058,97
390070,93
390078,93
390090,93
390099,93
390110,93
390119,95
390129,95
390139,95
390148,95
390158,95
390169,95
390178,95
390189,95
390199,95
390210,93
390218,93
390230,93
390238,93
390249,93
390258,91
390268,91
390278,91
390289,91
390298,91
390308,93
390319,93
390328,93
390338,93
390349,97
390358,97
390368,97
390378,97
390388,97
390399,97
390408,97
390418,97
390428,97
390439,97
390449,97
390458,97
390468,97
390478,97
390488,97
390498,97
390509,97
390518,97
390529,97
390539,97
390548,97
390559,97
390568,97
390578,97
390589,95
390599,95
390608,95
390618,95
390628,95
390639,97
390648,97
390658,97
390668,97
390678,97
390689,99
390698,99
390708,99
390718,99
390728,99
390739,99
390749,99
390758,99
390768,99
390778,99
390789,97
390799,97
390809,97
390818,97
390830,97
390839,97
390848,97
390858,97
390868,97
390879,95
390889,95
390899,95
390908,95
390919,95
390928,97
390940,97
390948,97
390958,97
390968,97
390978,95
390989,95
390999,95
391008,95
391020,97
391028,97
391039,97
391048,97
391058,97
391071,95
391078,95
391088,95
391098,95
391108,95
391118,97
391128,97
391138,97
391148,97
391159,97
391168,95
391180,95
391188,95
391199,95
391210,95
391218,95
391228,95
391240,95
391250,95
391260,93
391268,93
391278,93
391288,93
391298,93
391310,97
391318,97
391329,97
391339,97
391349,97
391359,95
391369,95
391379,95
391388,95
391399,95
391408,95
391418,95
391428,95
391439,95
391449,95
391459,95
391468,95
391478,95
391488,95
391499,95
391508,95
391519,95
391528,95
391538,95
391548,95
391559,95
391569,95
391578,95
391589,93
391599,93
391608,93
391618,93
391628,93
391640,95
391648,95
391658,95
391668,95
391678,95
391689,97
391698,97
391708,97
391719,97
391728,97
391738,97
391749,97
391758,97
391768,97
391779,97
391788,95
391799,95
391808,95
391818,95
391829,97
391839,97
391848,97
391858,97
391868,97
391880,99
391888,99
391898,99
391908,99
391919,99
391929,99
391938,99
391949,99
391958,99
391968,99
391978,97
391990,97
391998,97
392009,97
392019,97
392028,99
392039,99
392048,99
392058,99
392069,97
392078,97
392088,97
392098,97
392108,97
392119,97
392128,97
392138,97
392148,97
392158,97
392168,95
392179,95
392188,95
392199,95
392208,95
392218,95
392229,95
392238,95
392248,95
392259,95
392268,95
392279,95
392288,95
392299,95
392309,95
392319,95
392328,95
392338,95
392348,95
392358,95
392368,95
392379,95
392388,95
392399,95
392408,95
392420,95
392428,95
392439,95
392448,95
392458,97
392468,97
392478,97
392488,97
392499,95
392508,95
392519,95
392529,95
392538,95
392550,95
392560,95
392569,95
392578,95
392589,95
392599,95
392609,95
392619,95
392628,95
392639,95
392649,97
392659,97
392669,97
392678,97
392689,97
392698,97
392708,97
392718,97
392728,97
392740,97
392748,97
392759,97
392768,97
392778,97
392788,95
392799,95
392808,95
392818,95
392828,95
392839,95
392849,95
392858,95
392868,95
392879,93
392888,93
392898,93
392908,93
392919,93
392929,93
392938,93
392948,93
392959,93
392968,93
392978,93
392989,93
392999,93
393009,93
393019,93
393028,97
393038,97
393048,97
393058,97
393070,95
393078,95
393088,95
393098,95
393108,95
393119,97
393128,97
393138,97
393148,97
393159,97
393169,95
393179,95
393189,95
393199,95
393209,95
393219,97
393229,97
393238,97
393248,97
393259,95
393268,95
393278,95
393288,95
393298,95
393309,95
393319,95
393328,95
393338,95
393348,95
393359,95
393369,95
393378,95
393388,95
393398,95
393408,95
393418,95
393428,95
393439,95
393449,97
393458,97
393468,97
393478,97
393488,97
393499,95
393508,95
393519,95
393528,95
393538,95
393548,97
393559,97
393568,97
393578,97
393588,97
393599,95
393608,95
393618,95
393628,95
393640,97
393648,97
393658,97
393668,97
393678,97
393690,97
393700,97
393710,97
393720,97
393728,97
393739,99
393748,99
393760,99
393769,99
393779,99
393789,99
393798,99
393808,99
393818,99
393830,99
393838,97
393848,97
393859,97
393868,97
393880,95
393888,95
393898,95
393908,95
393919,95
393929,97
393938,97
393948,97
393959,97
393968,97
393978,95
393989,95
393998,95
394008,95
394018,95
394028,97
394039,97
394048,97
394059,97
394069,99
394079,99
394088,99
394098,99
394108,99
394120,99
394128,99
394138,99
394148,99
394159,99
394168,97
394178,97
394188,97
394199,97
394208,97
394218,95
394229,95
394239,95
394248,95
394260,95
394268,93
394278,93
394288,93
394298,93
394309,93
394319,93
394328,93
394338,93
394348,93
394359,93
394369,93
394379,93
394389,93
394399,93
394409,95
394419,95
394429,95
394439,95
394449,97
394458,97
394468,97
394479,97
394488,97
394499,97
394508,97
394519,97
394528,97
394538,97
394549,99
394559,99
394568,99
394579,99
394588,99
394598,95
394609,95
394618,95
394628,95
394639,95
394648,95
394658,95
394668,95
394678,95
394689,93
394698,93
394708,93
394719,93
394728,93
394739,97
394748,97
394758,97
394769,97
394778,97
394788,95
394800,95
394808,95
394818,95
394828,95
394839,97
394850,97
394858,97
394868,97
394878,97
394888,97
394898,97
394908,97
394920,97
394929,99
394939,99
394950,99
394959,99
394969,99
394979,97
394989,97
394998,97
395009,97
395018,97
395029,97
395039,97
395048,97
395058,97
395068,97
395079,93
395089,93
395099,93
395109,93
395120,95
395128,95
395139,95
395148,95
395159,95
395170,95
395179,95
395188,95
395198,95
395208,95
395218,97
395228,97
395239,97
395248,97
395258,97
395268,101
395279,101
395288,101
395298,101
395308,101
395318,99
395328,99
395338,99
395348,99
395359,97
395368,97
395378,97
395388,97
395399,97
395409,97
395418,97
395428,97
395438,97
395448,97
395458,95
395468,95
395479,95
395488,95
395498,95
395508,95
395519,95
395528,95
395538,95
395550,93
395559,93
395568,93
395579,93
395589,93
395600,93
395609,93
395619,93
395628,93
395638,93
395649,95
395658,95
395668,95
395679,95
395688,95
395698,99
395709,99
395718,99
395728,99
395738,99
395748,99
395759,99
395769,99
395778,99
395790,99
395799,99
395808,99
395819,99
395829,99
395839,97
395848,97
395858,97
395868,97
395879,97
395888,95
395899,95
395908,95
395918,95
395928,95
395938,93
395949,93
395958,93
395968,93
395979,91
395988,91
395998,91
396008,91
396018,91
396030,93
396038,93
396048,93
396058,93
396068,93
396080,93
396090,93
396098,93
396108,93
396120,93
396128,93
396140,93
396149,93
396160,93
396169,97
396179,97
396189,97
396199,97
396209,97
396219,97
396228,97
396238,97
396248,97
396259,97
396268,99
396279,99
396288,99
396298,99
396308,99
396318,97
396329,97
396338,97
396348,97
396359,97
396368,97
396378,97
396388,97
396399,97
396409,95
396418,95
396428,95
396438,95
396448,95
396458,97
396469,97
396479,97
396488,97
396498,97
396508,97
396518,97
396528,97
396539,97
396549,97
396560,99
396569,99
396579,99
396588,99
396600,99
396608,99
396618,99
396628,99
396639,99
396649,97
396658,97
396668,97
396679,97
396688,97
396698,95
396710,95
396718,95
396728,95
396738,95
396748,95
396759,95
396768,95
396778,95
396790,93
396799,93
396808,93
396819,93
396829,93
396839,95
396849,95
396859,95
396868,95
396879,95
396889,93
396899,93
396908,93
396918,93
396928,93
396939,97
396949,97
396958,97
396968,97
396980,95
396988,95
396999,95
397008,95
397018,95
397030,99
397038,99
397048,99
397058,99
397068,99
397079,95
397088,95
397098,95
397108,95
397118,95
397128,97
397139,97
397148,97
397158,97
397169,95
397178,95
397188,95
397199,95
397208,95
397220,95
397228,95
397238,95
397248,95
397258,95
397268,93
397278,93
397288,93
397298,93
397308,93
397318,95
397330,95
397338,95
397348,95
397359,95
397369,95
397378,95
397389,95
397399,95
397410,97
397418,97
397429,97
397439,97
397449,97
397459,97
397469,97
397478,97
397488,97
397498,97
397508,97
397519,97
397528,97
397539,97
397549,97
397559,95
397568,95
397578,95
397588,95
397600,95
397608,95
397618,95
397628,95
397638,95
397648,93
397658,93
397668,93
397679,93
397688,93
397699,93
397709,93
397718,93
397728,93
397739,95
397748,95
397758,95
397768,95
397779,95
397789,97
397799,97
397808,97
397819,97
397828,97
397838,97
397848,97
397859,97
397868,97
397878,97
397888,97
397899,97
397908,97
397919,97
397928,97
397939,93
397950,93
397959,93
397968,93
397979,97
397988,97
397999,97
398009,97
398019,97
398029,95
398039,95
398048,95
398059,95
398068,95
398078,97
398089,97
398099,97
398108,97
398118,97
398128,95
398139,95
398148,95
398159,95
398170,97
398178,97
398188,97
398199,97
398208,97
398220,93
398228,93
398239,93
398248,93
398259,93
398268,95
398279,95
398288,95
398299,95
398309,95
398319,93
398329,93
398339,93
398348,93
398359,97
398368,97
398378,97
398388,97
398399,97
398410,95
398419,95
398428,95
398438,95
398448,95
398459,97
398468,97
398478,97
398488,97
398500,97
398508,95
398520,95
398528,95
398540,95
398549,95
398560,97
398568,97
398580,97
398589,97
398600,95
398609,95
398619,95
398629,95
398639,95
398649,95
398659,95
398669,95
398678,95
398688,95
398699,93
398709,93
398719,93
398728,93
398740,91
398748,91
398759,91
398768,91
398779,91
398789,91
398799,91
398808,91
398819,91
398828,91
398839,93
398849,93
398859,93
398868,93
398878,93
398888,97
398899,97
398908,97
398918,97
398930,99
398939,99
398948,99
398959,99
398968,99
398979,97
398988,97
398999,97
399009,97
399019,97
399029,97
399039,97
399048,97
399059,97
399068,97
399078,93
399089,93
399099,93
399108,93
399119,93
399128,95
399139,95
399148,95
399158,95
399170,93
399178,93
399188,93
399198,93
399208,93
399219,93
399229,93
399238,93
399249,93
399258,93
399268,95
399279,95
399288,95
399299,95
399308,95
399319,99
399328,99
399339,99
399348,99
399359,99
399369,99
399379,99
399388,99
399399,99
399410,97
399420,97
399428,97
399438,97
399448,97
399459,97
399470,97
399478,97
399488,97
399499,97
399508,95
399519,95
399528,95
399539,95
399549,97
399559,97
399569,97
399578,97
399588,97
399599,93
399608,93
399619,93
399628,93
399639,93
399648,95
399660,95
399668,95
399678,95
399688,95
399700,93
399710,93
399719,93
399728,93
399740,95
399748,95
399759,95
399770,95
399780,95
399790,93
399799,93
399809,93
399819,93
399829,93
399838,93
399850,93
399859,93
399869,93
399878,93
399888,95
399899,95
399908,95
399919,95
399930,97
399938,97
399948,97
399958,97
399969,97
399980,95
399988,95
399999,95
400009,95
400019,95
400028,97
400039,97
400048,97
400059,97
400069,97
400079,95
400088,95
400099,95
400108,95
400119,93
400128,93
400139,93
400148,93
400158,93
400168,89
400179,89
400188,89
400198,89
400208,89
400219,91
400229,91
400238,91
400248,91
400259,91
400268,97
400278,97
400288,97
400299,97
400310,103
400318,103
400328,103
400338,103
400348,103
400359,101
400368,101
400379,101
400388,101
400399,101
400408,99
400418,99
400429,99
400439,99
400449,99
400459,97
400469,97
400479,97
400488,97
400500,97
400508,93
400519,93
400528,93
400539,93
400549,93
400559,93
400568,93
400579,93
400588,93
400599,93
400608,93
400619,93
400628,93
400639,93
400648,97
400659,97
400668,97
400678,97
400688,97
400699,97
400709,97
400718,97
400728,97
400739,95
400748,95
400759,95
400768,95
400778,95
400789,95
400799,95
400808,95
400818,95
400828,95
400839,95
400849,95
400860,95
400868,95
400878,95
400888,93
400898,93
400908,93
400918,93
400930,91
400938,91
400948,91
400958,91
400968,91
400980,93
400989,93
400999,93
401009,93
401019,93
401029,97
401039,97
401049,97
401059,97
401069,97
401078,97
401088,97
401099,97
401108,97
401119,97
401129,97
401138,97
401148,97
401159,97
401169,97
401180,97
401188,97
401198,97
401208,97
401219,97
401229,97
401239,97
401248,97
401258,97
401269,95
401279,95
401288,95
401298,95
401309,97
401318,97
401328,97
401338,97
401348,97
401359,97
401369,97
401378,97
401388,97
401399,97
401409,97
401418,97
401428,97
401438,97
401448,97
401459,93
401469,93
401478,93
401488,93
401498,93
401508,95
401519,95
401528,95
401538,95
401550,93
401559,93
401568,93
401579,93
401588,93
401600,97
401608,97
401619,97
401629,97
401639,97
401649,95
401658,95
401669,95
401678,95
401689,95
401698,97
401709,97
401718,97
401728,97
401738,97
401748,95
401758,95
401769,95
401779,95
401789,97
401799,97
401808,97
401819,97
401828,97
401838,93
401848,93
401858,93
401869,93
401878,93
401888,95
401899,95
401908,95
401919,95
401928,95
401938,95
401949,95
401958,95
401969,95
401979,97
401988,97
401999,97
402008,97
402018,97
402029,97
402039,97
402048,97
402058,97
402069,97
402080,97
402088,97
402098,97
402108,97
402120,97
402129,97
402140,97
402148,97
402158,97
402170,97
402180,97
402188,97
402200,97
402208,97
402220,93
402229,93
402239,93
402249,93
402258,93
402269,95
402278,95
402289,95
402298,95
402309,95
402319,95
402329,95
402338,95
402348,95
402358,95
402368,97
402379,97
402388,97
402398,97
402409,95
402418,95
402428,95
402439,95
402448,95
402459,97
402468,97
402478,97
402488,97
402498,97
402508,95
402518,95
402528,95
402538,95
402549,95
402560,95
402570,95
402580,95
402588,95
402599,93
402608,93
402618,93
402628,93
402639,93
402649,93
402658,93
402668,93
402678,93
402688,93
402698,93
402709,93
402719,93
402728,93
402738,93
402748,95
402758,95
402768,95
402778,95
402790,93
402799,93
402808,93
402818,93
402829,93
402838,95
402849,95
402859,95
402868,95
402879,95
402888,95
402899,95
402908,95
402919,95
402928,95
402938,99
402950,99
402958,99
402969,99
402978,99
402988,99
402998,99
403008,99
403018,99
403029,97
403039,97
403048,97
403058,97
403069,97
403079,97
403088,97
403098,97
403108,97
403118,97
403128,97
403139,97
403148,97
403159,97
403168,97
403178,95
403189,95
403199,95
403208,95
403221,95
403228,95
403239,95
403249,95
403258,95
403270,93
403278,93
403288,93
403298,93
403308,93
403318,93
403330,93
403338,93
403348,93
403359,93
403368,93
403380,93
403388,93
403399,93
403410,95
403420,95
403429,95
403439,95
403449,95
403459,93
403469,93
403479,93
403488,93
403498,93
403508,95
403519,95
403528,95
403538,95
403548,95
403559,93
403568,93
403578,93
403588,93
403600,93
403609,93
403619,93
403628,93
403639,93
403649,93
403658,93
403669,93
403678,93
403688,93
403698,95
403709,95
403718,95
403728,95
403738,95
403748,95
403759,95
403768,95
403778,95
403790,95
403798,95
403808,95
403818,95
403828,95
403840,95
403849,95
403858,95
403869,95
403878,95
403889,97
403898,97
403908,97
403918,97
403928,97
403938,97
403949,97
403959,97
403969,97
403978,97
403988,97
403999,97
404008,97
404018,97
404029,99
404039,99
404048,99
404059,99
404068,99
404079,97
404089,97
404099,97
404108,97
404119,97
404129,97
404138,97
404148,97
404158,97
404168,97
404178,95
404190,95
404198,95
404208,95
404218,95
404228,93
404239,93
404248,93
404258,93
404270,97
404278,97
404288,97
404298,97
404308,97
404320,95
404328,95
404338,95
404348,95
404359,95
404368,95
404378,95
404388,95
404398,95
404408,95
404418,95
404429,95
404438,95
404448,95
404458,95
404469,95
404478,95
404488,95
404498,95
404511,93
404518,93
404528,93
404538,93
404548,93
404560,89
404568,89
404578,89
404588,89
404598,89
404610,91
404619,91
404630,91
404639,91
404650,95
404659,95
404669,95
404679,95
404689,95
404699,95
404708,95
404719,95
404728,95
404738,95
404749,97
404759,97
404768,97
404778,97
404788,97
404799,97
404809,97
404818,97
404828,97
404838,97
404848,99
404859,99
404869,99
404878,99
404890,95
404898,95
404908,95
404919,95
404928,95
404939,95
404948,95
404959,95
404968,95
404979,95
404988,93
404999,93
405009,93
405018,93
405029,93
405039,95
405050,95
405058,95
405070,95
405079,93
405089,93
405098,93
405108,93
405119,93
405129,95
405138,95
405148,95
405159,95
405168,95
405179,95
405188,95
405199,95
405208,95
405218,95
405228,97
405238,97
405248,97
405258,97
405269,95
405279,95
405289,95
405299,95
405309,95
405320,95
405328,95
405338,95
405348,95
405358,95
405368,93
405379,93
405388,93
405399,93
405408,93
405418,93
405429,93
405439,93
405448,93
405459,91
405469,91
405479,91
405488,91
405498,91
405509,91
405519,91
405528,91
405538,91
405548,91
405559,93
405569,93
405578,93
405588,93
405599,93
405608,95
405618,95
405628,95
405638,95
405649,93
405658,93
405669,93
405678,93
405688,93
405698,93
405708,93
405719,93
405730,93
405738,93
405748,95
405758,95
405768,95
405778,95
405790,95
405799,95
405808,95
405818,95
405829,95
405840,95
405849,95
405860,95
405868,95
405879,95
405889,95
405898,95
405909,95
405919,95
405929,95
405939,101
405949,101
405958,101
405969,101
405978,101
405988,101
405999,101
406008,101
406018,101
406028,101
406038,99
406048,99
406058,99
406068,99
406079,95
406089,95
406098,95
406108,95
406119,95
406129,93
406138,93
406148,93
406159,93
406169,93
406178,93
406189,93
406199,93
406208,93
406220,91
406228,91
406239,91
406248,91
406258,91
406269,93
406279,93
406288,93
406298,93
406308,93
406319,93
406328,93
406338,93
406348,93
406359,93
406369,97
406379,97
406388,97
406398,97
406408,97
406418,97
406430,97
406439,97
406448,97
406459,97
406468,97
406478,97
406488,97
406498,97
406509,97
406519,97
406529,97
406538,97
406548,97
406560,97
406568,97
406578,97
406588,97
406599,97
406608,93
406619,93
406628,93
406638,93
406650,93
406658,93
406668,93
406678,93
406688,93
406699,93
406708,93
406718,93
406728,93
406738,93
406749,95
406759,95
406768,95
406779,95
406789,95
406798,95
406808,95
406818,95
406828,95
406838,95
406848,97
406859,97
406868,97
406878,97
406888,97
406898,99
406908,99
406919,99
406928,99
406940,97
406948,97
406958,97
406968,97
406978,97
406990,93
406999,93
407008,93
407018,93
407028,93
407039,95
407050,95
407059,95
407070,95
407079,95
407089,91
407098,91
407109,91
407118,91
407129,93
407138,93
407149,93
407159,93
407169,93
407180,93
407188,93
407198,93
407208,93
407218,93
407228,95
407239,95
407248,95
407258,95
407269,95
407278,95
407289,95
407298,95
407308,95
407319,97
407328,97
407338,97
407348,97
407358,97
407370,97
407378,97
407388,97
407399,97
407408,97
407419,97
407428,97
407438,97
407448,97
407458,97
407468,97
407479,97
407489,97
407498,97
407508,97
407519,95
407529,95
407538,95
407548,95
407560,95
407569,95
407579,95
407588,95
407599,95
407609,93
407618,93
407628,93
407639,93
407648,93
407658,93
407670,93
407678,93
407689,93
407699,93
407709,93
407719,93
407728,93
407739,93
407750,95
407759,95
407768,95
407778,95
407788,95
407799,93
407808,93
407818,93
407828,93
407839,93
407849,95
407859,95
407869,95
407878,95
407888,95
407898,95
407909,95
407919,95
407928,95
407939,97
407948,97
407958,97
407969,97
407978,97
407989,95
407999,95
408008,95
408018,95
408028,95
408038,95
408048,95
408058,95
408069,95
408078,95
408088,93
408100,93
408108,93
408119,93
408129,95
408138,95
408148,95
408159,95
408170,95
408180,91
408188,91
408200,91
408210,91
408218,91
408228,93
408240,93
408248,93
408260,93
408270,93
408280,91
408289,91
408299,91
408309,91
408319,95
408328,95
408339,95
408348,95
408359,95
408368,93
408378,93
408388,93
408398,93
408408,93
408418,93
408429,93
408439,93
408448,93
408460,93
408469,93
408478,93
408488,93
408498,93
408510,93
408519,93
408528,93
408538,93
408548,93
408558,93
408569,93
408578,93
408588,93
408599,93
408608,95
408619,95
408628,95
408639,95
408650,97
408658,97
408669,97
408678,97
408688,97
408700,95
408708,95
408719,95
408728,95
408738,95
408748,97
408759,97
408768,97
408779,97
408788,97
408799,95
408809,95
408818,95
408828,95
408839,95
408848,97
408858,97
408869,97
408878,97
408890,97
408899,97
408908,97
408918,97
408929,97
408940,97
408948,97
408959,97
408968,97
408978,97
408989,95
408999,95
409008,95
409018,95
409028,95
409038,97
409049,97
409058,97
409069,97
409078,97
409088,93
409098,93
409108,93
409118,93
409129,93
409138,93
409148,93
409159,93
409168,93
409179,93
409188,93
409198,93
409208,93
409218,93
409228,95
409239,95
409248,95
409259,95
409269,95
409278,95
409288,95
409298,95
409308,95
409320,95
409328,95
409338,95
409348,95
409359,95
409370,91
409380,91
409388,91
409399,91
409408,91
409418,91
409430,91
409438,91
409448,91
409459,91
409470,91
409479,91
409490,91
409499,91
409510,93
409519,93
409529,93
409539,93
409549,93
409558,93
409570,93
409578,93
409588,93
409598,93
409608,97
409619,97
409628,97
409639,97
409650,97
409658,97
409669,97
409678,97
409688,97
409699,97
409708,97
409719,97
409728,97
409738,97
409749,97
409758,97
409768,97
409778,97
409788,97
409799,95
409809,95
409818,95
409828,95
409840,95
409848,95
409858,95
409870,95
409878,95
409890,93
409898,93
409908,93
409919,93
409928,93
409939,97
409948,97
409959,97
409969,97
409978,97
409988,95
409999,95
410008,95
410018,95
410028,95
410038,95
410049,95
410058,95
410069,95
410079,93
410088,93
410098,93
410109,93
410119,93
410130,95
410139,95
410149,95
410158,95
410169,95
410179,95
410189,95
410199,95
410208,95
410218,95
410228,95
410239,95
410248,95
410258,95
410270,91
410278,91
410288,91
410298,91
410308,91
410319,93
410328,93
410338,93
410348,93
410359,93
410368,93
410379,93
410388,93
410399,93
410408,93
410418,95
410429,95
410438,95
410448,95
410460,95
410469,95
410478,95
410488,95
410498,95
410510,95
410519,95
410528,95
410538,95
410548,95
410558,95
410570,95
410578,95
410588,95
410599,95
410608,93
410621,93
410628,93
410638,93
410650,93
410658,93
410668,93
410678,93
410689,93
410700,93
410709,93
410719,93
410729,93
410738,93
410749,93
410759,93
410769,93
410779,93
410789,93
410798,93
410808,93
410819,93
410828,93
410840,93
410848,93
410858,93
410868,93
410878,93
410889,93
410898,93
410909,93
410919,93
410928,93
410938,95
410949,95
410958,95
410969,95
410979,95
410988,95
410999,95
411008,95
411018,95
411029,95
411039,95
411048,95
411058,95
411069,95
411079,95
411088,95
411098,95
411108,95
411118,95
411128,95
411139,95
411148,95
411158,95
411169,95
411178,93
411188,93
411199,93
411208,93
411219,93
411228,93
411239,93
411248,93
411259,93
411269,91
411278,91
411288,91
411298,91
411308,91
411319,95
411330,95
411338,95
411349,95
411359,95
411368,101
411379,101
411388,101
411399,101
411409,99
411418,99
411428,99
411438,99
411448,99
411459,97
411469,97
411478,97
411488,97
411498,97
411509,97
411518,97
411528,97
411538,97
411548,97
411558,93
411569,93
411579,93
411588,93
411598,93
411609,93
411618,93
411628,93
411638,93
411650,91
411658,91
411668,91
411678,91
411688,91
411700,95
411708,95
411719,95
411728,95
411738,95
411749,95
411758,95
411769,95
411779,95
411788,95
411798,95
411810,95
411818,95
411828,95
411840,95
411848,93
411858,93
411870,93
411878,93
411890,97
411899,97
411910,97
411919,97
411929,97
411939,91
411948,91
411959,91
411969,91
411979,91
411989,93
411999,93
412009,93
412018,93
412029,93
412039,91
412048,91
412058,91
412068,91
412079,95
412088,95
412098,95
412108,95
412119,95
412129,93
412138,93
412148,93
412158,93
412169,93
412179,95
412189,95
412199,95
412209,95
412218,95
412228,99
412239,99
412248,99
412258,99
412269,97
412278,97
412288,97
412298,97
412308,97
412320,95
412328,95
412338,95
412348,95
412359,95
412369,95
412378,95
412388,95
412399,95
412408,95
412418,93
412429,93
412439,93
412448,93
412458,93
412468,95
412478,95
412488,95
412498,95
412510,95
412519,95
412528,95
412539,95
412549,95
412560,95
412569,95
412578,95
412588,95
412599,95
412608,95
412619,95
412629,95
412639,95
412648,95
412658,95
412670,95
412679,95
412688,95
412699,93
412708,93
412719,93
412728,93
412738,93
412749,93
412759,93
412769,93
412778,93
412788,93
412799,93
412809,93
412818,93
412828,93
412839,93
412848,93
412859,93
412868,93
412878,93
412889,97
412898,97
412908,97
412919,97
412928,97
412939,93
412948,93
412959,93
412969,93
412978,93
412988,95
412999,95
413008,95
413020,95
413030,95
413040,93
413050,93
413058,93
413070,93
413080,95
413089,95
413100,95
413109,95
413118,95
413129,93
413139,93
413149,93
413159,93
413169,93
413179,95
413188,95
413198,95
413208,95
413219,95
413228,95
413239,95
413248,95
413258,95
413269,95
413278,97
413288,97
413298,97
413308,97
413319,93
413328,93
413338,93
413348,93
413359,93
413370,95
413378,95
413389,95
413399,95
413408,95
413418,93
413429,93
413439,93
413448,93
413458,93
413469,93
413479,93
413488,93
413498,93
413510,93
413519,93
413528,93
413538,93
413548,93
413560,93
413568,93
413578,93
413588,93
413599,93
413608,93
413619,93
413628,93
413638,93
413648,93
413658,91
413669,91
413678,91
413688,91
413699,91
413708,91
413719,91
413728,91
413739,91
413749,93
413759,93
413768,93
413778,93
413788,93
413798,95
413809,95
413818,95
413828,95
413839,95
413848,97
413859,97
413869,97
413878,97
413889,97
413898,97
413908,97
413919,97
413928,97
413939,97
413948,97
413958,97
413968,97
413978,97
413989,95
413999,95
414008,95
414018,95
414028,95
414039,93
414049,93
414058,93
414069,93
414079,91
414088,91
414098,91
414108,91
414119,91
414130,91
414138,91
414148,91
414158,91
414168,91
414179,93
414190,93
414199,93
414208,93
414218,93
414228,93
414240,93
414248,93
414258,93
414270,95
414278,95
414288,95
414298,95
414310,95
414320,97
414330,97
414338,97
414349,97
414359,97
414370,97
414379,97
414389,97
414398,97
414409,97
414419,97
414429,97
414439,97
414448,97
414458,97
414469,93
414478,93
414488,93
414498,93
414509,93
414519,93
414528,93
414538,93
414548,93
414560,91
414568,91
414578,91
414588,91
414599,91
414608,93
414619,93
414628,93
414638,93
414649,91
414658,91
414669,91
414678,91
414688,91
414699,93
414708,93
414719,93
414728,93
414738,93
414748,93
414759,93
414769,93
414778,93
414788,93
414799,93
414810,93
414818,93
414828,93
414839,93
414848,93
414858,93
414868,93
414878,93
414889,93
414898,93
414908,93
414919,93
414928,93
414938,95
414949,95
414958,95
414969,95
414979,95
414989,93
414999,93
415009,93
415018,93
415029,91
415039,91
415048,91
415058,91
415068,91
415079,93
415088,93
415098,93
415108,93
415119,93
415128,95
415139,95
415149,95
415159,95
415168,95
415178,95
415188,95
415199,95
415208,95
415219,95
415228,95
415239,95
415248,95
415258,95
415270,99
415279,99
415288,99
415298,99
415308,99
415318,97
415328,97
415338,97
415348,97
415358,97
415369,97
415380,97
415388,97
415398,97
415408,97
415418,95
415428,95
415439,95
415448,95
415460,93
415470,93
415478,93
415488,93
415500,93
415510,93
415520,93
415528,93
415540,93
415548,93
415560,93
415569,93
415578,93
415589,93
415599,93
415609,93
415619,93
415628,93
415638,93
415649,93
415658,93
415669,93
415678,93
415688,93
415699,95
415708,95
415719,95
415728,95
415738,95
415750,95
415759,95
415768,95
415778,95
415788,95
415799,95
415809,95
415818,95
415828,95
415839,95
415848,95
415859,95
415869,95
415878,95
415889,95
415898,95
415908,95
415918,95
415928,95
415939,93
415948,93
415958,93
415969,93
415978,93
415988,91
415998,91
416008,91
416018,91
416028,91
416038,91
416049,91
416058,91
416068,91
416079,93
416088,93
416098,93
416108,93
416119,93
416129,93
416138,93
416148,93
416159,93
416169,93
416179,95
416189,95
416199,95
416208,95
416218,95
416228,97
416239,97
416248,97
416258,97
416269,97
416278,97
416289,97
416298,97
416308,97
416320,93
416328,93
416338,93
416348,93
416358,93
416368,89
416379,89
416388,89
416399,89
416408,89
416418,91
416429,91
416439,91
416448,91
416460,91
416469,93
416478,93
416488,93
416498,93
416509,93
416519,93
416528,93
416538,93
416548,93
416560,91
416568,91
416579,91
416588,91
416599,91
416608,91
416620,91
416628,91
416639,91
416648,93
416658,93
416668,93
416678,93
416688,93
416700,95
416708,95
416719,95
416728,95
416739,95
416749,95
416759,95
416769,95
416778,95
416789,95
416799,101
416809,101
416818,101
416829,101
416839,101
416849,99
416859,99
416869,99
416878,99
416889,99
416898,97
416908,97
416919,97
416928,97
416939,95
416948,95
416959,95
416968,95
416978,95
416989,93
416999,93
417008,93
417018,93
417028,93
417039,93
417049,93
417058,93
417068,93
417078,93
417088,93
417099,93
417108,93
417119,93
417130,93
417138,93
417148,93
417159,93
417169,93
417179,95
417188,95
417199,95
417208,95
417218,95
417229,97
417238,97
417248,97
417259,97
417268,97
417279,97
417289,97
417298,97
417308,97
417318,97
417328,95
417340,95
417348,95
417359,95
417370,93
417379,93
417389,93
417398,93
417409,93
417420,93
417428,93
417439,93
417448,93
417458,93
417469,91
417478,91
417488,91
417498,91
417508,91
417519,93
417529,93
417538,93
417548,93
417559,93
417568,97
417578,97
417588,97
417599,97
417609,97
417619,97
417628,97
417639,97
417648,97
417660,95
417668,95
417678,95
417688,95
417698,95
417708,95
417718,95
417728,95
417738,95
417748,95
417759,93
417769,93
417778,93
417788,93
417799,95
417808,95
417818,95
417828,95
417838,95
417850,93
417858,93
417868,93
417879,93
417888,93
417898,93
417910,93
417919,93
417928,93
417938,93
417949,93
417960,93
417969,93
417979,93
417989,95
417999,95
418009,95
418019,95
418028,95
418039,95
418048,95
418058,95
418069,95
418078,95
418089,93
418098,93
418108,93
418118,93
418128,93
418138,93
418149,93
418159,93
418168,93
418178,93
418188,95
418199,95
418208,95
418218,95
418229,93
418239,93
418248,93
418258,93
418268,93
418279,95
418288,95
418298,95
418308,95
418319,95
418329,93
418338,93
418348,93
418359,93
418369,93
418378,95
418389,95
418399,95
418409,95
418418,95
418428,93
418439,93
418448,93
418458,93
418470,95
418478,95
418488,95
418498,95
418508,95
418519,93
418528,93
418538,93
418548,93
418559,93
418569,95
418579,95
418589,95
418599,95
418609,95
418619,93
418628,93
418638,93
418648,93
418659,93
418668,93
418679,93
418689,93
418698,93
418709,91
418719,91
418728,91
418738,91
418748,91
418758,95
418769,95
418779,95
418788,95
418799,95
418808,93
418818,93
418828,93
418839,93
418849,95
418858,95
418868,95
418878,95
418888,95
418899,91
418908,91
418919,91
418929,91
418938,91
418948,95
418959,95
418969,95
418979,95
418991,91
418999,91
419009,91
419018,91
419028,91
419040,95
419048,95
419060,95
419068,95
419078,95
419090,93
419098,93
419108,93
419119,93
419128,93
419138,95
419150,95
419158,95
419170,95
419179,95
419189,95
419199,95
419209,95
419219,95
419229,97
419238,97
419249,97
419258,97
419269,97
419279,99
419288,99
419298,99
419308,99
419318,99
419329,97
419338,97
419348,97
419358,97
419369,97
419379,95
419389,95
419398,95
419408,95
419419,95
419429,97
419438,97
419448,97
419458,97
419469,95
419478,95
419488,95
419498,95
419508,95
419519,95
419528,95
419538,95
419548,95
419559,95
419569,93
419578,93
419588,93
419599,93
419608,93
419618,93
419629,93
419638,93
419648,93
419658,93
419668,93
419679,93
419688,93
419698,93
419709,95
419718,95
419728,95
419738,95
419748,95
419759,95
419768,95
419779,95
419789,95
419799,95
419809,95
419819,95
419829,95
419839,95
419849,95
419858,91
419870,91
419878,91
419888,91
419899,95
419908,95
419919,95
419928,95
419938,95
419950,91
419959,91
419969,91
419978,91
419988,91
419999,87
420009,87
420018,87
420028,87
420039,87
420048,89
420058,89
420068,89
420078,89
420089,97
420098,97
420108,97
420119,97
420128,97
420140,95
420148,95
420159,95
420169,95
420179,95
420188,97
420199,97
420208,97
420218,97
420228,97
420239,93
420250,93
420258,93
420268,93
420279,95
420288,95
420298,95
420308,95
420319,95
420330,91
420338,91
420348,91
420360,91
420370,91
420380,93
420390,93
420399,93
420409,93
420419,93
420429,91
420439,91
420449,91
420459,91
420469,93
420478,93
420488,93
420498,93
420508,93
420518,93
420528,93
420538,93
420548,93
420559,93
420568,93
420579,93
420588,93
420599,93
420608,93
420618,95
420628,95
420639,95
420648,95
420660,97
420669,97
420678,97
420688,97
420698,97
420710,97
420719,97
420728,97
420738,97
420748,97
420758,97
420768,97
420778,97
420788,97
420799,97
420808,97
420819,97
420828,97
420839,97
420848,97
420858,97
420869,97
420878,97
420888,97
420899,95
420908,95
420918,95
420928,95
420938,95
420950,93
420959,93
420969,93
420979,93
420988,93
420999,93
421008,93
421019,93
421028,93
421039,93
421048,93
421059,93
421069,93
421078,93
421089,93
421098,93
421108,93
421118,93
421128,93
421140,95
421149,95
421159,95
421169,95
421178,95
421190,93
421199,93
421209,93
421218,93
421228,93
421239,95
421249,95
421258,95
421269,95
421279,95
421288,93
421298,93
421308,93
421319,93
421329,95
421338,95
421348,95
421358,95
421368,95
421380,93
421388,93
421399,93
421408,93
421418,93
421428,95
421439,95
421448,95
421458,95
421468,95
421478,93
421488,93
421498,93
421508,93
421519,95
421528,95
421538,95
421548,95
421560,95
421570,93
421580,93
421590,93
421599,93
421610,93
421619,95
421630,95
421639,95
421649,95
421659,91
421669,91
421678,91
421688,91
421698,91
421710,93
421719,93
421728,93
421738,93
421748,93
421759,93
421769,93
421778,93
421788,93
421799,93
421808,97
421819,97
421828,97
421839,97
421848,97
421858,95
421869,95
421878,95
421888,95
421900,95
421908,95
421919,95
421928,95
421938,95
421949,93
421959,93
421969,93
421979,93
421988,93
421999,93
422010,93
422018,93
422028,93
422039,93
422048,91
422058,91
422068,91
422078,91
422089,93
422098,93
422108,93
422119,93
422128,93
422139,91
422148,91
422159,91
422169,91
422178,91
422188,97
422199,97
422208,97
422219,97
422229,97
422239,95
422249,95
422259,95
422269,95
422280,95
422288,95
422298,95
422308,95
422318,95
422330,93
422338,93
422348,93
422359,93
422368,93
422379,95
422390,95
422399,95
422408,95
422418,95
422428,93
422439,93
422448,93
422458,93
422470,95
422478,95
422488,95
422498,95
422508,95
422520,93
422528,93
422538,93
422548,93
422559,93
422569,95
422578,95
422588,95
422598,95
422608,95
422618,93
422629,93
422639,93
422648,93
422660,93
422668,93
422678,93
422688,93
422698,93
422710,91
422719,91
422728,91
422738,91
422748,91
422759,93
422768,93
422780,93
422789,93
422799,93
422809,93
422820,93
422830,93
422840,93
422850,95
422859,95
422869,95
422879,95
422888,95
422900,93
422908,93
422919,93
422928,93
422938,93
422949,95
422959,95
422969,95
422978,95
422988,95
422999,93
423009,93
423018,93
423028,93
423039,93
423048,95
423058,95
423068,95
423079,95
423089,97
423098,97
423108,97
423119,97
423128,97
423139,97
423148,97
423159,97
423169,97
423178,97
423189,95
423199,95
423209,95
423219,95
423228,95
423239,95
423249,95
423258,95
423268,95
423280,95
423288,93
423298,93
423308,93
423319,93
423329,93
423338,93
423348,93
423358,93
423368,93
423379,91
423388,91
423399,91
423408,91
423419,91
423429,91
423439,91
423448,91
423459,91
423469,93
423478,93
423489,93
423498,93
423508,93
423519,95
423528,95
423538,95
423548,95
423558,95
423569,93
423578,93
423588,93
423599,93
423608,93
423618,95
423629,95
423638,95
423648,95
423660,93
423668,93
423678,93
423688,93
423698,93
423709,97
423718,97
423728,97
423738,97
423748,97
423759,95
423769,95
423778,95
423788,95
423799,95
423808,95
423819,95
423828,95
423838,95
423848,95
423858,93
423870,93
423879,93
423888,93
423899,95
423908,95
423919,95
423928,95
423938,95
423950,93
423959,93
423970,93
423978,93
423988,93
423999,93
424010,93
424019,93
424029,93
424039,93
424049,93
424060,93
424068,93
424078,93
424089,93
424098,93
424109,93
424119,93
424128,93
424139,95
424148,95
424159,95
424168,95
424178,95
424189,95
424199,95
424208,95
424218,95
424228,95
424239,95
424249,95
424258,95
424268,95
424278,95
424288,95
424298,95
424308,95
424318,95
424329,93
424338,93
424348,93
424359,93
424369,93
424379,95
424388,95
424399,95
424408,95
424418,95
424429,95
424439,95
424448,95
424458,95
424468,95
424478,95
424490,95
424498,95
424508,95
424519,95
424528,95
424538,95
424548,95
424559,95
424570,93
424578,93
424588,93
424599,93
424608,93
424620,91
424628,91
424639,91
424649,91
424659,91
424669,91
424679,91
424689,91
424698,91
424710,93
424719,93
424728,93
424738,93
424748,93
424759,93
424768,93
424778,93
424788,93
424799,93
424808,93
424818,93
424828,93
424839,93
424848,93
424858,93
424869,93
424878,93
424889,93
424900,91
424908,91
424919,91
424928,91
424938,91
424950,89
424959,89
424968,89
424979,89
424988,89
424999,91
425009,91
425018,91
425028,91
425039,91
425048,93
425058,93
425068,93
425078,93
425090,93
425098,93
425108,93
425119,93
425128,93
425140,95
425148,95
425159,95
425168,95
425178,95
425188,93
425198,93
425208,93
425220,93
425229,93
425239,97
425250,97
425259,97
425268,97
425279,95
425288,95
425298,95
425309,95
425319,95
425330,95
425338,95
425348,95
425359,95
425369,95
425379,97
425388,97
425399,97
425408,97
425418,97
425429,97
425439,97
425448,97
425458,97
425468,97
425478,97
425489,97
425498,97
425508,97
425520,95
425528,95
425538,95
425548,95
425559,95
425569,95
425578,95
425588,95
425599,95
425608,95
425619,95
425628,95
425639,95
425648,95
425658,95
425668,95
425678,95
425688,95
425698,95
425708,95
425718,95
425729,95
425738,95
425748,95
425759,93
425768,93
425779,93
425788,93
425799,93
425809,95
425818,95
425828,95
425839,95
425848,95
425859,93
425869,93
425879,93
425888,93
425898,93
425908,93
425919,93
425928,93
425938,93
425948,93
425959,93
425968,93
425979,93
425988,93
426000,93
426008,93
426018,93
426028,93
426039,93
426049,93
426058,93
426068,93
426079,93
426088,93
426098,93
426109,93
426119,93
426128,93
426138,93
426148,93
426159,93
426169,93
426178,93
426190,95
426199,95
426208,95
426218,95
426228,95
426239,93
426248,93
426258,93
426268,93
426278,93
426288,93
426300,93
426308,93
426319,93
426328,93
426338,93
426350,93
426358,93
426368,93
426380,95
426388,95
426399,95
426408,95
426419,95
426430,95
426439,95
426450,95
426460,95
426469,95
426479,93
426488,93
426499,93
426508,93
426519,93
426528,91
426539,91
426548,91
426559,91
426569,93
426578,93
426588,93
426599,93
426608,93
426620,93
426628,93
426639,93
426648,93
426658,93
426668,95
426678,95
426688,95
426698,95
426708,95
426719,93
426729,93
426738,93
426748,93
426759,95
426768,95
426778,95
426789,95
426799,95
426809,95
426818,95
426828,95
426839,95
426848,95
426859,95
426868,95
426878,95
426888,95
426898,95
426908,95
426919,95
426928,95
426938,95
426948,95
426958,97
426968,97
426978,97
426988,97
426999,95
427008,95
427018,95
427028,95
427039,95
427049,95
427058,95
427069,95
427078,95
427089,95
427099,93
427108,93
427118,93
427128,93
427138,93
427148,95
427159,95
427169,95
427178,95
427189,95
427198,97
427208,97
427218,97
427229,97
427240,95
427248,95
427258,95
427268,95
427278,95
427290,95
427298,95
427308,95
427319,95
427328,95
427338,95
427349,95
427358,95
427368,95
427378,95
427388,93
427399,93
427408,93
427418,93
427429,93
427439,93
427448,93
427458,93
427468,93
427479,91
427488,91
427498,91
427508,91
427519,91
427528,93
427540,93
427548,93
427559,93
427570,93
427578,93
427590,93
427599,93
427608,93
427620,91
427630,91
427640,91
427650,91
427659,91
427669,93
427679,93
427689,93
427699,93
427708,93
427718,91
427729,91
427739,91
427748,91
427758,89
427768,89
427779,89
427788,89
427798,89
427810,91
427818,91
427828,91
427839,91
427848,91
427858,93
427869,93
427878,93
427888,93
427898,93
427908,93
427919,93
427928,93
427938,93
427950,97
427959,97
427968,97
427978,97
427989,97
427999,93
428009,93
428018,93
428028,93
428039,93
428048,97
428058,97
428068,97
428078,97
428088,97
428098,95
428109,95
428119,95
428128,95
428140,95
428148,95
428159,95
428168,95
428179,95
428190,93
428199,93
428208,93
428218,93
428228,93
428238,93
428248,93
428259,93
428268,93
428278,93
428289,93
428299,93
428309,93
428319,93
428329,93
428338,93
428348,93
428359,93
428369,93
428379,93
428388,93
428399,93
428408,93
428418,93
428429,95
428439,95
428448,95
428458,95
428468,95
428478,95
428489,95
428498,95
428508,95
428519,95
428528,95
428539,95
428548,95
428558,95
428570,93
428579,93
428588,93
428599,93
428608,93
428619,93
428628,93
428638,93
428649,93
428658,93
428668,93
428679,93
428688,93
428698,93
428708,93
428719,93
428730,93
428738,93
428748,93
428760,93
428768,93
428778,93
428788,93
428799,93
428810,93
428818,93
428828,93
428839,93
428848,93
428859,95
428870,95
428879,95
428889,95
428898,95
428909,93
428919,93
428929,93
428938,93
428949,95
428959,95
428969,95
428978,95
428988,95
428999,93
429008,93
429018,93
429028,93
429039,93
429050,97
429058,97
429068,97
429078,97
429088,97
429098,95
429108,95
429119,95
429128,95
429138,95
429148,95
429159,95
429168,95
429178,95
429190,93
429199,93
429208,93
429218,93
429228,93
429240,95
429248,95
429258,95
429268,95
429278,95
429289,93
429298,93
429308,93
429319,93
429329,93
429338,93
429349,93
429359,93
429368,93
429378,93
429388,91
429399,91
429408,91
429418,91
429430,95
429439,95
429448,95
429458,95
429468,95
429479,91
429488,91
429499,91
429509,91
429519,91
429529,93
429539,93
429548,93
429559,93
429568,93
429578,91
429588,91
429599,91
429608,91
429619,95
429628,95
429639,95
429648,95
429658,95
429669,93
429678,93
429688,93
429698,93
429708,93
429719,95
429729,95
429738,95
429748,95
429759,95
429768,95
429779,95
429788,95
429799,95
429809,95
429818,95
429829,95
429839,95
429848,95
429860,95
429868,95
429878,95
429888,95
429898,95
429908,93
429919,93
429928,93
429938,93
429948,93
429959,93
429970,93
429978,93
429988,93
430000,93
430008,93
430018,93
430028,93
430040,93
430050,91
430060,91
430069,91
430080,91
430088,91
430099,89
430109,89
430119,89
430129,89
430139,89
430148,93
430159,93
430168,93
430178,93
430188,93
430199,101
430208,101
430218,101
430229,101
430239,97
430248,97
430258,97
430268,97
430278,97
430290,95
430298,95
430308,95
430319,95
430328,95
430339,95
430348,95
430359,95
430369,95
430378,95
430388,95
430399,95
430409,95
430418,95
430430,95
430439,95
430448,95
430458,95
430468,95
430479,93
430488,93
430498,93
430508,93
430519,93
430529,93
430538,93
430548,93
430559,93
430569,93
430578,95
430589,95
430599,95
430608,95
430618,95
430628,93
430638,93
430648,93
430658,93
430669,95
430678,95
430688,95
430699,95
430709,95
430719,95
430728,95
430739,95
430748,95
430759,95
430769,97
430780,97
430788,97
430798,97
430809,97
430818,95
430829,95
430839,95
430848,95
430859,93
430868,93
430878,93
430888,93
430898,93
430910,91
430919,91
430928,91
430938,91
430948,91
430959,95
430969,95
430979,95
430988,95
430999,95
431008,93
431019,93
431028,93
431039,93
431050,95
431058,95
431068,95
431078,95
431088,95
431100,91
431108,91
431119,91
431128,91
431138,91
431148,95
431160,95
431170,95
431180,95
431188,95
431199,91
431210,91
431218,91
431228,91
431240,91
431248,91
431260,91
431270,91
431279,91
431290,91
431299,91
431309,91
431319,91
431329,91
431339,95
431349,95
431359,95
431369,95
431379,95
431388,93
431399,93
431408,93
431418,93
431429,95
431438,95
431448,95
431458,95
431468,95
431480,93
431488,93
431498,93
431508,93
431519,93
431529,95
431538,95
431548,95
431559,95
431568,95
431578,93
431589,93
431599,93
431608,93
431620,93
431629,93
431639,93
431648,93
431658,93
431670,91
431678,91
431688,91
431698,91
431708,91
431719,95
431728,95
431738,95
431748,95
431759,95
431768,93
431779,93
431788,93
431799,93
431808,93
431818,95
431829,95
431839,95
431849,95
431860,93
431868,93
431878,93
431888,93
431898,93
431910,95
431919,95
431929,95
431939,95
431948,95
431959,93
431969,93
431979,93
431989,93
431999,93
432008,93
432019,93
432029,93
432039,93
432049,91
432058,91
432068,91
432078,91
432088,91
432099,95
432108,95
432119,95
432128,95
432138,95
432150,97
432159,97
432168,97
432178,97
432188,97
432198,97
432208,97
432218,97
432229,97
432239,97
432248,97
432259,97
432268,97
432278,97
432288,97
432298,95
432308,95
432318,95
432328,95
432339,93
432348,93
432359,93
432370,93
432380,93
432388,91
432399,91
432408,91
432418,91
432430,91
432440,89
432450,89
432458,89
432468,89
432480,89
432489,93
432500,93
432509,93
432519,93
432530,95
432538,95
432548,95
432558,95
432569,95
432579,95
432588,95
432598,95
432608,95
432618,95
432629,93
432639,93
432648,93
432658,93
432668,93
432678,95
432689,95
432698,95
432708,95
432719,95
432728,93
432738,93
432748,93
432759,93
432769,93
432778,93
432789,93
432799,93
432808,93
432818,91
432829,91
432839,91
432848,91
432858,91
432868,93
432879,93
432888,93
432898,93
432910,91
432919,91
432928,91
432938,91
432948,91
432959,93
432969,93
432978,93
432988,93
432999,93
433009,95
433018,95
433028,95
433039,95
433048,95
433058,97
433069,97
433078,97
433088,97
433098,97
433108,95
433118,95
433129,95
433138,95
433150,95
433159,95
433168,95
433179,95
433189,95
433199,95
433208,95
433218,95
433228,95
433239,95
433249,95
433258,95
433268,95
433278,95
433288,95
433298,95
433309,95
433319,95
433328,95
433338,95
433348,95
433359,95
433368,95
433378,95
433390,97
433399,97
433408,97
433418,97
433428,97
433440,95
433448,95
433458,95
433468,95
433478,95
433489,95
433498,95
433508,95
433518,95
433528,95
433538,93
433550,93
433559,93
433569,93
433580,93
433588,93
433598,93
433608,93
433618,93
433630,93
433639,93
433648,93
433658,93
433668,93
433679,93
433688,93
433699,93
433709,93
433719,93
433729,93
433739,93
433749,93
433759,93
433769,93
433779,93
433789,93
433799,93
433809,93
433819,93
433828,93
433839,93
433848,93
433858,93
433869,93
433878,93
433888,93
433898,93
433908,93
433919,93
433929,93
433938,93
433948,93
433958,93
433969,93
433979,93
433988,93
433999,93
434009,95
434018,95
434028,95
434039,95
434048,95
434059,95
434068,95
434078,95
434088,95
434098,95
434108,95
434119,95
434128,95
434138,95
434148,95
434159,95
434169,95
434178,95
434188,95
434198,95
434208,93
434218,93
434229,93
434239,93
434250,95
434258,95
434268,95
434278,95
434288,95
434299,95
434308,95
434318,95
434328,95
434339,95
434349,97
434358,97
434368,97
434379,97
434389,97
434399,95
434410,95
434418,95
434428,95
434439,95
434448,93
434458,93
434468,93
434478,93
434490,93
434498,93
434508,93
434519,93
434528,93
434539,93
434548,93
434559,93
434568,93
434578,93
434588,95
434599,95
434608,95
434618,95
434629,95
434639,93
434648,93
434658,93
434668,93
434679,93
434688,93
434698,93
434708,93
434719,93
434730,95
434738,95
434748,95
434759,95
434769,95
434779,95
434788,95
434798,95
434808,95
434818,95
434830,95
434840,95
434848,95
434858,95
434870,93
434878,93
434888,93
434900,93
434909,93
434920,93
434929,93
434939,93
434948,93
434959,93
434969,93
434978,93
434988,93
434999,93
435008,93
435018,91
435029,91
435039,91
435048,91
435060,89
435068,89
435078,89
435088,89
435098,89
435110,89
435119,89
435129,89
435139,89
435149,89
435158,93
435168,93
435178,93
435188,93
435199,93
435208,93
435219,93
435229,93
435239,93
435250,93
435258,95
435268,95
435278,95
435288,95
435299,95
435308,95
435319,95
435328,95
435338,95
435350,95
435359,95
435369,95
435378,95
435388,95
435399,95
435408,95
435418,95
435429,95
435439,95
435448,95
435460,95
435468,95
435478,95
435489,95
435498,95
435508,95
435519,95
435528,95
435539,95
435549,95
435559,95
435569,95
435579,95
435589,95
435598,95
435608,95
435618,95
435628,95
435639,95
435649,95
435658,95
435668,95
435678,95
435688,93
435699,93
435708,93
435719,93
435730,93
435738,93
435748,93
435759,93
435769,93
435780,93
435788,93
435799,93
435808,93
435818,93
435828,91
435839,91
435849,91
435858,91
435868,91
435878,93
435888,93
435898,93
435908,93
435919,93
435928,93
435938,93
435948,93
435959,93
435969,95
435979,95
435988,95
435999,95
436008,95
436018,93
436030,93
436039,93
436048,93
436058,93
436068,95
436078,95
436090,95
436098,95
436109,93
436119,93
436130,93
436138,93
436149,93
436159,95
436169,95
436178,95
436189,95
436198,95
436209,93
436219,93
436229,93
436238,93
436249,93
436259,95
436270,95
436278,95
436288,95
436300,95
436308,95
436319,95
436328,95
436338,95
436349,95
436359,95
436368,95
436378,95
436388,95
436398,95
436408,95
436418,95
436428,95
436439,95
436448,95
436459,95
436468,95
436478,95
436488,95
436498,97
436509,97
436519,97
436528,97
436539,95
436548,95
436559,95
436568,95
436578,95
436590,93
436599,93
436608,93
436618,93
436628,93
436639,91
436650,91
436659,91
436668,91
436678,91
436688,93
436700,93
436708,93
436719,93
436730,93
436738,93
436749,93
436759,93
436768,93
436780,95
436789,95
436799,95
436808,95
436818,95
436829,95
436839,95
436848,95
436858,95
436868,95
436878,95
436889,95
436898,95
436908,95
436918,95
436928,95
436938,95
436948,95
436958,95
436969,93
436978,93
436988,93
436999,93
437008,93
437019,91
437028,91
437039,91
437048,91
437059,91
437069,91
437080,91
437088,91
437098,91
437110,91
437119,91
437128,91
437138,91
437148,91
437159,93
437168,93
437178,93
437188,93
437199,93
437210,95
437218,95
437230,95
437239,95
437248,95
437258,97
437268,97
437278,97
437288,97
437298,97
437309,97
437320,97
437329,97
437340,97
437349,95
437359,95
437368,95
437379,95
437389,95
437400,95
437409,95
437419,95
437428,95
437438,95
437449,93
437458,93
437468,93
437478,93
437488,93
437498,93
437509,93
437519,93
437528,93
437540,91
437548,91
437559,91
437569,91
437578,91
437590,93
437599,93
437608,93
437618,93
437629,93
437638,93
437648,93
437658,93
437668,93
437678,93
437688,95
437699,95
437708,95
437719,95
437729,95
437738,93
437748,93
437759,93
437768,93
437779,93
437788,93
437799,93
437808,93
437818,93
437830,95
437839,95
437848,95
437858,95
437869,95
437878,95
